wind_speed,wind_direction
10.013762659195955,187.42371414066469
10.185692490913684,187.4965291169093
10.545000074563273,189.20275194181428
10.884855427607924,190.65608708448178
11.18453756331132,192.12651991877948
11.555289273455045,193.25656209587007
11.71315882975761,194.8627159651252
11.992284747261412,195.58341112373716
12.340658755096474,197.74306273958575
12.67055519262092,198.46248576014588
11.315990993011878,201.4928539523382
12.153181050332623,198.092377300795
12.743256949190139,194.58328826978558
13.180051954909601,191.63347700930888
13.566890819274903,189.18762789778805
13.828865424957133,186.43250832350267
14.235581206793752,184.99923901394567
14.332871216109849,185.24435177035082
14.342919564461171,185.524809946386
14.705544749623382,185.63764755147844
14.652724413039591,187.3062725100626
14.21257619099183,189.5019845469984
12.287174965932977,206.83434795274886
12.034749693459853,209.2120272726463
12.080757415577521,209.3863333285105
12.522091622754768,206.32356889835688
13.308924879743827,202.05874579845093
13.515117556633868,201.92208545243838
13.294535298750574,203.517400709989
13.285677276000685,204.6784362867117
13.053696057475982,206.92178011913603
12.940107523704624,209.05305544316028
13.770344842054246,208.52785388632194
14.063738348134077,207.01203693612982
14.166312203780391,205.09289902852478
14.210858854687038,207.06452774248248
14.515907387584054,208.4790961576655
14.60742218450248,209.50412664634393
14.382497734093368,210.94972391315957
14.519405944061047,213.10000443353331
14.695714319659533,214.2390275263111
14.94274566411906,213.71396982018913
14.832004006857739,214.69936017269362
14.94419358214116,215.25695123325283
14.914563514630691,215.7543703561689
14.990765429944531,216.23877676880667
13.509093923771767,221.32795400012444
13.806505053765417,218.49266955643026
14.071785069284315,217.71747767761374
13.931629676833827,216.15796322111953
13.697499540391485,213.8744541492824
13.499438656358198,211.88131490202244
13.30628788902217,211.2264482865295
12.978681279670674,211.83066025987307
12.55045246206813,212.73931606210718
12.122969992657069,213.5739786463997
11.662401165042644,213.82429842951169
11.507560823993769,213.31356488944996
10.66084436454735,214.2238706537877
11.155990920790227,213.9450437555601
11.68733318200324,216.66542706716373
11.565206357740408,221.23262539699488
11.342327648107672,222.1739317186728
11.528022279529747,224.5776392622375
11.532586192808923,226.6570914867187
11.593955148655096,223.7820094726106
11.19860084296074,223.64413760557207
9.914026964752916,231.25028812435767
9.243098744703808,249.86240921609388
9.612620285956599,265.6465101297324
9.940326309475589,273.75865389048766
9.950141054974667,266.93892623405304
10.45087724278551,255.80493226314917
11.003168706684374,248.18619706278326
10.931656779522958,247.2865339674658
10.587252170968409,248.8328400474146
10.281206119387452,252.00315489091236
9.85552481006877,253.74771155968648
9.706080084882043,255.28163902804476
9.511650102913043,256.8869142633777
9.070401801355239,259.76678620193485
8.643313764729886,263.2235015034956
8.162623651512042,271.06672813582117
7.756795516386815,265.74016731782433
8.063773217412553,263.5159546089061
8.151881288507228,264.7576441563967
7.992919233711405,266.50730783674135
7.648630418789853,266.9124292100086
7.281872279990892,267.5852315258631
7.057988235448935,267.5659901666779
6.768199783721325,267.8040492993624
6.5042575537226766,267.0003880268588
6.187637024868422,265.1399426584273
6.103571974700896,261.79784387611437
6.891591027803774,258.1549080913799
7.364855702178156,248.308322628548
8.008178125637682,246.39151329587932
8.291012613095338,247.4449526683311
8.427363191281852,247.70291485680977
8.376879971672208,243.68526254673202
8.801048904801647,235.57336500716414
9.319899676237174,228.52692327735795
9.850870266062799,222.82562125133256
10.328024383085687,219.16301102409298
10.439442791990768,217.504136284929
10.369041322483458,214.04923623976327
11.180884016616117,202.886526521422
11.532483036588081,199.67494563095772
11.585018711237153,199.41939366519347
11.624576866113665,200.52755147863712
11.446146290374765,201.1683704485347
11.106308916263854,201.52481534960012
10.796944631256027,200.5206853468141
10.600334271559056,198.1822759974806
10.602634545359876,196.446492870391
10.585839655118662,195.68009522077725
10.015827730212328,196.9667786816272
9.578718925240294,197.21815392208873
8.354645311464855,199.25891980117777
8.900685144151655,193.7163478063768
9.327442966412182,191.9775831828067
9.509964696524273,191.0621200327698
9.598860219693815,190.1690126289306
9.52579596712075,189.21487271977034
9.38722433355486,189.3153968616621
9.36794642526079,189.33918328039283
9.42331377191687,189.6951659141938
9.428850006527767,189.3285915046595
9.453442523550786,189.23186206975362
9.361207670639269,188.79648284836608
9.643088055811168,189.35515605325273
9.525493515612174,187.4499540235942
9.202070329765668,186.77478791685644
8.954172514436014,186.55621492574662
8.715895080116576,186.38570765223258
8.44428531003147,187.3422597610433
8.004018158766506,187.95627485397694
7.658741539630189,188.07640846223975
7.476812167349155,188.18827721587925
7.385827069662312,188.90052248430678
7.136459237206381,190.05182977055998
6.821010048405996,190.81076268693903
6.210630280909113,196.51866307121878
6.0529112327738535,195.8957763633936
6.00750853838853,194.80465742217362
5.957064184190082,194.00214350746046
5.619989878548627,191.64092055132457
5.512290732767832,187.700163538707
5.475937770629922,186.41366029754397
5.4262849678381855,188.12768712778538
5.221322217715141,189.19035266129484
5.053132075418869,188.19435531755536
4.839298105153118,188.4295895285404
4.537906988290025,184.90760405633407
3.495380628579654,186.52370672516787
3.163114209361657,172.7008973625691
3.0769508797753566,161.1271135560803
2.9393310656485228,152.46866335884374
2.8899754929518866,144.7621559752817
2.8745630724347935,138.33787031197323
3.239793273051046,134.78094478211688
3.7724771328212077,135.08095166268947
4.3700120399664915,144.82233422926413
4.050635496962719,152.42574027172247
3.711466954489693,161.02901461703232
3.4198234369256038,168.32532339545435
2.7692978195773112,153.25168975147994
3.427882182563667,155.6811298348623
3.907831495436354,153.8653732931466
4.001254201206842,155.3908033984576
3.8733274633049306,157.87287491813993
3.688080906439144,161.04023346332633
3.3804715639159726,164.63003904997686
2.720459684884209,160.0961058325015
2.3072308789491465,150.78551795064567
2.1969914997028845,138.52092087833546
2.116438257391545,123.82594502566167
2.2711564000097506,107.60545448706489
1.7694741945326278,82.1551929351167
2.852978246549167,61.796915711393126
3.1838329765194815,56.10651221116052
2.870997753331418,49.844342895158945
2.000040763819028,30.3694894368532
2.3215279086564347,0.396929051542088
3.474289507254776,5.624083579448495
5.6220152947214945,29.57119011715571
8.611861649372074,45.076450933413184
10.338783931499565,48.33228963482537
10.767930649418405,47.7283424075913
11.148797836440842,47.88960157100718
12.036268942184908,53.180962891583874
10.816806047965962,60.309563180550526
10.465221691726363,60.30997572018185
10.967168055266013,56.69161010638368
11.449411446526366,54.994994173275586
11.90974960333414,54.7572656144207
11.546865336612411,53.49975875414333
10.93161079325668,50.24824044727018
10.179381613474416,48.84304775303224
8.90193741278871,49.678035350485004
7.109957885299852,47.392466889742536
5.65458535376736,41.33176436211585
0.3164181768606135,73.09777027403788
2.41459652631415,294.567143327154
5.118924226087544,320.3769584893818
6.715622521083621,339.0106148927868
7.825280134948471,352.6372012291654
8.281219070039382,1.9240931570606676
8.873863975216258,5.50427374181163
9.616055767617317,4.221555370573185
10.131162558281305,4.93957676973929
9.947270208854789,5.528409373652437
9.874788143862972,1.602515047072643
10.02080700072657,357.22592470014575
8.190653078841956,352.40462325584286
8.529611416125173,350.3886860272171
8.797845680530632,358.16825220811216
8.358995628145928,6.438482455627707
7.1921773445111885,14.879666927283097
5.885691876527307,15.891530605577827
5.044930639112662,3.851100872947768
4.848627889122653,347.6251492461769
5.121740864832216,337.02395468653134
4.895129236715615,335.04058417336984
4.46996102142069,338.79780068875385
3.4724324947906617,345.9102037295243
1.6115761751675943,65.39464127688757
2.418885768650417,157.1668895198427
4.18925680687332,181.42676566152176
4.203553736793234,210.10475282497146
4.2485817400836305,253.3262604741467
5.821245137512112,285.1999277757277
7.9324267065435015,310.1925948697352
9.936005968692431,10.033077705047958
13.051651278381978,32.68645388866872
13.048091085965371,29.857290972796193
12.252045081187863,25.02461866068552
11.862908244491694,20.32748214229082
11.050855070077045,29.38777326555777
9.727368979233555,21.546189770817477
8.660675423368986,14.367599884028039
8.232082353903195,7.08868586146599
7.2857873059886895,1.3991706189400475
6.188833224539676,349.31578212732387
5.860766051754411,327.1286894534259
6.902600369819977,314.11618524089334
7.237403021585829,310.53114388556537
6.852925949167264,303.87267984656233
6.991265957746331,292.96943259063767
7.021085149424874,282.0512817848774
9.03189683224493,274.6656593971605
8.920471570535321,264.5281175196873
8.65033676977683,256.8025997115247
8.033341041752491,246.9371352017895
8.090367585169492,231.8833540268786
8.557459533593425,218.88106286514846
8.785209372948888,209.07034868910162
8.953833536001174,195.93321781369565
9.779313823781216,184.40959381614098
10.254026246847511,173.77773683968906
9.501672178181696,162.04221232731936
8.767808812200645,145.49528662179432
9.760329623271893,141.24722099556925
10.456993995475804,143.34359810224714
12.243465689863694,152.71516996436765
15.24209599516358,159.4105230187239
16.410441819237896,161.0133713170294
17.34350869276375,162.9717311581494
17.0739721645606,164.93442180269312
17.036974864863062,164.90193728083227
16.64002015006908,163.5210143964166
16.10524218430253,163.37877946432684
16.868211500151876,167.30916503162143
16.361683891040954,167.35638534813302
14.793430705413332,168.62690178060757
14.654266376250057,160.33606685574318
14.571919999307882,161.28560287235882
14.448507410204563,163.05504004887348
13.897733870058087,162.39274476507148
13.146126719814395,161.55350703960903
12.441574794545947,159.65093900311285
11.734195399285468,158.41508667532275
10.659170043249725,157.1481766927285
9.678439985711385,153.01448856621846
9.196942256033845,148.4871770343335
8.921854833515033,147.98742893570886
8.194224617385771,143.83900824930856
8.65501614895322,144.11587090123953
8.53611450414724,143.12033052084587
8.30818075243543,142.0434404605191
7.817713853732192,142.77771965692824
7.21642680580027,146.6448319431388
6.475913517354666,148.30080038271763
5.838687485124849,146.26885972397372
5.374997906824874,145.62561147140548
5.021381181897763,146.6279174461755
4.695111025502187,149.15532691922704
4.379883306928079,151.01158438842936
4.196751118286927,160.12312999791595
3.827718424869836,159.2224212756937
4.012008701492061,156.4309519103292
4.151022358287058,154.2921056337301
4.023268801911696,159.18806924951173
3.9488995003446195,167.3701430746312
3.7298532677628353,173.06250676798925
3.45916490616352,174.97924462057892
3.1736650589525697,173.5113836428891
3.234391645634245,174.21081638364558
3.317487363010233,172.44399976529508
3.7653961365968427,170.46530621209524
4.956914721706736,163.72965007694643
5.035386373939704,165.98228475548206
5.007513081825924,167.10492972805082
5.024569121820179,170.01954680927884
4.661658875160919,170.107320665609
4.292637247301724,170.26338824790105
4.041120808345608,176.35108914160287
3.7175566904362207,177.2196494935663
3.732925910952751,180.02997804594486
3.838502513773158,187.60564581543227
3.604617005620826,188.89985955425868
3.9551661956187125,192.15056621194938
5.737657289855769,196.87010389719828
6.380875506440891,204.34422530779827
6.650737221431107,210.34450148953988
7.515633289231858,218.31544811325904
8.324215142214317,223.78285318542305
8.745634088893162,227.2626972179352
9.024104160850335,229.8357675627066
9.141260736423888,230.56030952553905
8.622095708312742,231.3113240208257
7.3741255784153825,233.51126867676118
6.28806959631208,231.48172252836176
6.089441739626466,221.82364894064065
5.980474354971426,235.02078240860436
6.245669445044462,227.49905580849878
6.728450706950301,232.36473487039757
6.9008195971399875,243.33749728284286
7.207084540571917,257.1361214032797
7.91978107800454,267.0138144583539
8.444932172041945,274.7390965997895
8.596249475154407,278.3182892423677
9.151765274641063,276.9476840293717
9.499637146324307,276.32804687159665
9.577827217624764,276.0138838167548
9.6523301653547,273.97546627767724
9.244422851476523,271.2896936800393
9.221005237761434,276.29253118642055
8.880293770939055,278.1923378361288
8.748743541869882,277.1258962399909
9.137400332587527,275.6805275841285
9.489072889729076,276.86527278951985
9.652772874202274,276.062647601326
10.23849596519464,272.4070809376245
10.633268938325788,275.17082472759245
10.483496088823852,277.74496308101345
10.43311033731005,277.1326972986738
10.806651583990039,276.03240616889445
11.77068507589831,270.54273340996053
11.575911712199762,274.11205838867204
11.57577394223384,273.41221214198464
11.60763341122533,274.1927044971675
11.512888492814932,275.7007927016995
11.538144122088953,275.9149308987543
11.710021013272172,275.0236266765954
11.899567076862626,273.85664683197774
12.251705488067088,272.47127132368144
12.423066138107421,272.6215116976727
12.481908975155916,272.9991186382786
12.527338749788102,273.9209862202329
11.799557529662543,271.1793469371495
11.474784204426673,272.8397746488251
11.26582342690535,272.2534800954966
11.39976753480417,270.8752363736238
11.41377481421122,270.4408217448113
11.343145163077105,269.121550545585
11.650456661293761,268.5268540431074
11.974654333814994,268.1389511784144
12.19838492574184,268.4111483033707
12.182020604775122,267.92419460801545
11.989495150607583,267.5358846208944
11.95394389165668,266.35053051314924
13.123235343910597,255.13078567377028
13.834451691292331,258.96831550240483
13.355930626716196,259.0193392979717
13.186985380131501,258.02906972089954
13.211273635722577,256.056557231148
13.429257203743576,254.38737877487966
13.581094279705136,253.2430929799147
13.706127132032336,253.31931673261337
13.740986910332529,253.01492211712664
13.831320173792703,252.20659402594254
13.931697214962217,251.24464183748717
13.913567521726078,250.2487870273997
14.0142572418303,241.19473681290017
13.45927454814772,242.13214698239997
12.994258416631402,242.61722700429723
12.595180424400835,242.8387715862413
12.208605273557376,241.89156473513233
12.173703876147473,240.9507864677893
12.05830314138682,240.47318763527062
11.881762210508253,239.61049036985105
11.89005032200558,237.70395252293935
12.059328109526719,235.92059631885107
12.03807299175164,235.65937411055916
11.917686010658091,234.8777287251065
12.999850280271692,225.84102812844634
12.557409838045622,228.73998356625177
11.792693597267293,229.00437819276243
11.336907535586015,225.9424247774834
11.343471940350701,223.0762897189559
11.394608330692636,220.0498781042438
11.211964863027811,217.18220816144625
11.079946791415788,214.00021446686236
11.388387924218026,208.96670748465468
10.981274346576823,208.35738858866162
10.6232048486158,206.77833438891915
10.435191826078762,203.78032689619056
10.080027502784707,203.2391788575846
10.2379828878035,204.34290012554342
10.344982682365785,204.13228529854862
10.14938040347784,204.37225668135102
9.959050670218724,202.47345188617774
10.34875359609336,198.9656486433556
10.731368194102371,197.01683691854927
11.278899127242262,196.20557282028884
11.527029136169475,195.10295998765105
11.593458595502034,193.3420614745634
11.69888591521847,192.5562774230515
11.70101532637781,192.322580066802
11.295683330623246,193.69983293873517
11.823433070808589,193.2410116068371
11.611900220806517,192.39830052045983
11.467430715419763,190.36617009962475
11.35141655803249,187.27237986982783
11.147920812945028,184.51892404412695
11.165289334925818,181.44106490386582
10.93992584475442,178.28021065709072
10.772876168577135,175.59426134433897
10.555488699161232,173.39853608280373
10.33548151649916,171.53208284849893
9.980879704316601,169.80732986132034
8.918295930093372,168.62106748542124
9.508904439181963,163.55641559829473
9.663157927579755,162.0306041846427
9.696157849014732,163.89980105021107
9.62434242614096,165.28126531272517
9.594029742998782,165.5040015103133
9.53077043630136,164.8924324239257
9.511018077690826,164.88706364359336
9.502465565882414,165.453244166506
9.366593402679431,166.31161246614363
9.152468004197766,166.28715365562994
8.98130730273195,164.15233221603557
8.229606511570067,158.66080317808598
8.76987434256516,159.60693091219673
8.471398327275256,160.99033237045114
8.068691951820458,161.92581981605122
7.765060901290408,162.87991188657907
7.426515535610779,162.49922900806882
7.1117175895252265,158.7743702750147
6.946068693470728,154.25560462390638
6.93099597073377,154.97644747373147
6.686383789791143,156.51716300397936
6.2254160550279956,154.23905865623192
5.9206351876532,149.24007719282588
5.494293896494741,152.12617253667202
5.101541628226818,146.5143130768821
4.90293485730403,140.31577445418327
4.924145953503395,134.3194086408679
4.717323002983524,132.53224892166259
4.518162298479134,131.70357008394348
4.429028255800972,122.91734147610384
4.50857510532467,114.67378251286516
4.420095372697194,109.5987281656279
4.121598002234252,104.76309347743353
3.961818963587272,96.15513195409483
4.130867064586767,86.62871731594782
4.686950420486321,74.2036222639548
5.585829229408458,61.59094982791942
6.41339446918276,52.33752247737044
7.440768966779728,48.55580547489734
8.38649216049596,50.31906700809611
8.618420475057324,54.705929746081324
8.39242963542397,59.68906273895146
7.687354977866203,56.5118673106503
7.4594026856742515,47.89547723033559
8.394405444548035,38.25587282595518
9.950577856290215,28.40284012782564
11.156722597522759,21.257002227249302
11.74009842141033,22.065395245169498
12.437110147485912,16.3925672699433
12.67032149668415,11.967692834179104
12.467121397366153,10.467931269073745
11.94669546249506,10.145615198603195
12.08763199967436,9.82908779734197
11.876763461099157,14.550213069030121
10.472092033542586,19.477211681698634
9.082674157915287,21.105956363937537
7.612715525187243,23.543628106824485
5.8142285088121755,28.953508795178664
3.92956575741239,49.70568678719172
2.880644874719649,102.84443456433178
4.076567898985995,148.4757847963392
5.555844450118974,166.50506237627064
6.355434315909071,173.45475795984453
7.176133038390551,179.96917715241807
7.085160531082642,182.9969954547375
7.0750590615673055,179.9686132485657
6.893937818757144,176.35067452826434
6.768058082791247,174.07256958968935
6.509999930980971,172.0364412570534
6.360822604865506,171.6956577450253
6.169038310262568,173.69414468696937
6.300035316057463,179.18163769563864
5.799931139097711,182.5155534679288
5.408598929151893,182.80255880835048
4.909694832406314,180.5488169038949
4.621763649590337,182.90375177245497
4.382423905803709,189.55021643533473
4.117263120083662,196.92044689644686
3.651780786134043,204.1312356660314
3.3208437582241657,211.58313306322367
2.813572603785964,215.18953453501305
2.6501386895131733,209.5535070788428
3.2790465818530863,208.88591303205058
3.89242319063572,222.8875208562867
3.8731481027043686,232.30008404890916
4.178860403106747,245.3956437368679
4.277007837101237,258.3949365081775
3.3342414811553573,267.29852073441475
3.0414701881222204,271.93604255986895
2.907184353972613,274.850176167046
2.550948777594567,276.1782053770661
2.686936510123316,274.87904837777586
3.410376837467813,276.39211157751936
4.049469351416094,286.1243976571053
4.4772045331204655,296.4767644421993
5.512590181196553,318.1323673383677
5.385966167396516,328.91804283635753
4.551471063199485,344.1117793498336
3.7984357651604093,1.6182700452790186
3.463917618184214,358.8179655960378
3.782599509524314,4.38739565964994
3.9922374876418476,16.08397768940722
4.12677158507951,19.064633450637587
4.413697191719088,17.172560373531894
5.010664064974132,14.470174700763494
5.771146780727183,10.58741075406914
6.566306047658531,5.229832312033693
6.530854291911676,10.061246373383824
6.868220760712988,8.740839762978567
7.341697709772132,6.008812579097878
7.977321109505467,3.97508334567533
8.271109081713204,6.7671601676710225
8.55423454176281,12.461973154430893
8.758516530560792,16.270968666945976
9.048260395049827,19.780272487861907
9.366104014300623,26.19544414156121
9.607167508773164,31.9933156333405
9.632338116751612,33.40628720000399
9.54854681371078,28.650933178626133
9.898533181392144,34.87976682834454
9.62959574604957,31.393251531019303
9.33764165136622,22.38464257283664
9.546205465081064,16.42630309115964
9.694019985748133,17.206185698140985
9.4311061802034,19.154371351459815
9.318238735809123,21.557388524587736
9.106597138857865,21.61482834141634
8.827534924514916,18.779958113483758
8.577404565625635,14.732917001361443
8.56335010143639,10.914470826672812
8.718581761426439,9.422427716823336
7.911003782384176,17.599264119432462
8.113107175979975,18.228853368338775
8.533489489587554,16.648922450224973
8.97538787588031,17.61264095667252
9.452556070633383,17.228270388247722
10.181791918734012,16.1673223831192
10.70894779977725,15.546883574425863
10.892394133995385,14.503627319016175
10.650231716182443,14.6190231642355
10.597067122668404,16.86503183052588
10.237564697894287,18.828200960550987
9.95035289755048,19.87284225825249
9.837951593828627,32.755824824468505
9.119540483955317,27.605551592707968
8.919235128638473,18.406028214718162
9.102491300733718,13.74403329630428
9.2353119240854,13.868315476234898
8.944166545632068,17.43337434838452
8.70237374792809,21.63789328121311
8.436816896700593,24.621771122308417
7.936465573059412,26.542931906006004
7.431084439271736,28.6122441744119
7.066616467923758,28.296532606922483
6.7077240422358795,28.014839330908217
6.852750641696241,46.91022581153004
6.406147377937168,48.61886928601223
5.72229188663509,45.638057880312545
5.121709165014477,44.61459720146115
4.372491800083339,45.84281885116434
3.6644355385213654,44.72720717164697
3.1447976852223305,31.328774877185936
2.7387641416177573,16.81879514042771
2.7656093522890424,359.8122244238193
3.107007252135765,350.2737210103127
3.488607064806124,349.04634161196384
3.5811350825415493,347.46271876668646
2.7800230000420934,353.653383634363
3.0975447233923328,349.51950103022983
3.2275054515498405,344.4453670915864
3.4126425895773687,340.37173219781096
3.5092577402835374,334.2803949186425
3.5767208194470674,329.66496747126246
3.972355690611445,320.3477250057737
4.645998647603213,315.9643325445356
5.380305467635937,313.4269348262227
5.928926802319766,311.2393726288908
6.50483356265731,310.12453163254787
6.9459020588868805,310.5342608239804
6.422709321072213,309.63274962355547
7.107942710373725,309.41288285929903
8.091584837943993,308.4337135175243
8.720312085055232,311.0405226631832
8.735929739764012,310.70805251671874
8.907942142055502,308.5523935596357
9.064441055269755,306.7639559920554
9.417442248428879,303.50553282846533
9.81778883159356,301.0050821795551
10.2712245505204,298.42561603264227
10.686250809653,297.45460168505076
11.085191152993922,297.08769940292245
10.682797443552909,297.9908510759903
11.493331627593703,296.51324081079775
11.849749849404091,295.9132211315887
12.06012481022191,296.4742120566066
12.126283331799579,296.39000493901193
12.265205680672665,296.7948881060967
12.573312110938858,296.8529727039729
12.61683619294869,295.1926045270855
12.798445440826201,294.2272940010344
12.792449233914164,293.60432577870006
12.660435852579484,290.99422941023477
13.02533914575682,290.7238770754094
12.877858779372573,290.0202686685639
13.554434207124286,291.73497126585954
13.471585806300794,294.1407240603425
12.883669423536796,297.82295111555476
12.080165878202967,299.67621023151275
11.426476921609783,300.1242246712386
11.110222301712643,298.34524160446466
10.910696944411251,297.8557506424281
10.5753256477813,296.8932847311521
10.411993717993099,296.09092352382714
10.51204668787054,295.4798579298009
10.800916415417444,295.60077022830615
10.766149892630013,291.2242512072301
11.421202003038319,293.1376799531425
11.585944433060474,293.9541081320086
11.920303025042516,292.52796741748676
12.266614595269756,291.5989952190851
12.175556981923496,291.5741067459724
12.03064054757012,291.0725140298068
12.265428299600803,291.20002888142153
12.376125543436968,292.17301143149683
12.181816785811991,293.83142655295126
11.920182641738087,294.8673675514428
11.628807121817612,294.6540974723656
11.323748495718469,288.18213260399455
12.547058288520173,287.5120864968516
12.922712792940272,289.57078094053975
12.691651727137389,290.826692338062
12.282038581024326,290.61233157669517
12.136356863136358,291.18202075925865
11.941091935751084,291.9825179080141
11.758800136468485,291.487781700523
11.655951461311524,289.223343072473
11.5789026140038,286.13693532152314
11.784019007890626,283.706738138232
11.995222939038399,283.0284046994538
11.286147228789869,287.1345600217869
11.67695953819925,284.3487772907185
11.720662805955739,283.1074581873448
11.66939995379378,278.82506936828565
11.841629326944867,274.23207544541316
12.061781549877892,272.70669392420535
12.051059950695965,270.2458614028797
12.175538810623477,270.1309723803728
12.12919525121058,267.8979116141145
12.031093356818051,267.77073878294544
11.902902322652288,268.7569137008823
11.93049323859282,267.4146905222059
11.56347342221351,266.9509721002636
11.887042978016563,268.55934371364185
11.620442781493153,269.61321383616144
10.924699824021372,273.5516844931384
10.20899915656246,280.9917050048446
9.628337778888342,286.399599182586
9.341205691901054,290.67908199976
9.142501560435608,294.5822226279137
8.752735179253794,296.80917266287133
8.269110940703813,297.1582189007573
8.060151055172115,298.0990611094724
7.8931318018982415,300.06779085014426
7.273943080425258,298.80720824550394
7.200908373715402,304.0423918894434
7.065201503111139,307.9603311502679
6.58447190636319,310.749675492121
6.40356885434677,313.98608666278824
6.310147745747024,314.02614149076186
6.089328998030325,318.6288758148385
5.829026748948909,329.006868838733
5.257070525459022,340.53150565678953
4.674464088896443,347.27467968366767
4.3027144809629565,351.6492675323615
3.918153013220662,1.1974119301842734
1.8409421296587518,40.83772793280957
1.4480957039959237,52.96347104853396
1.5164390435028554,72.81198830028086
2.0529259556500237,84.71222750178276
3.107463229199962,97.17045144162262
4.306100771532502,108.02924364455231
6.002992656450967,112.15436796069139
7.590447201096184,114.07350740136974
7.1883158897510535,109.42489581015184
6.640412390063112,94.66889108678731
7.470140662634616,76.00579483745963
8.974255540035381,62.06502313232272
10.119055124329,51.22018399113506
10.968282514858286,49.6180872867709
10.848620146681235,48.514244250500894
10.752106993827317,45.62194134580574
10.440180403526186,41.512667322607
10.220589830896111,33.279370923670854
10.121829551862033,20.280867903885337
9.960134309419388,4.7526566144774165
10.477468701587828,353.7139538299508
10.937837827857622,354.14290579237843
10.952040533508674,0.41590025913694717
11.185107461753843,10.820960151953159
10.226613021360347,12.058496140881005
10.238930907353806,9.068092100232946
10.137694818492662,8.783128416073737
10.154356026520295,11.831385420414051
10.34747158428149,17.655792495968512
10.440909067033504,16.496940412493245
10.483268661440716,13.16100692782993
10.495976004704278,11.42843128132995
10.439306325339743,5.188621082910402
10.235022140589143,7.89597846524174
10.134345841782856,15.85946122884701
10.89857732616022,12.715215515096588
11.555592975671386,13.393903280719428
11.49978178704392,8.013760378042036
11.387250171129741,359.11604618014707
11.027109847768873,358.0896351705049
10.784618124163991,0.26816680315374697
10.5547730231921,4.45467413806
10.854606130183694,11.025985785600028
11.522177701386184,13.539436087754495
11.956948416837937,15.363707086355987
12.102472355157289,12.970836010590176
12.027032827744515,11.428756270326744
11.865176477931298,10.467729253697485
11.774252953166247,13.055814816287068
11.882721405315408,8.299641752902119
11.66155644528373,2.4503091099728067
12.098083583226085,0.006720615913422989
12.393665893003872,358.9162812725822
12.522608295586709,358.62395642083453
12.497254489820524,359.77956651866907
12.849603007176714,1.6030536901346863
13.247881755173704,2.7805080280359107
13.540892892917633,4.1134009798180955
13.806507407540677,5.532033380439259
13.726062110930915,6.38692434543816
13.647914163421756,5.7922894562019
13.288156428299903,2.8572469181058295
12.887439389895881,1.0215658757214783
13.056932554833935,2.849628851419027
13.267893774702834,7.227939846295442
13.544253148174311,10.680398393636608
12.568614357600445,9.766541915776031
12.116931979430396,8.732519596761904
11.602752166562325,7.518251475437069
12.057189660035355,9.546516955843572
11.884941712857126,10.76430177340626
11.811869605743071,12.466229058078284
10.991872537341942,13.966584314212128
10.620444817031817,8.557308348711388
10.573600554153613,5.661797288509945
10.105782757416302,3.873030881488603
10.034552447189238,1.7145348651103518
10.294079539483166,0.08943010339845614
9.998310448751614,358.0351609976049
9.679740123870458,354.5293806578349
9.551447897413993,348.66958526006283
9.686478681970863,343.9247012384249
9.733091304805223,341.77365629672016
9.957057599641889,340.6988607588068
10.721758094921102,345.00929306360837
10.953978468392702,346.43898533130675
10.789671662531536,344.69905731223747
11.273205917643567,350.63744328005856
11.486548945616098,356.81543285933026
11.148620757946006,3.1530174278101413
10.506948551014322,2.556587933108858
10.100102058985623,357.0632937244092
10.03046653332735,350.8779538991894
9.72374211558715,349.9042333606045
9.462709505649597,353.98421891288683
9.204962426776236,348.717895534602
6.809879079484107,351.048023210309
7.722707906925853,334.6134928326689
10.111999747933167,322.28305876840307
10.831753537272023,322.89454995389167
10.47597115693915,323.9474635135324
10.458373085554381,324.35475611982804
10.578711137128426,321.82955923727815
11.083694493072246,318.1334671066155
11.36068375251372,316.5408553847227
11.294635857708075,315.65452225521926
11.57918925841775,315.325030525944
12.042356431469466,317.4490827978058
12.529115473375006,323.3110383974807
12.779153084115904,325.5287310307423
13.327972412407599,322.1021421148382
13.4134681642667,323.14672152302023
13.178892977000762,322.1074976908729
13.062463395784809,319.9310976888385
13.130434631459844,318.2152699375583
13.17168006624008,314.2915146658563
13.46735672819403,311.59443530565625
13.663556114194284,310.24724608942574
13.464513716859328,309.8535647491384
12.943371917373925,310.9098873099174
12.483802702728404,317.35776846556166
12.283664545312602,319.854191392439
12.247283099775146,323.20936661720594
11.663687287174012,324.7439256460757
11.63768390005435,320.0462646044893
12.215016900354456,320.1594414983916
12.535442366526144,321.7803455567056
12.106375341181902,323.9855223359406
11.880507091537297,322.8783426742922
12.107999228490344,323.829111781197
11.82683082807939,322.03412554760206
11.480179510212244,315.6424328283787
10.85152556984941,307.66335387349346
11.59043455037062,311.47139842651995
12.128835610610205,313.67284596945893
12.213805920770193,313.21103419614474
12.299098002808579,315.8408906697119
11.831586406015031,323.30547955637513
11.308400117689901,331.48221354891047
10.755886785846076,337.72844501640645
11.509913826295696,346.766464507849
13.914504606026188,24.449731059376404
17.300577597587573,47.47884316231176
14.643779474407998,48.94526608145361
12.72418650900536,52.94181131885978
9.38185993361454,43.62712163938659
6.658538113672078,10.940340241238403
7.87054806403889,342.3000628060823
9.175483122346963,333.83294495732474
10.444844173141465,356.44486400715033
11.76084812598025,22.285037881893004
11.530125604922546,17.562196818667417
11.235561909726487,6.949553371646516
11.252816275658864,1.0231925511190525
11.035014280552742,357.60500225118136
10.776148691596095,354.6307791638262
8.76999853792289,337.61427923495125
9.014983568773388,328.01594715759484
9.41558913950237,314.6911474641838
9.853617999465982,304.49189570257
10.59788691902268,296.3972999196954
11.10316602374726,294.95585770481466
11.730363127807756,293.8765991404847
12.222867928947977,292.4484543517563
12.533268442425864,295.07488757170756
12.116317408216409,299.1493913720925
10.698683988740644,307.69994345915046
8.3080578679353,316.2236080200301
4.753442166366689,335.2960750261005
4.16601217700278,340.54434230662605
4.67907338583423,342.15461971812414
4.508789510118575,345.5659418517543
4.5855985030657544,344.537182675531
3.3413054803909445,328.856077377069
2.0517616909755114,308.70885188442236
1.01752130149446,314.21683892011237
1.0932399675782072,65.47569818758734
3.510133495927105,80.16006453648038
6.001752143948573,81.5867414013627
7.335405068103529,85.27303910271604
6.9548143302953385,87.54684565126848
9.878807459912217,83.64558845346124
14.908961798474056,85.21614868651284
14.473895899754849,83.26942812194227
14.713963045829122,77.31232955443181
14.313052606815182,75.85879571716941
14.50760582193113,75.95932834134294
13.301790826797355,74.91891101927138
12.473599032286783,75.42615100529702
12.201918938395059,74.79238967589487
11.876737501366941,73.1696262341859
11.970819291097692,74.86352832589307
9.967369263212635,73.18614473895929
10.559811112439668,78.35237282421105
11.296800098321006,84.30895066887228
11.166875356767383,82.77963305550315
11.083711333393163,75.91240920595652
11.512004503108265,68.03965687397016
11.94626400653457,60.862806757500834
11.83632740916433,56.38030174586436
12.127602026357566,56.00586594678708
12.753908668017228,57.48476533589155
12.975991938096486,57.594352722422514
13.140793172782777,57.59080902827492
11.82255231168564,60.86927474105471
12.567609195981587,55.32784680156777
13.706893857814944,52.87974042866318
14.416117577962002,55.1135975332848
14.645895215850926,57.170710188772375
14.561837803729693,58.97775929373853
13.926964997699436,62.10168813374975
13.309123465810211,64.96817355979715
12.842288114646859,68.75303352554727
12.194641570861641,74.46947304464305
11.484180481491503,80.80493084079438
10.718363927931422,86.474001144461
9.486755319317401,100.73663643253775
8.846034975098734,114.10769291515118
9.206852131850049,135.10897705330933
9.767063924628857,149.02400890566207
9.69176960193835,154.3122938926665
9.536587427034961,154.66818643438285
9.541210291538189,154.60406039673194
9.438657876889277,153.98104225368365
9.13641144217472,151.90432752625816
8.478419990734007,148.63813061757594
7.940904554821704,144.51725425455845
7.300660966883693,135.7510219215688
7.72521304527608,121.35486141330574
7.802031237092857,123.97984577286331
7.290518142197271,128.04220298168332
6.955247713357143,130.03727747781062
6.739667458418076,129.37655977590668
6.680431731915087,129.4666613870362
6.747172299340183,127.26440512205579
7.140720192264846,125.35470189669104
7.8596085631677575,124.1720286858311
8.84204494120788,125.91629560470113
9.324374281582582,126.41331441320892
9.19885227357957,128.35748684296698
8.998132035028107,115.97523047863746
9.610805065513503,110.51180770337521
9.55967339562231,111.51002348664247
9.196034582629103,114.80463527858456
9.241000329588188,115.22659285436993
8.275432075078713,118.06264304312259
5.632379850785873,124.70594162095733
4.257286490771422,103.23224169232049
4.009796827832931,81.75217196422699
3.8810238866513624,61.38299614516791
3.51751166939297,38.57646947046044
3.3779887963377506,355.97189634768694
3.762741116022368,338.1387908222381
5.3190236032001215,322.36679867685035
7.276551936477881,303.5792014849869
9.289509865089995,292.9430577182544
11.378491364546464,285.05826893857005
12.445225712623426,284.633295888518
12.0422955106747,284.17809330633946
12.280408140191605,277.6915041623913
12.782815134237076,278.826817670519
12.868791482667996,280.4924816850817
12.667583857139324,278.9897843922067
12.837530572500812,279.83982956906704
12.375513823869133,273.9315645951575
11.827505031033564,278.33246285363725
11.484898712328375,278.52460379207156
11.861317413537336,273.53532270345966
12.993775427468968,264.45757706063364
13.704922625294632,258.0043806109013
13.218208797223777,254.08571195971874
12.337878270602284,250.41811316431992
11.30550528311226,245.5708990118764
10.695947184604847,237.45625017332878
11.429035816633814,223.7962443733436
12.378835944237396,211.93356786870405
12.147834951117874,204.21782371739044
12.272287475209186,195.00154077205934
11.977735133410013,190.00896052114427
11.244936046630867,186.5580732414738
10.724555378434506,182.88767740314287
10.598060087000462,178.85583055209395
10.59480935150204,175.4445728961407
10.68224326749631,173.98949920988116
10.746335458901392,173.43087442149192
10.750091641320163,172.7356076946727
10.686614363685226,169.56015818858907
10.837660942246666,167.41899082158898
10.698800488761828,172.2529374445329
10.284562773985684,170.4453161197248
10.109547410418534,170.6080524910601
9.676625088467778,169.65174253553948
9.415567553890883,168.64434203991345
9.151423590477018,167.16357339581077
9.043704613346106,165.01050839608342
8.916445182765832,164.71400023412912
8.749818456400224,165.0607241123472
8.59957728358169,165.1546338135389
8.13475625652855,166.89693338956658
7.521641154180925,167.85197176152383
6.866859159233109,170.6104538333916
6.807140101417736,165.49744106644448
6.975080526839931,160.3864606277757
7.109047740094737,160.5061490075866
7.306644279864612,159.58941838273097
7.399023053552658,161.15148829013992
7.069420244189608,165.1532313282255
6.901647599200067,163.8541371500952
7.1670300278068,161.57156997303662
7.41423109900781,163.30039455324368
7.5492447429994884,168.25676682587732
7.566630734025009,172.06604478819895
7.533083784233474,181.72288793866497
7.591686710913802,177.90740976609902
7.829078761334816,174.168191886562
7.955542468860615,171.43366447845585
8.194429485005653,171.4250312397494
8.501756223131416,175.25065416156667
8.732583764402252,176.27419126914015
9.0757406397592,178.7625475845074
9.34601586405121,186.19560947023146
9.227216031359946,194.46902779985342
8.903147333290303,198.31238366514117
8.676949824449688,199.72021874057202
8.279362861276029,199.05114774048994
8.585249034280752,199.98253201187637
8.657678206302196,201.83891354710283
8.76744580078804,204.81777769018157
8.812383097249572,208.87526857583225
8.823867103390686,213.46107797451404
8.68093591620172,217.30795352507678
8.457924474240077,219.7030820369596
8.145933448513805,220.93470879386624
7.896860975388639,222.11118966485614
7.577638946389299,222.35188788054396
7.325608470525742,222.09198479723898
8.135699193405076,221.420485374605
7.3902303944903505,222.8603026837441
6.496431494492323,221.6601948108695
5.8954724099336175,216.26843544322955
5.734789323732499,210.89345201834996
5.485661649656949,204.83362197535388
5.552071303473302,197.9167226207479
5.686218440129086,189.41796176516678
5.820790923466636,179.5779431566341
6.173490160041021,170.24244370764006
6.802183104894799,170.58042315586317
7.0672453736905325,170.83952460189926
7.0722132504768975,166.01835354986179
7.498430906959652,164.14039844402737
7.895657667169215,164.9005743894627
7.775502558907752,164.2299467359294
7.913616627151662,161.4117539140799
8.245519821568967,160.35911322750485
8.466478182219234,162.0209424885552
8.54804720033241,163.3753452675262
8.738135006738373,164.46598042646065
8.722269579179677,165.9198277078159
8.636857271713248,169.9988920672008
8.41998807336421,175.14075751777227
7.546807528487522,179.303171724682
8.294958795537598,179.27569214771142
7.986989645452167,177.89754777878966
8.036569610356333,177.49419187544288
8.132293546272052,181.5657938145291
8.034551869558626,185.527459623552
8.19029687056362,188.65490226512597
8.191249819773775,192.9057466953643
8.149701250317777,198.22092456463656
7.965962345441857,202.57561008251247
7.621356447560092,205.41224063307018
7.44950112228783,206.87402821790306
7.614749206192217,215.04756976677493
7.577528618660902,219.4944644980858
7.580963769521705,222.28080273631576
7.540228731517699,224.28308915843053
7.370577678334989,225.34128432795134
7.430605817694695,225.2106545901308
7.639100390461649,226.034203532799
7.53075087734438,228.439577774894
7.437662165880949,230.65149262569756
7.1896848577094925,232.209771896824
6.9521776350562305,231.63690643496264
6.846161151182701,228.97478788470977
8.179459375969019,224.8436248334211
8.544314139895826,218.99574002786412
8.604789680711445,217.0331311067779
8.444596272692081,214.12092148111705
8.467029525670634,211.63864560951353
8.473408814059779,210.03412005775257
8.202611725118546,207.73112887819948
8.183514447926436,204.26000709372255
8.494551442331137,199.53003743076655
8.895681146641476,195.54420711183897
9.173076172203933,192.97534333939547
9.443253633493745,191.38707975091506
8.760274238031045,193.04953727787816
9.520041369993772,190.71407444715473
9.729544092430643,192.96793212902548
9.598681872289456,197.3269609880306
9.373899123745796,202.18890756133365
8.92799956447714,205.41308973037152
8.397636573023167,206.01141322255373
7.834333881422206,205.2262421748782
7.3269812677440775,203.88951913692281
6.766635819341488,204.2897316303298
6.126853838780055,204.51935715437506
5.7598297795746225,202.4382578247663
4.143711797099818,210.91071109531632
4.345805157350279,188.4005240372539
5.301597125706611,178.46635765730048
5.405688927357993,178.87557812548994
4.7194911900244225,182.02719324946096
3.884021083590678,184.8866037144785
3.8421671186129083,181.76352125861547
4.079770736250868,175.52015262718737
4.293099023498251,171.79136127324193
4.008947140556148,172.1303503945594
3.3728128634850187,173.93641143546836
2.6195256573333356,170.73992169738085
2.2580562034114298,147.89747368850567
2.6982406885974366,150.08375375194237
2.6845415456920256,151.09994724770115
2.09593025763611,138.60225757319222
1.565430569252083,130.61819728038427
1.064565773225884,107.79347813408322
0.7606805774304705,64.75036687337183
0.9261974945713997,27.21431313587516
1.2987168406435534,18.42217590178211
1.5430408922576777,27.767197790192256
1.732887774956301,39.926173410582635
1.8997414252727185,50.2925354610926
2.034306720832515,79.05678508052824
1.8007855660361893,81.90374642792341
1.5103977761128027,73.82474478653637
1.523593850202176,60.58607584482297
1.6840463391662475,51.918848068441264
1.8247464068785695,45.709435477654836
1.9575652106610089,43.68394714114862
2.074443140188212,48.39957072020252
2.007392614922656,51.09866149509105
1.8716522671154088,46.15578196142383
1.9301842725922855,41.091162661504995
2.0569262709041616,37.1756678562071
1.9565271084297733,42.08489519051949
2.084667999402735,34.197320634232995
2.0363019261686346,34.64415853108477
2.127453646228141,32.887768220969235
1.94784684845985,32.23032489191195
1.3737833268660706,25.69413164192804
0.9313697617464299,346.42478299161047
1.5161785286182163,310.3160322442016
2.5638601167800887,301.9410079582105
3.5760031276667528,300.94589472588945
4.46173190903475,299.98053611760207
5.194247022686165,295.79755157832074
5.452281570194045,281.3473234510937
6.258061652867009,284.8304121212533
6.332418322693377,288.28410679981135
6.02383517517642,290.489899148178
5.791402144630491,289.7218187788286
5.634211147490673,286.8161835194826
5.832354176043486,284.10637391824025
6.263015596319882,281.92566168081396
6.772953767774811,281.56548827801777
7.01455673680277,282.3535386213001
7.18508662083728,283.80688235510905
7.108567089738055,285.5049071865008
6.4541630442972195,268.56291715394747
7.146056524639855,271.6015454876784
7.287784685703674,274.34117325020173
6.825847700982027,278.9534228685517
6.098206488783489,283.4092069175599
5.428002545257223,283.95123943364104
5.173868130465968,281.18605811417893
5.03196920366357,275.72371457108136
5.149353785751314,273.1843601943927
5.382456180000842,272.4621990601798
5.358291705973657,272.3487076022854
5.105537315637327,274.00596145841274
4.944556695745904,257.62538505507035
4.610319308198248,262.1035901811593
4.155613173218244,263.6378297874082
3.569264375424942,253.26394485118323
3.7490050717570202,241.71589138906228
4.255885365984213,244.24286878161593
3.8147201960591866,248.95495347627485
3.31174721552176,244.6223567399546
3.0181050898922077,243.83952373749923
2.782345007916624,247.22353461833077
2.254626090134406,261.65844140195225
1.6258858145500932,289.56477193056844
0.29422915799238747,343.9072613124992
1.465174547334699,83.70652728649992
3.719644518373267,92.55125901550258
6.568363808525607,107.62619266119458
8.718824248641404,118.91362662261463
9.484646031422173,124.47136586205585
8.92660987699363,122.6687775151969
8.27296038979483,118.6125683252069
8.011146874849958,112.01855078130967
7.8910956433624655,110.58896948125022
7.416093099137932,112.49104110893029
6.865377033404002,114.82934996826225
6.4419062595939725,117.86236714272786
5.890192478082316,119.00287748117682
4.8544374627360725,117.55688595340968
3.6679763874701554,121.07199892540427
2.4013670502844935,122.6079584350826
1.808765605228049,89.46009170312362
2.635341376041892,54.74658419956177
2.9646877358557697,33.08408584088096
3.8248382092106654,16.491277048916345
4.897575181875902,11.603375798333843
5.5573856738186045,11.142775507371823
5.466864173396706,6.792052167998406
4.4677291548874365,24.044924452398504
3.933683877706993,6.685349046502438
4.864268261804303,341.71987307350497
6.287378367606681,329.8849412011985
7.447121885412797,326.46964017186866
7.58929889978484,323.43166638133977
7.521036061460139,317.687888136465
7.476322163461524,311.50362286582185
7.721846405079193,303.30881968342317
8.325743847217847,297.73896293304654
8.582674874286221,297.3415579344529
8.679009471551513,295.46213189976027
7.443456197959023,295.85807173155405
7.3517326871438335,301.6371380565692
7.050998072200621,311.26519385156683
6.7305283658218364,318.0681504862107
6.445183195356436,319.4265261090078
6.358720297564966,317.52300708298355
6.363642588047168,315.0732474265678
6.0421048140191385,316.7519065470546
5.693205241547349,316.0703872546236
5.904867289504926,310.61862382281925
6.325750025379401,311.01067705013116
6.389003409330833,310.5289382019744
5.4988412775345,307.03299080577887
5.249471080856662,317.9687422742971
5.244613881815348,330.9751061624757
5.08615637481247,337.0098929993271
4.681868771554128,340.87343409133035
4.339943402551237,344.30206416315843
4.086074122041015,345.02366555994377
3.978011746321856,342.22808329436236
4.071296414393442,337.9988916827024
3.899756764056811,331.16390579632747
3.7484827166785926,321.8369572844658
3.7402611288375573,318.1851392055917
2.6632979981344818,316.57720548839734
2.180175900402213,316.70866756696336
1.6204287444760823,305.9455414019389
1.685997008743028,270.2986828952447
2.4623762944451073,252.63701646185766
3.469919007632647,254.82480935020607
4.5065698735586786,259.0721291947588
5.22264135329808,264.5486375224342
5.520436276060335,276.37242418457424
5.251596810484872,295.07424035125416
4.511768237117067,313.4588984322869
3.717316133544637,329.032250696883
2.9509467698916967,318.91844970543775
2.6863545878632515,303.2847855850018
3.132045289908511,294.62102678734493
3.395895011978918,296.9707860969645
3.3260715291780634,298.3111877839897
3.2021787814979614,292.8544329292632
3.091807820871213,287.7007081521748
2.9516389540587182,285.21519049079365
2.531650080397755,279.89527383299
2.1915749544633303,261.25929688002833
2.5810861799949727,238.12692472029823
3.5001587605201054,233.1150666590338
4.706788880585452,237.64999866668578
4.794624648219578,240.14291669926175
4.822023992613181,241.95534933480542
4.945000209825729,241.84234812354117
5.081000028811435,242.02408319983584
5.256485964795668,243.0436266397242
5.232713143329949,245.10889208714676
5.379765704114963,249.23484478350173
5.144950734167455,253.04810247337412
5.015261381796023,255.97986483367387
4.990256855179399,259.09608452239576
4.687759199727808,261.05783698686207
5.2609430602782,254.60254181980878
5.296996839623555,258.3405150497811
5.300584477471224,263.01925347710437
5.421252329690725,268.0244213696386
5.534696923440603,270.4441897430871
5.662516742412656,272.24841368492855
5.613600369693386,272.3708892748809
5.7109623824662545,267.99723687078745
6.759554740500786,259.48780339659174
8.394758284639277,254.59622536982852
8.832547073131261,257.5115608390433
8.221517448133865,267.83006859388576
7.266141391339192,259.3694573148431
7.416776981643304,259.17403845847696
7.050066250116659,267.29152596999756
6.348065886233782,272.86179990609816
6.085934753802482,275.3796700201351
6.4645012023599415,280.128651213553
6.986954510974435,285.8297393470519
7.4224851278851,290.15647424593305
7.952839785440623,292.5308717551951
8.067154442618124,291.18722032216544
8.223788314314916,291.54909662277606
8.22495203123745,293.4440409372435
7.794688216101646,295.11933213129987
7.866274829766806,294.2203211483777
8.146395747909335,295.4504035499086
8.467447681242357,296.24159522498337
8.565603499859206,296.19047978451465
8.901467349154535,297.29990993519505
9.097895028470198,297.5876974590054
9.578676846218636,297.20129576956197
10.26370070957771,297.5561484438019
10.491070216637533,298.69922089605427
10.405112388948394,298.3928705371214
10.216878763474718,296.1430250840384
9.200340348909817,289.1849781762002
10.01961875347186,287.7813503026126
10.312834704259796,288.5826076864473
10.413801477951587,290.94321735216454
10.117891877080437,291.8256063829126
10.04633003778977,291.26644782942157
10.710173516109391,292.8911520413917
10.74084198615197,295.4488017279216
10.337546582128082,296.3844147238657
9.95636438232596,295.0635225049075
9.593670976765473,293.6033043708305
9.563308528521715,289.6946192259497
9.695263270690784,285.86197276141877
10.130928584125233,286.42060645140845
10.168028337282847,289.08591397428376
10.300490348420228,292.5703370452841
9.956299392360615,297.2341071145245
9.886594137347014,296.98927367090295
9.754794175062315,295.61300158751067
9.480268732844443,296.2314457341763
9.059234393017823,297.6635466880087
8.81287481265953,299.7314813342113
8.410930722732473,301.4829344108487
8.203357470700821,304.65394971317767
6.751251483683997,295.1161542409162
6.73402617012146,299.9257358554684
6.166175329917885,301.71841695061715
6.00200220864126,301.54419591867713
6.156930409680398,300.18458237785865
6.458031105359602,300.1032617168512
6.825558136080985,301.0166308417295
6.957212647466232,305.9744636654045
6.985637709830524,313.46220421106483
6.683579321512688,322.512309733855
6.031382262639744,330.9613754909396
5.103372974060635,334.4368628653497
3.2116225407273875,322.9632333456557
3.3615511039854877,312.2341326773447
3.627053642488487,310.144808764283
3.680793343361886,310.6473585467167
3.6309631207277073,311.60222429957327
3.917703326985039,309.1326757569053
4.502306946104608,311.74943625016374
4.697637010379909,318.5953705460248
4.4372876620658985,325.102453250015
3.8585201650712153,330.91467307418884
3.069381477940733,337.4249637154101
2.203151954810292,344.60350883440526
1.5685153763186925,117.67162728804385
2.342789184051318,138.92447932514108
2.0197632999825474,166.4022732895097
2.1554789279038014,217.37406515749043
2.7310530139045803,258.72836306944714
2.870745479299335,286.45558716621537
2.7071502815811854,308.60987653726244
2.35155863550361,320.9112810977266
2.1450272100541055,322.7142060678356
2.330766637021536,317.9273336502765
2.8266398145843943,320.1372438411394
3.1108583132644534,329.18358250568826
1.7670887221119969,339.87761717443266
1.4523295286136186,7.051246682921374
1.3022004725816565,22.825514267564188
1.2386156969955533,18.240535985703275
1.2601397324727326,348.56067238819566
2.536151858096301,320.4674165005679
4.4012923536339015,319.7570273734238
5.468761146837818,326.4732753225932
5.817507437947307,333.5501426300164
5.799290043321682,339.14447582135784
5.474129430497602,347.7070606210673
5.168909181954666,352.3035449559142
2.0916198713370697,14.747008908951841
1.6930765816770774,357.2968014459555
2.278355535499517,347.8014979287781
2.8606335743594697,351.08368168826786
3.3004863818804164,348.73708145871205
4.067147773157987,337.4842244215647
5.241120688102468,330.0787567383892
6.084563610140471,329.2381602153514
6.427658744964671,327.81839033703045
6.879073542812678,325.061683151825
7.383903022251173,326.2106619305887
7.504775184528316,326.3938729008002
6.254924047337506,323.8290370246506
6.252786198040117,325.22851333454327
6.219879110635911,327.1977170173871
6.39175041738566,326.08660207308424
7.029451024026325,321.9744624089541
7.8771306734136,319.889199712689
8.548655217452366,319.4761663038247
8.81386088433894,319.38518165322506
8.766633597046095,317.5463660260105
8.933373442015696,313.53395545169064
9.223207664468736,309.9551787881066
9.58210901517853,308.30330649001365
9.57271980274185,307.033705509567
9.418632902040402,310.3820625377484
9.381742983467086,308.7037750268257
9.5652001850929,305.7359629795294
9.758725461925291,303.05751913685236
9.809688100637704,304.33895788009147
9.696388938041677,306.11091172731835
9.727897856540832,305.8413852081909
9.857652174557392,303.3619048857652
10.1292906388723,300.10743399844426
10.256475214221794,297.9051483307136
10.29551360807101,296.2286961873258
9.771815572438983,295.6727216105366
9.640386912680126,297.910928932182
9.439236339892599,300.18284976010614
9.1007712295075,304.3829778103973
8.632225616065535,309.12298651917774
8.302098383667884,311.8207391759646
8.092186816329008,313.21177250424034
8.074033663274696,312.1129214993503
8.380644892725414,313.86991989147987
8.632973629528529,313.1850540316415
9.228609682460368,311.87846243334707
9.753450684161718,310.3940413537008
9.444819159784757,309.2595389041438
9.246634243886312,311.86366358432076
8.939292131344908,311.1573490192645
8.90369647331993,309.14324610714567
9.166902396717012,307.46060382277346
9.628462204255374,307.3385584217345
9.952252442078562,306.7076106742147
10.254355202956157,304.7851224733646
10.552067780034264,302.23491973875457
10.904980594057871,300.65012151630685
11.016319379118645,300.9241364411975
11.066259059064889,301.26642604812093
10.525385341412791,303.8968048285385
10.862757724055204,306.21245077960606
10.769086588512664,307.4162184119564
11.15566814339437,307.6461245913966
11.403793619946127,309.35243640544263
11.323262490757056,311.2495663327277
11.33280116170724,311.6614843455124
11.418585482434164,311.3914812216582
11.616103352558728,311.570913076264
11.630959605335415,311.22540180761104
11.547967266495347,309.98848336344884
11.526764352708806,307.3173971972534
11.44765091463227,302.15285629902814
11.51014710663669,302.0822155466343
11.409998758767017,302.72621168648124
11.330833608271943,302.3518602514745
11.389181937180002,300.2669194255355
11.413539357045002,298.59987672505633
11.329905005185612,297.78396345519207
11.161340133659571,297.86779327865634
10.87695079802333,298.709658642522
10.474098582006043,299.0118230474981
10.146566880412847,298.8774573367007
10.008395389983665,299.0133269303319
10.387709151753375,292.50164125668175
10.456928950525397,295.8777353941604
10.390668877374011,299.0101639947962
9.973612723691122,301.8938553724022
9.443366167733354,303.3254261659129
9.162081913997046,302.98152126801466
8.906788204464686,302.7044864877236
8.750474201195455,300.8151487468992
8.82934238165511,298.2952432904681
8.972238216841541,296.15163222914816
9.235189740684142,294.55235450201235
9.57936197823427,293.5470910926106
9.319155646879013,293.118150841756
9.14564316028607,293.109597814027
8.987640530012762,293.95501180941085
8.873250478187572,291.6372195864393
8.8930279139688,289.4926854355423
9.13626032404096,287.91428118180806
9.342887379106715,287.6908589768857
9.492128302893363,287.6356507753875
9.317476523404558,287.9363673461529
9.297482803738202,287.6313763390539
9.304843966243263,288.45610451752646
9.40552400958947,288.9548484616707
9.825234394009751,285.68702280010535
9.563677764605975,289.5502886517993
9.14472564484604,286.8330298928269
9.208010042515918,283.0006732992347
9.471600061390316,282.27236629612844
9.790341931793723,284.5479886450898
9.78267343415128,287.7040481383211
9.501254173822813,290.24056946704917
9.354653567442115,290.9642246556978
9.247414564766306,288.70440790282976
9.304756675821839,285.7385350536192
9.438321023519354,284.30581258005964
8.270971345458731,280.3773519681712
8.636239050507662,280.1728229469686
8.604536464224784,277.55476785431495
8.651427060041888,276.84552697839206
8.798043834408332,276.49843153918783
8.903734468054108,277.6806819292061
8.692670245264233,278.30129588721843
8.564293197254985,277.25981347765276
8.281346384722742,275.71682241368967
8.182053792540177,273.3733249957252
7.965755976427146,272.13320975859443
7.3711251456186195,269.6303006069941
9.228825128976476,269.5543766101751
8.647974293765275,282.0023039153622
6.935609335134943,295.72336798182556
5.644265029235627,322.71823519332753
5.142640368690501,351.23483779047694
4.688937580971394,4.37450937026432
4.453916204812549,5.151137851235603
4.454611620749041,359.17273333334487
4.564610437666442,355.3037671596316
4.31734038260474,351.09793937857273
4.546657903539208,344.88475663932167
4.720842553759611,347.47139291287834
4.7247361701893755,358.8880261084212
5.3333611897160775,2.6689870227655774
5.872756521547194,0.31917416911625196
6.524664749396197,359.80691465956545
7.161082050474742,1.6839234087702266
7.622985386370501,6.942519805785139
8.111565781309137,14.592207691079466
8.454540969346887,23.59931002175233
8.344172545645149,31.162672786665837
8.147612458815926,34.9947633066642
7.905143808097718,37.55188246073925
7.7572918593770215,38.684255701222185
7.485852588586302,44.78181850237263
7.455279044100735,47.96889938944139
7.351419553133455,49.91517030994186
7.166038442780502,52.72215130777704
6.966669934529147,58.244432093109936
6.6682197101859995,63.3029642274563
6.562338693302814,64.87442901469768
6.65825534126268,63.65773940693896
6.818528738034988,61.80096176384518
6.976112608855402,63.551748598573056
6.920164722028807,66.19610995703755
6.664519029383378,68.23571432179693
6.496215535604816,79.76093657709299
6.233843373693793,80.23822395878449
5.939167170140746,77.5218056963455
5.756876381480093,74.91979195819624
5.7426628711228425,73.56072427281458
5.759014903957138,73.60539647097113
5.513696325230771,73.0545812494201
5.194285775988619,72.43999987341522
5.0536717564201785,71.09517544857175
4.998409272589652,70.6839686170398
4.836991438058874,70.66113709847247
4.530549997451881,70.99832275424143
4.649884141423505,79.22901782355149
3.884348069765955,91.06083245583255
3.0473867983688074,100.47843834077275
2.2683241409648667,106.74542731933451
1.7739099979360424,114.42682370718205
1.98869941336876,110.85334200776879
2.352863288742916,110.05751860032274
2.561682800128685,121.57915223918951
2.8614966137170263,135.15295487037815
3.6010384989114863,140.86339068912287
4.594231837052219,139.2504648388486
5.3755684260268,136.02609764870817
6.567879487942227,128.64070396042518
7.140247065148181,121.75687640009198
6.958963115289821,116.3857678832452
5.895041359645389,114.35299295728868
3.809721951437611,117.54047201999788
1.9196076435475349,150.8153422105829
3.2956871718518737,216.4035377711184
7.920628357682411,234.2485031845759
11.722314438519724,238.9686341447873
13.695403120931562,237.8771273940025
14.226550148665039,235.74924492715826
14.191488033016164,231.63415418893237
13.1372938111299,226.38030667672788
13.627212672857938,222.85505195895402
13.427556031840567,218.68204795744478
12.693217797160047,216.12076080902594
11.902088227262206,215.12748935693594
10.957546665600356,214.61033195481753
9.84871362813586,213.41880173197032
9.095335557828323,209.3100151659141
8.524747458384603,205.28725358244972
7.832135507493991,204.63776293700428
6.788732127592162,202.5473622008856
6.05459537736733,197.8712848431749
5.895511531586275,189.21862644789277
5.752122870377415,180.046204916505
5.644223419011956,176.23146655698338
5.466514598459773,174.41854667087796
5.113763733654248,173.82156981733908
4.602703772542865,170.88888896978983
4.2675379793815935,167.8387230915116
4.110935691192954,165.72612899825617
4.042715200206534,164.28018543743747
4.098025521046983,168.995703322066
4.082687017444751,173.93431232490525
4.121416652704094,178.61276530340297
4.593994169514265,182.28313323824517
4.049601338219366,186.70591427331658
4.108039746907329,189.38094228722247
4.4040402856878025,191.50097070391274
4.447610492073408,194.65488758446224
4.1195353335385505,193.5999636061436
3.793053305103021,187.34277842177482
3.872627511149907,179.88418771031888
4.2321857301500785,175.24020102579675
4.352932437897029,170.28647059303967
4.337612833935612,163.09154223743212
4.643884124316359,156.13138544209642
5.526788513395188,153.0757825250098
6.001797511913239,153.34342062264955
6.243053991247144,152.21451029416392
6.261592353883954,151.22378533078836
6.183411276254027,149.62050834119657
6.043488599404321,147.27968728619214
6.012567485413136,142.9205704523639
6.453533221984528,137.7457843047929
7.0264902163688205,137.73249746866088
7.1277393652522285,138.80005656230412
6.918789549743015,139.82195725511912
6.839697786154509,139.67740622865557
6.4165646739098925,141.1615135645996
6.1210222846117865,138.96806673605613
6.189795323851364,137.00147777291812
6.11053780979915,135.91521536370044
5.667581357660327,135.46390658577013
5.260079786937816,132.18999353686843
4.8426277659585955,128.4641916418077
4.701789600273326,122.39938730150777
5.070806155105533,115.38017711557364
5.576990192992094,109.19739931485094
6.109321545143225,106.68228901644034
6.591770535833414,106.99818682199907
6.44111982118096,115.05754777206084
6.827873413610072,122.05923930324235
7.072499780125624,132.80331822436756
7.423931417393587,146.76390016991326
8.219288616308397,158.5484977543165
8.585978226039078,164.60210724952344
8.600059233782469,166.8592626368245
8.784363771994828,170.83834380314568
9.135284125768798,174.71829449586937
9.68284704604661,178.47400894571035
10.102820890805955,180.32235070326473
10.53321064465503,181.2658641547623
9.66663937684897,179.4530926496774
10.723936467801245,180.72265283588501
10.980615177316297,184.3421895483894
11.079232031559993,186.27961087028052
10.88462413760365,186.49452015917475
10.901292973872856,186.12710586886718
10.801070928460977,183.9151524979701
11.118790667426293,180.95413366543153
11.4517554807829,177.88091540929008
11.970074587867572,175.76215370125703
12.244234228886523,174.62137941316053
12.494861736000322,173.88633031030656
11.621268377376277,172.68277235911683
12.840559207937998,174.96912087544706
12.575493749243348,173.89072011083022
12.480397540261137,172.1123056849567
12.610622964476468,170.26286288237452
12.562235619551522,169.43194664322164
12.632194969583434,168.95211032519683
12.543378703713937,168.93894271731187
12.522092645768492,168.94842994042517
12.392673672202752,168.2525191908752
11.857775676791084,166.8809432839198
11.661089382975105,166.49335999180755
9.704333476163349,168.46181225650162
9.650178514762024,166.38255923791235
9.66965718330341,164.11164540692732
9.72537922812313,161.98438692554214
9.577276084567906,161.20753242256205
9.235291476096553,160.74762379718345
8.613376421869708,160.92835498077773
7.679843614663729,160.12011391264332
6.768178979404124,156.98097846038547
6.365942520697146,153.21298381879046
6.431737052115163,151.15564926246168
6.699846359879475,154.1583610574487
6.746550276449595,173.18177563010022
6.367122140852311,184.76421180651056
6.321153699675995,194.6794734313671
6.688061991872949,198.24979837690273
7.221229773761622,199.0720665988822
8.35380485112995,198.48991923028302
9.847050216626805,197.4698997782234
11.294270757910608,196.9567741588106
11.3850062619927,197.49992395949215
11.362097869440353,196.03843740994586
11.80707323776737,194.40784835032434
11.711458391522727,192.545713826459
10.61801293225531,192.94432573320313
10.270474314556958,186.6134056208046
9.950051088555107,179.33009968529132
10.0048604945809,171.51806467595566
9.881833510298382,165.18990822768433
9.485902419733371,159.8034246712607
8.556829568383739,156.1232931247754
7.04436549247627,152.89339880337923
4.896888872535169,154.49380858186873
2.9151099831728904,166.84072420637915
1.7570382113910612,196.79075033066587
1.3215037011975146,209.5403949631637
1.3323171250036763,346.6236130832997
1.3343042013113688,43.324891871427724
1.650458678842994,104.29370547088837
2.1669812545985763,140.29779327520043
3.1219162546200274,183.13353926397815
5.355397922150465,208.30252489446428
8.54438110860583,212.34548143817156
11.320387504564831,212.69426729465692
12.239738599878676,209.6274212964729
11.819408412078921,207.00908543645392
11.735148717141387,206.43687910220535
11.619680609126913,203.78070015904692
11.178140782363139,208.01540684633156
11.316823227527735,202.58299662429033
11.522395942697388,202.77495500683315
11.492294490022957,202.04116630397823
11.217161079980672,200.97017682386974
10.925598983943049,198.77686574194
10.480981302522823,195.7625286410066
10.346269320413892,191.88977675616613
10.377062967328785,189.4894829016118
10.322711928350225,187.64881929482567
10.413402805105322,185.58163381200694
10.34433215058581,185.7695284210713
10.300383976388632,186.8459789951909
9.987484653460314,184.68910780644828
9.853535287494038,180.63191898135776
9.662043216523475,176.25707513042005
9.584364575668289,171.19230181699254
9.492282775090343,165.63437789475188
9.656778547989097,159.60247490726397
9.989354362874437,156.62438789118255
10.207211684163665,156.68238599933795
10.178535126389258,158.3170495575655
9.947086211230403,160.00170927435147
9.759114735290073,161.03237318285903
8.879899738562877,160.76298265983087
9.122323977955237,161.76998418109702
9.141667655085383,165.64572857382836
9.101156292099825,168.02245194173838
9.124250846879946,168.21251663806356
9.257842041201018,166.88393593667615
9.33283419827439,164.75597316331528
9.568335501832829,163.40359689436127
9.635710161801226,163.95488710281734
9.526211381914429,165.0557898639945
9.31374625129137,165.70975054913652
9.213442613173635,166.22280530657076
9.735232660589393,164.62952450002956
9.275022755947061,163.6230558685695
9.058314497640827,160.8396762414825
8.975409350865396,159.42108381663115
8.977845451014316,158.42871674166872
8.945104186483352,157.6317628281971
8.965129051928873,157.06541871571721
9.061908879604882,157.94388696305248
8.966721944274912,159.1353370158314
8.816997527104464,161.19874610019497
8.615870010933312,161.7751968033158
8.51066207208009,159.63909061386335
8.413026437368623,154.85327919032875
8.453820481950746,154.5216399127986
8.769725155470523,156.0936888653706
8.978550048216151,156.54206447740785
9.087611034522329,155.82479250454594
9.095684590552619,155.55401548226268
9.166564452113848,156.75855448424886
9.300359005369474,158.12473478303082
9.570814086357657,159.45528752586904
9.4942867727246,160.52564009466755
9.450332721229312,158.95386839710193
9.594326282885639,157.69793971250147
10.285619462190501,156.79886407822096
10.36872860314619,156.15595342760548
10.302066864645072,155.71885346394424
10.298542130500271,154.56166595117475
10.466924078448752,153.25127939161973
10.684785699368822,152.4635549513671
10.853130378707066,152.74649577832918
11.007324707026907,155.01565786276217
11.048705101990835,156.92852074012194
11.14058616216759,158.1107337371718
11.417923481190877,159.05898951335735
11.679588938543429,159.84121589862832
10.564465191867106,164.14649726424625
11.268174072486511,162.1708359232756
11.581256400128238,162.75844634596
11.57331021466303,163.23018072569926
11.50458597025951,163.40578079985244
11.353299480168099,162.46649676492007
11.366126214790395,162.35056261132445
11.314380789307473,163.5119397692739
11.14693968118878,164.18269955430037
11.029009555312648,164.2403952578603
10.967402145332368,163.5250045644982
10.980904612647837,163.81595389521556
10.334666966296394,171.33096645416276
10.126717281768343,168.4717561118954
10.11012009311664,165.83103859949676
10.33446679324651,163.35761451440248
10.496449270912514,161.4098080475701
10.637245987374223,160.21378801122455
10.728007251556747,158.73282217856945
10.79041378372697,157.8134848529328
10.758697286118775,157.33561630925692
10.553034806261216,156.31018378339786
10.509828836450245,154.94699988048842
10.561871001536355,154.80394220940525
9.717892609924695,153.8731353058697
10.340423189599749,155.82942991224093
10.132416213248892,158.07536057122377
9.834930222868195,158.5487589180566
9.747947790831924,158.6965303803413
9.836150123005304,158.81440721530123
9.906272704258297,158.94939234901415
9.960207431603232,157.86676256782766
10.05432196549788,157.08334502405205
10.209991568166705,157.18190508183227
10.251612819573904,156.93963611286756
10.24394337865015,156.64928518026227
10.208041011104385,161.2388872575376
10.218121618130322,159.30687189104162
9.866539452170757,155.17504600003656
9.978304069671006,147.56809279875995
10.71015085885365,141.75128061838438
11.382214432861312,138.94948286401495
11.829431116404033,137.27241306663177
12.1365184134079,134.35369902942
12.593297106285469,130.06103287913749
13.033666473029797,128.86605409836397
13.368457551490971,129.98557314267362
13.44222557687,131.23136112274415
12.172721162747875,128.77695369170272
12.756453242536853,125.84660195482093
13.469533369956894,125.89519668892535
13.944854956986141,127.36743365713073
14.075119802238842,130.1996254274128
13.872093068972,131.75934879392105
13.741445801213859,132.50292262886654
13.541437963726933,132.59643081748214
13.350771600127874,132.73253563323294
13.101119095417841,133.49183549490527
12.79355965058826,133.1917667081101
12.610316601717699,132.44362252783486
12.610815667190606,135.63768074361917
12.081063288915631,135.1308448778894
11.695317103482273,133.56225461337624
11.664450541163479,132.72454813554293
11.53068848069507,134.01738044562433
11.342414339580472,135.45755859587416
11.067654306881522,136.22965891045476
10.869627365597607,136.6440514002797
10.804934899090524,137.67093550745892
10.755561194457886,139.99510330131847
10.455661493548268,142.71447604767002
10.113035022014843,143.89373109601922
9.731609638976122,140.67594155702807
9.714645515124314,143.457701925376
9.619184870838572,146.4886283779008
9.377897126121061,149.99805540927224
8.976165310490334,155.61001321795936
8.174192705665572,159.9363084100712
7.297428808932818,162.67588516846672
6.560800367741881,165.85820220126743
5.721042729453271,169.2965432174683
4.987178049917349,172.4204509070529
4.168634281455716,170.60104911860526
4.158554102107895,173.9299543335111
5.495738211666635,179.82405681228727
5.48623929979322,191.22595758069764
5.2202245472982485,199.64974594245297
5.142358645372238,205.79300052277756
5.280551190539098,211.87160113144427
5.348404411948697,220.0748466698053
5.411854746091481,228.72207137845905
5.516098897730261,237.94979422422625
5.714857718999434,246.0304128818253
5.946486256737733,252.60198169532498
6.068436474544431,258.42645721846395
6.295969346665379,261.86333876091385
7.2321524911006545,270.67963563540536
7.90194443293312,275.50657382243253
8.09299475200197,277.4651552494588
8.622380999249021,278.7304748699542
9.651476433065358,278.3836725767402
10.691510427514993,279.4231222011664
11.64329468243589,282.7950968106813
12.534456609882984,287.4961801235138
13.192559331588072,289.1032593401766
14.08160352471377,286.19886894849685
14.802513848235542,286.6195012931427
15.557442837346441,286.10670219788153
16.109876174548084,285.15275282517393
16.74935519136247,283.6626177718075
17.393807586455537,284.895112984349
17.333966701172272,284.9821881361254
17.76536327790657,282.88169421953324
17.965411387619348,283.2761870730493
17.702470454044796,284.3582262063908
17.258906263775643,285.646195180543
16.9080697962856,285.0886609778008
16.356262566161437,284.0450721630748
15.74758407287702,281.20507111109305
15.232034696918367,277.76595936949246
14.337261127316753,277.64405020013714
12.353214615962115,275.1869703544382
10.588645485764573,271.60273639215535
8.519942869792166,269.08649272938874
5.444704864165548,270.058769167102
1.5564775997960731,283.93325259694683
1.679964278544994,68.52522514436413
3.2008695147054094,72.61271976576211
4.1404843492076635,64.54947297068395
5.029500780424802,54.34065662168621
5.8361839048306425,50.34574069703126
6.354652774260605,51.50976172050429
5.461784459644324,82.00228054065377
4.56462683576949,82.5086097706448
4.489718826014094,75.85418728208697
4.5368923640199466,69.97657449463179
4.173956367938957,69.4770254581162
3.587062532200342,66.78025630251693
3.094995554209576,60.36524034766137
2.600434569654597,52.73372007897035
2.1859116856895864,54.03099500244696
1.704635323864433,65.24241156770529
1.6575803654562615,96.52739283696917
2.220137422202934,121.12205631256472
3.796983837523027,139.64068335961827
5.004104776505084,136.04358504398027
5.74525379561542,138.22070397798007
5.538710563292859,144.28807819482438
4.931323478291528,152.24938578372053
4.511370374901151,162.57086581828287
4.425303087046817,168.32737544059796
4.647951161464866,171.04593320577033
4.6299339774665205,171.69973662056543
4.068561272288214,169.63126709410608
2.982006054756316,156.80337305977457
1.7411660785436436,113.34192553997178
3.009460538733603,99.9860521097001
2.940440590922524,73.27011282308956
3.7664118598380205,44.2096680314969
4.49991028938814,36.92099377418356
4.520239961442757,33.53504067720678
4.183617959996108,28.403920613370303
3.90868294461445,23.452608829783685
3.5233819936591746,19.183695397146835
2.8481503642931565,21.613932683520147
1.9055591353539882,20.783940864915564
1.1539139278680566,355.8330345429258
1.405830994414479,322.42685804766893
2.865869813825496,330.7705190371638
2.025868225859003,333.07944874509894
1.7606558918996638,309.0607412607082
1.9570664579048294,280.22333591660487
3.270490213977657,264.09355624426047
4.82048310260278,265.2671740519947
5.683049144985128,267.05672361343653
5.526252012617465,265.1040195327135
5.073425878247439,259.568844063172
5.072972281091598,252.2682550432658
5.06078802996429,241.2325732744897
5.339108910149067,226.82777200354363
4.23656219550047,218.98934402891487
5.143733683400123,203.21521898908685
5.9261370531457445,194.70925444427198
6.413078949876314,190.96255499576392
6.883727462077226,200.97126537010487
7.7827745733247315,215.89315802951816
8.886542476369714,224.5659063551035
9.379138273868517,224.00395236875482
9.694731570899902,218.64855632142798
10.167444208078301,216.88148929236309
10.360056085371495,214.68623535191284
10.29722992243236,213.19308457022356
10.71335487945592,211.74862954289708
10.962781395063207,207.38700483871915
10.986049850194425,205.6592376382345
10.65132381947263,205.00791227199105
10.376809280425089,204.12538429005775
10.250979933623567,202.93086403322067
10.052747312871437,202.19888423079675
9.620254244015937,200.49104605854737
9.271281111185983,198.55756715845604
9.220811607234486,196.78965042846576
9.222797140250295,196.33189864977226
9.027495692287705,197.00620880077255
8.018264977043371,189.22881130091164
7.747583548320672,187.41986817304402
7.535414004888976,188.96126909422148
7.271340061343242,193.49013550841366
7.128973747377877,200.5347732480182
6.909431496012016,208.66421331813604
6.945032564627181,214.7679539038746
6.943103058603893,218.85620441177358
7.212007592151238,218.32747586609378
7.691129416932463,216.70602709875183
8.329117527362689,212.10029052681406
8.680447577068147,209.11886599967255
8.629330991854609,201.8180777775961
8.476489447866879,204.04975450583186
8.255844037663563,209.1040980620337
8.141876674027001,215.819695866724
8.285499419942479,222.3635480567237
8.41535787466716,226.42543158734827
8.582620199779258,227.91966546471042
8.653827992547402,228.18026562247007
8.778861831495206,228.65793098438337
8.827726066998022,229.13467809105873
8.77042396572359,227.03678889175077
8.934139710444237,224.26547428601853
8.967243433678114,217.75466373839086
9.14720197785078,216.19632989968855
9.423081283613948,215.3354082486935
9.758252946777452,215.34505400422867
10.074099399324634,216.64786920591607
10.160934608046324,218.16612377661087
10.173869880520568,219.01798708575228
10.132020896848307,219.3043975855324
10.041328355446542,218.80913633365066
9.989963046280252,218.1871561898044
9.921550642280268,216.2984613355196
10.039938764084614,213.8744375333221
9.513450605246554,212.20051863098922
10.05543969841583,208.3182744446793
10.348461102881432,207.3379755085202
10.341559206798605,207.3114942892094
10.288722851415379,207.00157233071877
10.22934107697094,206.78268722053548
10.069879777229037,205.89181433337637
9.841825172984988,204.18219496176312
9.696041122580155,201.60659715115068
9.618297087934602,199.39710784160752
9.640585155781638,197.41581577122196
9.716482092253846,196.26637007931848
9.944883403131824,194.69261984872878
9.602543003698655,194.9580607646463
9.27068249083761,195.7182272547906
9.029998737366247,196.9584290912445
8.820896224025722,198.133810906506
8.548768451854656,198.90514456038798
8.277993762097145,198.73482871716118
8.065145730755138,197.88067950397868
7.975695586947822,195.18807115713616
8.11395688262719,192.65365897033854
8.427879992639443,191.2870049218075
8.574828575523943,192.99272877667963
8.595663756095163,200.48699978394285
8.745417093536778,200.94776645569613
8.74918097376348,202.7901211758753
8.522689385495593,203.8693744033619
8.332351880518232,204.0327059373598
8.359951936447695,203.83835095752966
8.524936387247614,203.39110030274162
8.534477076614857,203.26456773601376
8.40625115980512,201.99716241394592
8.37059812744491,200.88057798836644
8.240620000753662,200.0049150268624
8.1845724108712,200.10504933710232
8.383421745558255,199.65320672928894
8.064911307626378,200.97381535183035
7.74107874963155,201.47558433869006
7.513650823396273,200.94982833425846
7.3334653579312254,200.7575993187967
7.194328696612065,200.92647114739154
7.169195482938588,200.73288608171575
7.007500657303501,200.25877186555243
6.943510507078912,200.11712039921542
6.810245691013635,200.0618772188555
6.57321132930144,199.69271587888477
6.459203761662309,198.83082752368074
6.983471284481612,197.05166428453603
7.187789909121632,200.26211559719064
6.8582297050799985,204.67251103884277
6.424149638389133,206.89741704517004
5.932926979985198,209.0485640654543
5.776443619823263,210.47782237718397
5.806903646772606,212.68505770083337
5.767172968276904,214.3806214277156
5.855543002176356,217.42278456895673
5.9030023748452525,220.6993672082508
5.938769196587539,224.53135805400578
6.134503513129099,227.27577063911983
6.479987436345305,226.707074277542
6.949850652923504,228.9296554087773
7.244347301735695,232.68458679960906
7.537869356137155,235.93636534520556
7.957728328870756,237.8797346191651
8.218336045206916,240.46721139819073
8.40605853263895,243.7232786185793
8.426765963818552,245.58719683627766
8.313721876334359,244.09294061253084
8.2364991570206,241.62544115443876
8.171413750029611,238.6760567367452
8.097917446890625,235.8505700382045
8.747595013284695,232.75645144221124
8.463779577042757,237.63322371725292
7.891187040213478,238.92609730246312
7.474303207502727,235.79047243196862
7.288379566357936,232.01514028216815
7.087524925438646,232.58739181731062
6.635011725624287,232.8020046960781
6.172855839738041,234.75499240769346
5.250042852644052,237.9211514685889
3.948084244121779,236.98251771152798
2.7561420643829595,222.1702228869767
2.570818540900721,191.62192692898807
3.6539653901329734,197.91771573427454
3.5792327492228404,211.56053573207134
4.065623090802719,235.18574999059814
4.430677130916701,256.31450588021903
5.305231067487666,270.3257972450667
6.506837784336045,278.3875734822367
7.9055087116499,284.3601459096391
8.892816072568037,288.6424970689159
9.35691698126481,295.92613887326024
9.435151983433546,304.19105696573257
8.606725800119259,324.5654441122465
8.009104467811614,359.7848475059721
9.842588372287016,27.117018660318593
10.422586260643229,38.395199946454
10.162724248282762,44.05319931657033
9.774090281034344,47.89517496351698
10.14038652130083,49.807404122815456
9.94304254496579,55.00708710926341
9.508605831122274,60.37153281396837
8.809609027824713,69.61808993794614
7.893049013403904,81.63063973450568
7.314633977597341,98.76467243038331
7.496436765274886,121.84882861220024
8.620071166378878,144.0176211398034
10.492925185783466,157.94684517083795
11.010658736016909,167.1013086528361
11.131513256245517,172.62330786095117
11.086994305879127,176.76720392995094
11.160798396008769,180.77591683831167
11.124244846624851,184.12817748267238
11.070536294666814,186.52638540955007
11.077386673857635,188.75489900708254
10.947764490614206,190.63436219457589
10.838208233507663,191.55428471922764
10.722903139504615,191.50307347381616
10.76260650438471,191.18750421341718
10.043722072827148,195.1455641972404
10.471712323184345,191.69064923983336
10.56423989195588,190.42193850491512
10.217925769119228,190.91618600453901
9.646749947139295,192.16286551265594
9.206073528034645,192.44763948632803
8.695888095233876,191.15132787864687
8.31298801602441,187.61524917150174
7.9414298256313005,183.51404231347473
7.704407404845579,181.88437926841698
7.532822737305028,182.84407315560455
7.382024447065499,184.60590445361802
7.189185513904652,185.9326736188462
6.78377820980216,185.7600024252155
6.7275440175031855,186.45528598198175
6.759095625134934,188.23378336089658
6.921009357540586,191.29519223442279
7.026546508767458,195.64362153262002
6.857200298539095,199.67340373208
6.486389434529251,202.6039600350303
6.15894065332757,204.7550638586894
6.089713109636388,204.72625969518484
6.004864399475645,204.62658727799382
6.051166645204193,202.08877637304113
6.420891117738376,202.73334859853023
6.271306753552688,200.29876779211781
6.213502200153569,196.56731808761833
6.141106816721772,194.12170009948974
5.904325473675317,192.4600514198988
5.52048354818065,189.27934526725122
5.276461556347543,183.83962291344474
5.267858655291934,176.6772387124347
5.389517803178248,168.64435287515232
5.649423480100191,162.35966974354744
5.900757119183454,158.50580048992651
6.164945930751292,157.151892855469
6.977697030266012,151.6878988039365
7.301069155274743,150.58832139726383
7.231509546992407,151.20051439841768
7.078727244979889,151.34113339660007
6.801943042671175,152.03905626771973
6.580117068434412,151.06357973053912
6.447654685697843,146.53997488637083
6.646514139429625,140.5594228697808
6.892693088661717,136.96825101347918
6.992772852967753,135.54635349360586
7.032803733695244,133.87064907209106
7.102709279443897,134.67500296017124
7.152624573363512,132.14673298683704
6.898922788538657,129.99881733099636
6.643758903899057,131.0628664108246
6.0597548475190885,129.66865329030372
5.588895313771161,127.44177934991899
5.075464933154104,125.17530261649443
4.631918679373792,122.39436648866518
3.868348690453977,122.30697068130144
2.613713499160312,117.07695184933374
2.3599368303065393,95.91639562026455
2.6749508408324405,77.95491397434444
2.8599542319499625,72.7723330969551
3.540701152871873,64.5643415492861
3.6198017109275598,66.1154943152116
2.827902756307446,60.0284533826204
2.417620464155063,23.09317779599661
3.6526124414066943,342.4797297182113
6.063266581823237,324.04127804172816
7.727432774171857,321.1948986990061
8.2661769528734,323.771829736278
8.155288858747774,327.0776183773252
7.8674339773059225,328.1113715028995
7.573088922117727,332.6626227625286
7.1095532798771455,341.2638718196287
5.575354060822215,15.970941944324295
4.1093510649352565,58.79280542436368
4.1474752265512045,102.34022634905466
4.275242545164039,129.09204373032867
5.0949199347621486,136.41431698299016
6.4968653625254,137.6228636038411
7.8912233717737434,139.76857317331974
8.581792231604078,140.2619162075236
8.784389340715345,139.9192464426112
8.799840170358664,140.29011261675453
8.553103857798817,138.69059048483007
8.449257823834706,136.1111682304106
7.688546657956324,127.4970444959967
8.166625667326173,127.7147286011209
8.386655267629868,131.74090407146969
8.213055548218781,138.98847459872223
8.011773424796944,147.57608500673405
7.944344072833543,157.9039907876754
8.182626254240034,167.37807547452883
8.472195122773801,175.17356848989152
8.860538179419141,179.67655990816922
8.917711180034528,182.7846561211564
8.76431116554921,183.35410680316053
8.485044936620689,181.2668265111747
7.778776120470344,171.39324822937294
7.866921303570286,167.43978000485276
7.5381766115940705,167.45151749982028
7.060145373409896,166.87242530098808
6.929230321482249,162.06949608874913
7.008358696923377,161.42276177397332
6.7645961156333465,164.83775087750746
6.184928201662053,167.39568174359954
5.683710595350844,166.09365864414724
5.235212743615243,166.76277924769556
4.952987900296648,168.85366735471928
4.974784735647271,165.3841167583995
4.598713604441165,167.76777646447158
5.0756801110748135,179.76660638439046
5.146333248076041,182.82575686011432
5.336293952335198,190.91295772891803
5.497490921195641,202.94489878763218
5.1959654306663525,206.46700378932914
5.303458991565264,212.560832191384
5.580864165337839,219.6585299285764
5.9169705054897745,223.62429966346505
5.960471020962772,226.57533675511448
6.0237184237810695,227.58400569214945
6.418869047191888,229.05184210003694
6.2341666872385835,219.7278050103466
6.655941642828207,226.14564766001854
7.407014982246041,231.6547056895845
8.332082262766898,233.42331264714957
8.613586032867161,234.4178998596356
8.572574571420478,234.89015065620788
8.981134156235637,234.84691337307044
9.17455398785297,233.7463315413131
9.299798475077818,229.90848597013644
10.309388895845586,229.5070876536382
10.812370670358659,231.16213770773527
11.39058570256881,231.40481428296076
11.256144533673119,229.47114654815613
12.253097690934709,231.47557010984315
12.768196808718528,233.04343032821384
13.161544941111512,233.77710193834022
13.380286637464728,234.37999469902834
13.424716198260915,234.6918134943529
13.157068611353557,234.4019861959681
12.912564998895647,232.12328314505626
12.708081865370714,228.54145044969712
12.504836003071972,225.30077613239112
12.240157496061887,222.34133319220513
11.911974730322353,218.59532088122106
11.771313430081484,210.9048709227189
11.569425800631247,209.180267186634
11.154791878660914,208.01325349255796
10.716102943067668,204.8709993012213
10.547090828904729,198.98848837309396
10.376850447020665,193.96676780684524
10.058709984071381,189.6400906380661
9.79793024602936,185.2024429023607
9.727452745268716,180.96468430484325
9.655580373226202,177.7865304717452
9.74277194969032,175.82751045915938
9.698619109546408,173.98470001162286
9.960087829786836,169.01354586382092
10.060269273577749,167.36161594737825
10.102405241796692,167.6940024182477
9.845618185470961,167.38783253682288
9.378161731419015,164.8884075483685
9.115030351003348,159.65227407774853
9.112386729137928,152.35294700754935
9.475036534600648,145.72756913051887
9.875083321037057,142.95960696695408
9.948023736403465,142.82433730258344
9.98102223694666,144.15120659755877
10.001039521110572,145.53929889239708
8.723672414156837,139.1052861528122
9.356902546408401,137.75248739636777
9.924837910142381,139.58823881294234
10.15519028921548,142.79872259701006
10.307340300736799,147.632140249425
10.329526092787553,153.02778272173964
10.139125594139518,157.80128410154953
9.912537754052087,161.0307991953979
9.589186685782325,162.5060835237614
9.231751778782966,162.52796413858323
9.064448128002294,160.80392861765517
8.994334632267247,159.33467185123618
8.519576335554161,163.03717952906368
8.025715297359715,162.045772827071
7.846869108938949,158.51414619609932
7.983725988315683,153.21334787493447
8.329651506532672,149.5383810206148
8.745667586938175,148.42777683044653
8.957329786170149,149.44119197660206
8.874184496999455,151.35330121856475
8.611340723646485,152.02271880306535
8.35471953055774,150.8630586240937
8.303524051396069,149.63799722881822
8.337707134985688,147.8441333605648
7.83262525478676,147.5287222072467
8.296264668952302,143.60906147271294
8.700568283962204,143.54351474528335
8.676712105850104,144.7612408985118
8.483255066148288,145.55880598755095
8.288987772380066,147.41175239722594
8.143161916464042,148.75827044645996
7.934267031885027,150.4676434739947
7.859783390085872,152.63298821494254
7.955834259909125,155.48253429849808
8.000360670574796,159.5055764681622
8.044075039810329,162.42203951575164
8.28441731296953,163.03207315150735
8.44994175105095,162.0527551394216
8.516822513862335,159.33807135338486
8.827327918862876,155.66948835979213
9.306387327248018,154.24547720682745
9.717368725443688,154.67566635206174
10.026941899893991,155.04292925035418
10.086908135807127,153.39967465703387
10.216388621742079,153.54539440732515
10.125796079715807,152.0004185403551
10.159148865624372,148.53010255528704
10.35781232889518,145.7042790920953
9.491664170211473,148.27329759107045
9.79648499384306,147.26832885911136
9.730351749510497,145.98014328640136
9.448780041898,145.60207202128584
9.146933688164555,144.08382480365253
8.824695824233212,143.29069612619162
8.368799976407086,143.3087418583712
7.854631628702149,144.82096824710254
7.570045044167135,147.76116298025323
7.436924444511847,152.62886992293124
7.395160502847716,159.140970173675
7.299212063239015,163.79819225188191
6.824910785111087,166.83607147658063
6.482946283826706,169.13698083150553
6.434917043171773,171.22543209960133
6.478909699881485,172.68175147294744
6.6900078844626085,175.8037067286764
6.781222036854228,179.32145559142077
6.929619070408218,183.04815731440644
6.963691505802665,187.36622852831923
6.996758840235844,191.88125666517448
6.974964706339542,194.49009265196284
7.2078445966824365,196.42117124892056
7.388182605099831,198.29855259774064
7.274315960625851,196.74690139305943
7.482288901570978,195.97650032266705
7.890262200587443,194.70764394220814
7.880306456931821,193.7931320520223
7.443274198967146,191.8314792995678
6.90650570874393,193.34277125959167
6.280244602784845,205.37780695052354
6.4825860373469855,230.29454710868953
8.214955053530966,247.24718782430745
9.615078905681079,246.8142561177691
9.271783223561147,237.3063014797077
8.046373793402466,226.08305241686523
7.642571744977433,210.71538669454642
7.772129664576083,202.20718933944428
8.777597189094804,199.98159966487643
9.656465635843025,200.5813698463937
10.264064711913987,203.46769614814295
10.229448271317569,204.97453667359719
11.253947692736203,205.89816641377803
11.857746964035885,202.2418456110342
13.78600525324611,204.18017846071612
14.146573815537892,203.97141790274037
14.764347601294478,207.25099246125447
14.782971255438257,211.1874676791755
12.704116971361096,213.84531615595768
12.344872958320197,217.75803018222098
11.887402479386749,222.77177453721464
10.951280055318875,226.40794480794318
10.0082092379958,228.4219431330221
9.247848051656085,229.04504268629344
8.637650985916252,227.41141086372588
8.375365816077368,224.03184291868297
8.221408382931429,221.07550467143696
8.17822245611123,218.51749805858836
8.10877297005374,217.4941708220974
8.195257037547137,217.61125394545124
8.115617141968544,218.68029987917967
8.08105554106597,218.18195257100504
7.931177650682684,217.61254757927853
7.799925389963487,215.97386629409468
7.4408744172086045,213.9739680134824
6.916442385752216,211.90202477514939
6.794823341868228,209.51050556859772
7.03702722078267,210.55843705482323
6.949219880321368,211.22148030821361
6.63523490457805,211.49137672154419
6.247081956711632,211.51321495492724
5.813009570461084,209.99345387391458
5.027106234407478,208.63345785640198
5.3261588406426,200.77859441610036
5.995885439482206,194.61375200536384
6.157211240862097,193.78160999057627
5.9324192935698195,195.43259600185783
5.30655044982954,196.72865948145693
4.8130588385836806,198.2553884344981
4.47977300375726,196.56818901585476
4.5970402976689355,191.81576492173008
4.9517651794959034,188.1404647373371
5.259490188527269,185.91468175837403
5.413032139707652,185.72507288097412
5.631728942515722,189.9460558587547
5.373673843532308,187.05727328276754
5.267306935597553,183.8873966779935
5.323667828484116,180.76250600804937
5.4615739938710774,178.6819821330604
5.403149341027037,177.57233926040453
5.319227958417381,175.60104250944596
5.090050425891155,174.8597329418186
4.934513675828005,173.24290267954802
4.921421221088519,171.54633978347033
4.973179125189515,170.0927764688281
4.910174863731862,170.3310203138592
3.9539042214461344,176.0708179539439
4.096921064574109,176.30270619841292
3.92615666826402,177.7657623409625
3.900642049152646,180.80892436346508
3.6849161619864317,185.11226763671255
3.5282743564137267,185.86646755872206
3.492385768025839,184.15995546086796
3.5294818681724895,183.59876966970396
3.3642252460243407,185.23562580991597
3.1035544627883254,186.0944666121192
2.9197736965373995,187.8525257280583
2.781290375272278,189.3209342620591
2.909371452104344,185.1327803174082
2.6042718739752213,177.34967988271796
2.640134029300962,171.1977194623646
2.7191232700535224,167.36053658618812
2.7368445476344254,164.8535310418457
2.7471414086354073,161.66719892002334
2.8808446025258805,160.02036747664033
2.8915299226984406,161.9028524729422
2.7527166045432736,166.42062359621275
2.4787980648588426,168.55449522401818
2.2062235637938556,169.83146973274074
1.907988150082735,169.67986684482003
2.40445232921437,149.94208421199318
2.0730374179339552,144.15606091496204
1.9089433140143948,141.62243194824651
1.8086934367366185,142.82055236247822
1.6134394801240273,149.09748333610605
1.3821785342227138,147.59138783594125
1.056764655274698,147.66199185937694
0.6778292953985492,138.10971260272328
0.24971591902812942,139.52515915167686
0.3843481068903076,322.66288062593384
1.1365597643324186,317.11143295314497
1.8502336102788022,321.3169480069605
1.9822644512389282,331.8234782693158
2.4792315372801004,334.83786004466594
2.9807603281303128,334.97321964692077
3.66763313980672,335.75292942792953
4.33077137784476,333.53777824144566
4.882606915393563,332.2322687056408
5.2463321117226505,329.4070584136757
5.284846143658248,330.1675441001333
5.096172232322779,333.46747784344575
5.00989278844468,336.7981563759412
5.274982529554464,337.98247513105565
5.677103427649989,341.6729672689547
4.925134305681679,356.319802443982
4.372288325712385,33.883726746463594
4.914889575963757,74.6588880527973
5.474136814466764,92.77281696355203
5.798558883590681,98.24341019645965
5.89512108637232,100.17462765139533
5.620869888651133,99.75423512236677
5.415036510831357,101.06805643400617
5.306573318988797,104.50016116146861
4.991605490081888,108.13215080781089
4.678948229668929,111.7559215089014
4.539838905603049,119.80041561588132
4.72085663856107,126.90563984322415
4.624974840860245,141.35073121102812
4.114125277565131,152.18239183121545
3.66065016938348,158.10962671816333
3.560796920784611,164.0219240547765
3.6287760441865626,167.34588934035514
3.7530449136376305,167.5914625724306
3.780210543517928,168.50646382144168
3.7769871511210744,170.19382821831925
3.864912055414179,168.28409983989013
3.901479573665155,163.2214822627143
3.9041219306369945,160.5828881051724
3.02339676432156,176.03207093623837
3.0845156861982534,168.76817345794586
3.643574923834235,163.15576897057622
3.87146184589745,162.02180297143923
4.062961756350312,159.24957832846144
4.270535480901342,157.47076387227298
4.510294154773979,155.62961486090114
4.71667622231555,152.71441757949015
4.906045138879649,151.23206096797264
4.908254323324858,148.44498553935034
4.9720857527807185,144.77585787642727
5.04886997244407,140.41316780359068
5.086462803354458,130.20044657076937
5.411389909507407,127.82088340316369
5.3629939627155885,128.41970278089065
5.213497478923238,127.11637225338148
5.185655414413944,123.41428093227648
5.294297300958037,118.08491193170585
5.541122482933321,114.60634184036871
5.653402734682723,114.71611432593158
5.352609260959485,115.97826747919078
5.164338173881311,116.9179303278562
5.006525852071973,119.51325122538123
5.026638825661736,125.43154995253042
4.713580121998706,116.20098880512751
4.532362144175142,121.74617847199596
4.067244853385446,128.01850900687452
3.6836568208025144,131.30081892620643
3.5473517404647157,133.09191076467425
3.558644805103635,136.40360177536922
3.6550395279185053,139.40355694116045
3.816607241485617,142.04603979374963
3.9202571631626477,147.32343645960566
4.05068943277031,152.87858326058245
4.068524168700808,158.2767205525314
4.036704670105568,163.33890484297672
4.787981016717445,161.79059071930783
4.883750045194342,163.73852815014789
4.921979169789186,166.1756692184939
5.030276971999845,167.75398219066733
5.110088184135925,170.68964459431345
5.1112590423154645,173.3902999678628
5.022820644549435,176.37507843207186
4.92427155606012,178.2010281146512
4.8324466944598035,178.74289863273896
4.8225687140355085,181.7348096225004
4.748291970917538,184.4783508337878
4.66543797660598,188.06779808073773
4.153232115433715,201.06318812512137
4.0314979418402,206.87423062009495
3.8407576873266938,208.8638675683508
3.8536478284165367,209.00960777347558
3.82946617577216,207.95985437843015
3.8999861376989955,206.21817593424444
3.906545428714434,203.62268967036616
4.04391167176049,201.7877603490869
4.211075191355566,201.1752679998336
4.278753252111228,201.4294173338204
4.2230443365222134,201.33712718631725
4.019989293189792,200.14434778607819
3.62625290804614,188.46686761118153
3.0992429970970976,175.95090148825864
3.1375691096723464,157.89387474569673
3.7422876633356887,146.10071275983853
4.590445996707832,145.23435735043938
5.0593245795374,146.29306221858332
5.4173678712465385,147.94682036489087
5.57701913929336,148.61775646295575
5.735532033516987,147.435316149821
5.790747793471735,145.22007468361505
5.835965080763467,142.40522993071204
5.85813838387888,139.29447551096246
5.251150583707316,132.11319022950966
5.616237902933604,129.8655835069302
6.028826539877582,131.06972491358812
6.162974306393566,131.59533573316236
6.125301469285002,131.92463992539302
6.090932567827325,131.43207915249673
6.098407923853426,129.773394451684
6.276182441720624,129.42799297923392
6.467143161343954,130.80987511867323
6.597079360905185,132.5045210950231
6.598329542771564,133.25465954527738
6.545481582530004,133.56341328222805
6.399009470805548,136.12024618834187
6.325215862273832,135.99851587162743
6.327142141381358,136.9238940539003
6.349892749372692,138.14275601924453
6.23680246926985,139.4845484991822
6.049134769752641,142.0495821882401
5.879505529287731,144.17826515793348
5.586757261412505,144.59412033642616
5.517032449233492,144.3945129879586
5.405910525232539,141.6303960435489
5.4506692058451955,137.53501420597297
5.627370701037905,134.5187166556242
5.9262585694294945,130.91280812383172
6.306241931902966,128.54048846160674
6.411742346750106,124.77462888071966
6.675918618187687,123.29441770367072
6.791380456256972,119.39757758024552
7.007801921719769,112.81316957190376
7.574509215528241,110.17785508498724
7.967584472551201,111.0146096184942
8.092390251949853,113.56366297019486
8.127143697634699,117.1383670597346
8.32069371445344,122.12961071866988
8.465537282876463,127.6607692904712
7.810895836910085,133.15162943067065
7.806795157466923,133.61432686820604
7.663765924243326,136.1868297683182
7.630381959211982,141.42391644490738
7.51270529743276,145.5222543219847
7.297959629306529,146.99920794929267
7.18638406322547,146.91988348954646
7.00709059838495,146.8951049720273
6.903790427236552,146.75023072200997
6.668049839038867,147.29151823792063
6.481080280402522,147.54986076692956
6.267359151007157,147.574428036702
6.15666682503446,141.809842028743
6.419568213284507,143.86518042240215
5.978941565944394,147.04882795867024
5.469067393176585,149.79330611989332
5.197474254582805,149.83823472276038
5.105789465626174,149.38167305226432
5.230123981182425,148.66382092522906
5.553820071762838,149.1554339202135
5.810111222219008,150.80931259378383
5.875654409198092,153.8129811954832
5.954293153653756,158.52924227384642
5.900458729716297,163.2455632746986
5.183434492893161,176.69334197814885
5.063226078273394,176.97757464612505
4.9439882948174345,175.62938246336398
4.980843015563534,173.22332571880497
5.247568247206613,172.51471391212328
5.446924017386087,174.9155603191898
5.547591717609666,179.81120267729455
5.507586651344167,188.66437306033066
5.736027335633972,196.98879800012293
6.148217397681032,203.26733871777225
6.539084529392665,204.25796411827474
6.931104072197228,204.67006643392313
6.601658802577871,209.75560772978423
6.1702925968251305,206.73315986702727
5.770608197035251,200.0298199446416
5.460785314174973,192.50065916407732
5.26056184565194,185.88373314828917
5.213825436533376,180.4854449371135
5.2805407399341915,177.00873214166018
5.253379197534982,174.29470605773713
5.194756608475171,170.8727106099709
5.219450936590113,168.50088555878256
5.294134861269064,167.00884914003723
5.186418290296501,165.692737726931
5.253331330842007,164.0747891728215
5.619807115611554,158.5261287367897
5.941277001073263,155.41767527186835
5.972081657916104,150.61008555912093
6.091381461276866,145.209888798745
6.177293306449194,140.53901722629348
6.357895996470236,137.34835170630618
6.316777337060582,134.33087411053174
6.19979524462745,130.7584384940775
6.1531150380149695,126.05134752339086
6.3238397747516055,121.57333853776203
6.620606595379248,118.56200203480108
5.814152445091295,117.84943733623902
5.82805058748281,113.86986843053836
5.912873059323842,111.35284779877458
6.168621922297722,109.52149661502608
6.2292598250265545,108.25085210508985
6.016948286126589,107.23033425219222
5.6695995762343925,105.17015801314903
5.498419679097364,102.182965902884
5.543478539026258,100.90339105278025
5.496713164678369,101.31813643693926
5.403438426764523,103.76727932064648
4.787196249319333,109.82047888625868
4.4518377489315455,114.97740985445552
3.792571560603767,123.58022748821645
3.006736215469513,134.4251214905895
2.2255850446144985,141.4495164579006
1.4332416888560562,153.15724208021868
0.8042048678676863,178.18747487079918
0.5681181235928021,229.99877439168017
0.702315252107132,256.91030659607515
1.1893263288557545,261.6224771941392
1.7525061622687146,263.33912514681083
2.0496850245309424,266.1946356946842
2.2107664528177877,267.729083810434
3.111627698081872,269.3135816114789
3.493570944042296,273.31740827052704
3.739928892274432,275.2366086964688
4.046065816827995,274.381569538598
4.235497075664491,272.1726110023035
4.292626145698298,269.06370339654063
4.314781809856518,263.75034078884073
4.5020422466641925,256.87298790463933
4.877400207959785,250.64555369327803
5.126044525582797,248.61481401531904
5.3368535020479255,249.21065407523656
5.443522138678835,250.47537526507006
5.559778206114378,254.79050382294946
5.421872243034684,258.5774883897502
5.256994389831301,258.2605558621493
4.946499051839927,255.50066224840097
4.897002527437866,251.90288725698048
5.026355645424896,251.65096604721717
5.061966396773552,250.93099583926238
5.271150422065082,251.20818615464287
5.4986932617230915,252.25594581616733
5.566732849259778,254.75413710293373
5.536235932907189,257.0614758740858
5.418051490774477,258.74114351001157
5.512664686016261,263.7126990199896
5.468146287915502,266.21313018947575
5.172938878858135,266.84845390458213
4.939690742391681,266.10805829917325
4.849509370235904,265.1982412913728
4.882310473566863,266.14732047424275
4.720369531944237,267.57894259527353
4.28333227133524,267.9856472316856
3.9031508077329966,266.86056242964605
3.5975071578080247,263.6593252023589
3.455657215934655,258.9127467299354
3.5724070596585897,253.03747063724683
3.696162389344801,262.3237965211869
3.395840116902162,263.5796334810821
3.23238027793879,265.2738464586956
3.1301198968988397,268.2976530564579
2.683861128067099,271.4653772329856
2.1831346186641944,271.7126339242368
1.8146377268365783,261.92168022455303
1.4495527640513712,255.32523252995094
1.3842245606283183,240.80068055191322
1.5714177678167762,239.25273813797338
1.4585440100454836,236.23079912256037
1.2601826635545113,230.6185809088292
1.8680896936595504,211.30535035092436
1.7611989632888756,204.39383460938393
1.6898038401509916,196.16804950263386
1.5574449320465242,186.06712404329497
1.4210754624340152,176.63469543075632
1.1634578580600057,175.5643519870075
0.9709729266284618,180.83019802994727
0.9273397176283446,177.2866485865668
1.2247629876547637,176.89191739611817
1.4796652639759824,180.30133626444777
1.7013126901764926,184.80729804037043
1.8713776660649688,192.31405757520747
2.2924383280378082,177.40351600063673
2.4518808484095063,189.39954051586537
2.3978539289400453,210.50528978859074
2.3607187306202513,229.5610683721125
2.4262700811961744,242.37551680475872
2.594854626860456,251.38935973558816
2.6356005652755794,250.19192256623455
2.7272153025233723,246.4334730356343
2.729133975956631,242.56273247010074
2.7535219428694298,240.5084648257935
2.7955030069101503,238.81634173459764
3.1084782600442584,239.19179845634693
4.01278271418334,235.80307047690175
4.233483911781664,242.75861850195906
4.150812191738514,245.3058865373306
3.8413948587826443,244.07689814512213
3.6008737272856486,240.33597573768128
3.7250736733653165,233.92044684718547
3.953540504016855,229.0358516693105
4.086995482352508,224.43367411736241
4.263180465877115,221.91214046593245
4.328237840315263,221.2819785607095
4.102568267918311,217.64352210918707
4.047400166269615,212.1355276754708
3.6188411678820294,206.65580568940987
3.3490088323350973,195.13658737588466
3.3017701573161875,180.81345150165689
3.7350639041917297,168.96958329341714
4.351862091697527,162.8279695327726
5.045941414265722,160.5749488553124
5.4879204409135705,159.16548352428663
5.707325372020433,155.86206910457202
5.938209711219219,149.82904337985462
6.375034334933031,146.50379838886556
6.852217020193004,144.86518849086974
7.317231307306405,142.46952749489674
6.983517705687929,139.36652397925093
7.957097288413721,133.61999113393892
8.464114006657178,130.29972989245533
8.701641077756259,129.34810831745148
8.957547674044607,126.92150816262983
9.309348356299148,124.91617672113159
9.553829775793123,124.04772578949894
9.52573985895218,124.93407223519
9.25546301820867,123.63816847626595
9.211120800428157,119.02190384381822
9.459876725427769,113.22682951845974
9.764846639518884,112.26104732168835
8.75262976567619,110.91322427821922
9.60474522079593,113.46653201834692
9.14685758503438,114.46237859262078
8.089713555485625,111.07074239154224
7.314308384248824,111.76558503568293
6.596641650866564,115.34731759031024
5.727194807461493,118.14735780460398
4.94205734489044,118.71047440867397
4.469946620729734,121.22810964997859
4.046019022832845,129.2424426337946
3.4259528168535947,139.07519062163885
2.8619754433242592,151.6507694911714
2.1078713951330563,169.03829228483164
2.8910660416140415,187.1948943222766
3.8806860285184115,199.46957619915943
4.952925333108361,206.614546111848
5.481316713326629,209.7546545060884
5.625469850138756,206.4124928264285
5.926296927291623,201.63802929981188
5.941569669833702,199.23781951116965
5.912777935856609,196.99490052631285
4.749401502321782,188.3908205516863
3.8442044813834357,171.31051706679295
3.3007334643623922,149.20231628331754
3.0475085162498643,140.72512687112305
2.6486964355311766,132.89778711594062
2.3534318166204455,136.24546098450674
2.363368190488636,150.53032834059002
2.8751438951092814,174.3129467461075
3.3988313823762426,199.42004531757178
3.892433897242115,225.6494308994222
5.14252907327173,254.028917688073
7.179305646763007,263.9276236019116
9.091629261332109,261.6216283336459
10.26481589734428,257.2040167365702
10.970853048754305,254.26919446600013
11.33426020088881,251.48426526772698
11.25810388168674,249.18628061469263
10.638699109143895,242.50503484505106
10.318324030696758,240.32798091430777
10.177409970169142,240.8152433630422
10.42494090196822,238.83555103528425
9.772158499128802,233.17268711314574
8.321479994913057,222.17756795272388
8.212278334645754,213.0820824499826
8.897492529035691,208.83908508266288
8.364798168272543,201.16055244594477
8.210462510225707,197.2302275451439
8.93723778454351,201.9245695886742
8.563393630211388,199.88278050267473
8.475275375854679,196.785500878143
8.312129706641063,194.27794920447124
8.44516657988203,193.08862909067327
8.583966889143094,191.46537152349157
8.809732694336756,188.66354539115358
8.742127334269414,183.4145217135905
8.829037677363269,180.349944016813
8.633276578069081,178.56500083643152
8.31135940573246,176.8398856796838
8.013791820847532,173.82023315670835
6.731316056993962,174.22680512247018
7.382241368798032,172.8677418651448
7.674103024544383,171.58382408442435
7.616940291386707,170.09291836469004
7.48806039607203,169.21046436303777
7.101845392802725,169.20817552868095
6.897086662712742,168.63990166976862
6.7993433653923,166.36093663953272
6.586257790846466,163.2034405802848
6.62786217985129,158.55964296701768
6.737254039065793,156.08655143152544
6.904466835250212,154.12293337705682
7.4230840603124655,156.68687668266182
7.415038720797568,151.34375176651173
7.612269824000789,144.04583423602014
8.070005080582483,138.59940476832003
8.549166758626802,135.22336854121954
8.76587684595468,132.3648166538798
9.067430581362482,127.8038053671209
9.04093572176022,123.72847263909006
9.378276354617368,121.44771920193119
9.23690831915729,118.68313521481969
9.118566000979992,114.20276630366521
9.164704209889399,111.05802397331558
9.342597636351801,107.23839579822095
9.545297044656834,106.0522342353587
9.515691268168291,106.34025861522116
9.558807249946735,109.40029019026696
9.552971623051333,114.09219918805599
9.263248190794092,117.67286842990347
8.755678602864386,116.37602704479934
9.022481518296429,115.44847220339898
8.624411930728378,114.36955597090883
8.903730366408851,117.06126605678605
8.336290456779427,117.90002920218859
7.792171956666828,115.49302105510355
7.93050289946817,118.08942468913517
7.8226017701232395,117.65950543301437
7.676965460740087,113.66057915489307
7.6741149192671045,110.91347180168441
7.5285825337884,110.88668792785325
7.160281342148354,111.12516492531927
6.659819583194436,110.53521075580318
6.1279168774020105,108.740384759361
5.62148076691987,107.42291163411022
5.040573747096282,107.395846726777
4.546925899527184,107.91568494490508
3.9986767782088313,108.68523463065054
3.360885123200232,105.18961786697798
2.3049007314282837,92.21608281330634
1.8483691737369052,59.923705124443984
2.032403595274622,42.426152195200075
2.033851005046048,51.992800044669764
1.5686058706166681,54.66233054705725
1.1600720464497554,25.316243557157236
1.5846264170464974,347.15689980317757
2.103430830526723,340.5354563563459
2.348074237576557,343.0389888437638
2.209802387326335,338.3005627693656
2.496592396173204,314.4693494238974
2.6798645315580583,304.83454903027774
3.500480705453181,301.3419297013769
4.128408652438187,300.58869812536636
4.652356443575025,302.42451023769905
4.8933946903699646,305.176148217618
4.9254066445930125,307.264556411223
4.769475998361354,308.35775981586687
4.745001579872206,306.5015808146053
4.7362076315356365,304.6425714262232
4.755212836824886,301.47386636398494
4.779509300141729,299.7757381046335
4.806308065995953,297.85175799732656
4.896317435558263,292.31316046637835
5.323172423552536,292.20029810759814
5.579951686824551,294.6862292072241
5.615977315636811,296.34832447799
5.4380291073232625,297.6073414531353
5.289425997417353,297.3835702168922
5.076582024446622,295.61939525398975
4.9609913005737125,293.09577972066705
4.979530180617195,291.7558306940479
4.841768034437223,291.06214239088183
4.711894013479485,290.4422521146337
4.49794368652796,289.97212993546816
4.450015319824579,295.24763510726723
4.495264128642877,294.8966038298844
4.679763002593468,293.49805963617644
4.777645859953737,296.1985884622952
4.740406125733423,299.98219222891817
4.603799420251842,303.36541431877396
4.371756200384303,305.94394889664386
4.271895591963741,304.49161730391523
4.126092331326312,305.5423083979189
3.8958033401071637,310.2301908841373
3.5585842960154026,314.91626608471944
3.4076431177523183,315.37698387432766
3.6748397482446196,309.0284965243564
4.023667114252838,303.70163841932157
4.245995176950432,304.2658904808156
4.31609961496579,309.70452867469436
4.023725681387681,317.67227724838716
3.7113526427252976,321.4528769843631
3.8489991900293044,314.2140979905623
3.6178860614952333,315.5151888656872
3.188675317960391,316.80409313130525
3.5489090297088763,310.52965766333426
3.822578669668983,311.48404242926637
3.6577534474973366,321.07937903425653
3.3979584482799683,317.5921445187075
4.2832519148135155,312.47009869078033
4.970925910908448,312.6609571245726
5.032662161081752,319.1950751355471
4.927691439725192,320.792282758543
5.277053256897423,316.42056931451117
5.763080415769665,314.4889649261072
6.100355686685667,315.5449021903675
6.287958361190379,316.3211682013703
6.613255513316245,315.6217386222356
6.667171748021967,315.7654486206115
6.781537561428857,317.2987350950183
6.2598761792582,320.42236972507754
6.185111007438751,327.3240204971323
6.311357968961584,327.81029676283026
6.3484319212680544,323.85868121979695
6.345085928568921,318.316010193649
6.264305512535956,314.27296266114416
6.232800923981067,312.3498335851404
6.047146828035507,310.9710777865623
5.9123708946296665,309.1808489871072
5.948324898264507,307.11673071131884
6.079758376045302,306.7661032904565
6.151077929581114,307.00037548335735
5.862167783296039,305.44355629763857
5.965833232533424,304.38294828492815
6.376028375307128,303.2597595164331
6.774989158246024,302.75479575032057
7.090845571811199,303.18515955845595
7.141557667093229,305.6338069533055
6.766372324344963,308.7837866362101
6.395960650104876,309.9877778533391
6.3793271300817365,309.3857565095547
6.486192114235884,309.0564012601261
6.5982213941769565,309.633275203288
6.704198923277341,310.52184548720163
6.343881821566744,302.84647377508355
5.9985339445418875,308.5495727545879
5.650574824804132,315.00656407226984
5.505526752673354,317.0876497338579
5.510867121905185,315.4482677801005
5.351939708817732,312.26277748623215
5.081181542516328,309.24020774336
4.834876833687907,303.2577057324898
4.689036896667161,297.36121177534284
4.81258611581358,295.01647675523714
4.957948089260258,299.3454766258992
5.091731900257349,306.92291997008596
4.872551877658369,307.69808691602725
5.338917460231474,315.66187607668394
5.5412125388848965,314.08067585444184
5.799044924631925,312.9724045879032
5.833444372796095,311.3800376191397
5.899504265296258,309.55382168711566
6.06652481710405,309.545345023796
6.126843270585054,314.43636378347526
5.918493442104169,317.31120840811786
5.620048999571178,317.9059828724086
5.352516972319969,317.22629727988345
5.185495132011711,318.0134023170346
4.676532439864043,309.25644433836794
4.6257636643647855,324.72636667700186
4.402103373592416,333.74128128937645
4.129603427851747,336.52920556531836
3.6493666313649684,336.6884173934252
3.0456935670733163,321.9003465227956
3.0816886132781374,300.4854381512858
3.341616581132077,286.86263255105587
3.864122886007581,276.6916624135371
4.452905117981363,272.0158017298073
4.873607453389549,279.83270430554586
4.999179747038638,288.1690534320779
4.89697776328727,297.3394590585947
4.458063827191984,317.9962150631502
4.610549249125037,327.495911118456
4.920327800824952,328.69363855531816
5.54397511497893,338.02751597389016
6.0022377861515395,356.7066439234799
6.4257153533346445,19.564343337187665
6.243006354388985,28.180423822447324
5.722150301848077,24.146753770466205
5.400002491073133,17.454315886190727
5.190317030190095,12.002805729885267
4.876240946226104,0.2979823321693402
4.074212903710783,352.72643979229974
4.128500242122124,330.0659231838933
4.332237381604283,329.2387425670769
4.537332116493608,329.40376975749047
4.893254790526114,330.0895331891855
5.306438802830125,332.55737565705874
5.572677714590402,331.3557715299133
5.909560410719412,328.6984440601016
6.093798666666376,326.923121183776
6.164170793367401,327.37979187756696
5.899960618308019,331.54840141644854
5.431449740686853,336.1243591843178
4.155673310162806,335.9154986318251
3.9555688773805695,346.79906707657926
4.017241300809472,3.806938000575144
3.658886823429242,22.029518068774337
3.2377241438787294,44.54576044763252
3.0193559405513555,61.96634610289732
2.6855014801454704,76.98086001734652
2.255478545683936,94.09323896304483
1.9781634869052964,138.57588493188774
2.6672042364100075,166.25337298828174
3.5923790946561245,178.94178291488834
4.358877572408132,191.05657352646858
4.907783881285297,206.92426701542922
5.189830450691829,208.85068427243678
4.903908163331162,201.58930159961236
4.614262013657913,185.37823226609999
4.873967418960795,168.5280365577413
6.251534225145137,148.65420428102755
7.983180337052267,133.24940508652446
8.52053899298701,123.06406408317923
8.309424234800312,112.87203823130199
7.830353481998018,103.5625676355831
7.4305248206242585,94.63550459287313
6.308070235897723,93.33161134362092
5.509744430160114,91.41823226622591
4.547307105246898,91.94854383056963
3.4917275683428755,85.83323362188298
2.3191628741911616,72.619280974214
1.162687866418348,40.582537870482724
1.5494391081424077,326.0032048997264
2.988207665960209,308.44272664553125
4.130144891622278,305.17105299749915
4.839114365078,300.48390056762094
5.149332863235459,297.6743645775075
5.3520360289586035,296.5296932520163
5.1150394182818815,299.05365668652297
4.11481854759584,306.6412404552349
4.037996683016361,316.85538005211646
3.988460030943202,328.36949321706066
3.959192142158737,332.68499534418385
4.070385492248657,332.19218194067366
4.351567554736518,332.9120216415945
4.733481373339758,342.5013516795673
4.851808458448706,0.6283472280219371
4.569357687385738,8.008420826347503
4.177163572393641,4.291652644363921
4.159488810865392,353.5130674797532
4.626800011239363,344.9461230910142
4.175769198920393,340.5305718356277
4.849807085124545,339.6700073257087
5.475855013786168,338.61315893694587
5.7672957796317466,342.30191033364474
5.490894840867164,346.78075868399327
4.854511770742036,348.6936349062049
4.243220937423932,351.5879852071462
3.6148163670420987,357.99799422434523
2.8725805506632014,13.63217604332209
2.287841453674675,55.23093947804199
3.3538488126188235,98.3497446602205
5.306575309545008,115.63613986719707
6.0333785918486145,120.39940898187706
6.716718713512893,119.78793900947312
6.724478915174051,120.5563219539385
6.25075700437125,118.80890551781636
6.264443634636948,113.74584083978675
6.3064945838271935,111.06530015596468
6.401907794239706,108.73966411289894
6.676088239089122,107.58088822335935
7.115048825788051,108.50990296413642
7.65690506401817,111.53370363020349
8.23535213751474,115.28365761507746
8.565120308635134,116.57422642779812
8.276668823447077,117.70363675815383
8.191110100206318,116.35034899464335
9.012403109637749,120.58798492566416
9.639016746977061,127.41131510570199
10.01415841069109,133.14529643870435
10.303925609761324,136.5387921558388
10.30303244135661,137.31392978536428
10.168127319927942,136.7909641013298
9.933432723573201,134.9445505627416
9.5207840592692,132.59481741469222
8.833972835900623,130.1775402281878
8.058362889361415,126.84010560745457
8.177308033931123,118.47515820713352
8.044759131181904,111.57193666626608
7.8471631673271744,108.19026545519392
7.628994513911729,106.58401351121728
7.340899944195968,105.61415818034368
6.885887724690495,103.63574065821933
6.320598409208785,101.50486542365906
5.894759739076164,99.19021387036992
5.4113372178490335,97.53756800820702
5.218125735928367,93.49511873995903
5.137754062219157,90.3912116106464
4.965155940083963,93.27510890761016
4.790586755395862,102.35489286489252
4.575154523639966,110.89644803492502
4.1792564302037505,117.17381371476085
3.8847445035514405,116.13649793394762
4.244598006437307,108.8243861343675
4.713131862608157,107.79062761145428
5.014507174649991,107.70794046802212
5.031997284291955,108.96327517687143
4.9258161379440555,112.02031966770426
4.805325938361746,125.60912147549647
4.5748782997712505,142.7854683285491
4.607806153647166,155.9655576383136
4.605159876250571,162.01387104941557
4.592631998576801,157.05361829015192
4.570358799472673,151.52808473382845
4.4776779266241435,147.96944940707044
4.254993443559341,144.33883642577018
3.8895874524557175,139.2264628534574
3.7173426141733077,131.38537619756238
4.078037371196543,119.40047166152323
4.77097983224482,113.9066147094332
5.557055037310912,115.12206914603848
5.9631437673940075,121.06327459334864
5.978124251986825,128.0922382474006
5.1442600749072085,133.9067252362163
4.741733443153075,138.39849281927445
4.594441539756323,139.5931922418963
4.4237488142004056,138.27461633984922
4.012406004371897,137.03879782000763
3.3860439405946816,134.1444349825175
2.7547870770886465,126.76142277563105
2.427305350143636,109.84401606656309
2.424173466775526,96.17789868224634
2.594336737308796,81.61035365894918
3.1150392201574477,73.6495014799238
3.6548087749546623,70.7553246035111
5.067387768721083,72.7048979942515
5.510631680239107,71.217523459684
5.760537190786413,69.57341239128277
5.612283039594781,64.1123931323927
5.784984182060936,54.888492629906125
6.294818981435868,45.879873944652616
6.655570011892246,38.860585967609836
7.058020564084435,32.270689061643225
7.131077449618825,23.587152384055344
7.104329826519656,13.670322137615074
7.235450658610198,3.7541147392709604
7.00204454041147,359.73280200250787
6.217164414763454,349.30780001613437
6.166705289448689,338.05334748266273
6.52843066737767,331.8862038229844
6.807482348253792,328.83123338678655
6.935419847266904,326.6896945528514
6.748072059136106,326.3727429087055
6.502411587731264,325.1333401488906
6.458336574411278,320.7233840682198
6.3123592639158295,319.1614705143569
5.997299254653215,319.52442332483827
5.705322896076358,320.3646711859655
5.327922517823415,317.68963139728635
5.07036203748908,321.3198068937071
4.223102971359545,319.33199324466483
3.8935434895827132,311.4281026486602
3.985498292038235,306.8512078994242
3.949434425936405,306.3431755033087
3.7991931534138588,308.81675207822065
3.2102241755638516,309.65918987516847
2.289562517307204,309.0192884123046
1.502906267216838,285.7660883072456
1.66189663024736,256.09415304995196
2.1655995140240405,244.2273750066244
2.438444319304626,238.3023021946783
2.339823480554125,230.66006485807588
2.5925162120965433,228.29129345063143
2.9937592037286698,230.16421667568918
3.1390035148762094,224.70675291640643
3.6000662127599212,219.02280346286915
4.20150287100629,216.18811556680782
4.888383727384191,215.68321096453667
5.470305528813747,213.5635610009469
6.021666590653097,210.94386083127483
6.5472116110528376,209.56597083470575
6.9579286763916155,209.5305253707734
7.162609144191868,209.04733766193044
5.9569470575661825,215.02901600381676
6.1048590672208,208.4865556112792
6.610441480937563,202.7669733500037
7.40774826244879,199.2574636203133
8.174554634649633,197.02151877232012
8.606455957321355,195.43642463468487
8.674142804459873,193.57698904247022
8.557959227470372,191.95591019385563
8.32587407906659,189.9654368845882
8.142616951837145,187.5941965160072
7.9475842106438055,185.35341897696233
7.631784074714454,183.832683211779
7.048538569639236,187.83023487035055
6.91285791477331,189.9359561924961
6.856049034923619,191.37320312655484
6.721431401293308,192.62690226178057
6.678478650794621,194.6661716066341
6.45262904166742,195.32029862937375
6.3263924318946305,194.92618289839456
6.38937094166518,191.6937266169244
6.667651388436408,189.04044538961503
6.898246216587582,187.9385913877678
6.867684543355842,186.48468062331216
6.701282977880779,183.5930660848883
5.852342157345537,190.58548092441845
5.539569468812227,184.3736976825277
5.388573570877392,175.95302631572315
5.516316204925176,167.60300816295876
5.9110930897635985,162.47305072135157
6.493174735667429,160.58911555696625
6.791366889588308,160.10585887761636
6.8442794322418345,158.69014773680783
6.640263441028334,156.4058062426567
5.866166302004716,151.99274598036243
5.23026201602093,143.22287330804454
4.808882237088458,130.89692676114555
5.5271572962674265,115.91622426985867
6.15683541395466,110.81554606766281
6.137975665561402,106.81614962097444
5.78154591706968,97.49171896379801
5.735852690446175,86.94891951451376
6.195191347911705,76.67825487703834
6.56400859605953,67.2460839839647
6.969306358143335,59.96468343640748
7.539493738873465,57.161296454863646
8.143508145524578,55.99913405341704
8.858368863190236,56.02344900261778
9.542321208705497,55.688552038421335
10.353714475274865,55.10787046728478
10.663143109032394,52.224229584071054
10.767796219041074,52.260416116530735
10.734630199708791,52.623142724882314
10.859071082286045,52.721833131628614
11.12002830452895,53.26386613986051
11.220551048859676,53.337470253644824
10.94945768340874,51.501564383679636
10.943288814032321,51.20597942787856
11.03891267999403,53.42787489955367
10.600173388900863,57.66660440278963
9.498176036871484,62.3049249544282
9.526762968475058,62.595024736320795
9.051875270316806,71.95746444247465
8.869745393164415,80.23687517488804
8.638221240380354,85.02998291860575
8.550818868497208,86.3858581971271
8.376296215759156,87.72687738174614
8.043969557064784,94.48405588961032
7.668191802820968,105.15685323958803
7.416798508647923,112.40358878460239
7.307104798381496,116.6939500915492
7.229787608579376,120.28264562853036
7.16518905679647,127.69282323557582
6.2640569278358775,132.44377813758342
6.897489838956094,143.2866895908441
7.380816776225255,149.81444232082526
7.82142216886898,155.65240227203435
8.001254376439695,159.1628864050457
7.694903216267034,159.7948581092876
7.366415744161926,157.85273415188863
7.295500576110041,154.6109540274481
7.210194361030239,151.64746598330225
7.224223947052563,148.24206841705404
7.269121733545913,146.0998157087654
7.630634324044445,145.54046576002963
7.92966297642529,148.16322181761427
7.97103506473302,150.84307379214192
8.102883883610708,151.72222008338593
8.516955370354884,150.39635684979476
8.702381299815158,147.83069673971147
8.59611134991673,145.85363956907992
8.559917698336719,145.0256176728564
8.56379390548665,143.74768749292264
8.3991100008197,143.23183925144167
8.12748251832137,143.3192728665665
7.893017202367835,141.88991122717323
7.672754652270523,140.34102031723643
6.965890856983405,136.07203154422757
7.090328305700097,132.67472949429953
6.799028854609823,131.73650266877445
6.41778639805457,130.45839993939137
5.971533353118394,130.5505090018923
5.483797051129923,129.3722897632939
5.187947760151779,126.95179766876936
5.023076837621389,128.46996934386243
4.706805894243803,128.32763103016475
4.263510574949987,130.87575716391098
3.7113270268098173,134.0246818531037
3.142102935389643,135.47652727981222
2.172420839270071,137.45029404607283
2.120611465039138,128.50798661344174
2.0748441261013366,124.20743598700574
2.304425562365782,119.24131797742496
2.4299933169089662,116.40559885158802
2.6659950124301828,115.25090216037938
2.5391344308014925,118.59820407126836
2.187300571112624,117.8248133148017
1.7383019617404187,114.12007879034252
1.5865462172105793,98.46567115389786
1.2214365594419363,90.95273002265981
1.010820005321024,78.08145192975394
0.47337338499645093,348.1963786662109
1.5032760841125523,333.3106270717209
2.2769655119380587,336.82601311373975
2.7645101136146075,339.7374387228334
2.7402666451203705,337.72622499669484
2.670383467406058,331.310867240997
2.8019298927787917,320.6108356380954
3.335174770457764,310.21054513619595
3.9505248173239527,306.13674427512274
4.392830407873104,301.07512850243364
4.66933551328795,292.95841659211334
5.307922689799089,287.55414615878453
5.911550560063738,287.08376635548666
6.309309699960957,284.2788572848426
6.4196977121361165,284.9222328828535
6.229500785125879,285.9077850433303
5.913068842369881,286.8492310484917
5.790131069285931,288.75987517401035
5.598804035552593,291.81135579855203
5.431428160652591,291.8922764595882
5.481294275987036,290.7735099023516
5.5046695180686385,290.6834519104245
5.53892472676813,292.91514830516877
5.521238116159535,297.9880702754121
4.823953377397075,289.5364242789144
5.058245544747139,292.353877366851
5.319520063992544,297.4461266202979
5.464064113796258,302.48972208190855
5.574445406582357,300.1859022142614
6.309647320121734,298.1580272916667
7.029821836606974,300.71715674841556
7.434133838695198,305.38863797701526
7.677967059211778,310.9006614781013
7.607159215563257,316.1252707944792
7.132370902586268,319.27791722333825
6.673864136331681,321.2720648063297
5.942904516460513,321.2975268652243
5.742203976969818,324.3412078776248
5.345128548906169,322.0736885205843
5.443168585315388,314.6355407547528
5.8486680272115565,312.06165485874203
6.029966156536112,313.07398627524384
5.974702943096271,310.1120822826699
5.985022785964475,305.84746310886544
6.105270360945615,302.84182060199953
6.192024911444114,302.5017624599506
6.198118549127385,300.97788320844126
6.122844842529663,299.86499545431826
5.409377084632937,300.1173681689618
5.551653610976719,301.4181591264393
6.191127009341527,295.9575152942051
6.924786595112898,300.9737823469855
6.425982930228115,307.1322604323559
5.411612675941849,307.2100663340487
4.683037508035034,306.39495963465777
3.955978455316431,310.1098674035504
3.029610771747117,323.48320313730795
2.252146678822714,351.6578243553981
2.2663455153294723,31.408535259227108
3.156240301730998,58.23467724894169
5.218520365600841,73.82201892769541
5.986762292085736,77.10716695850579
6.474323997467678,78.73307541534194
7.11810747178874,77.91738960175144
7.565129227642233,79.44983780990447
7.624045027244257,81.74861043021565
7.656244195714875,84.32107355961591
7.866581819696553,88.39875940503401
8.227470920422608,94.36157430446929
8.593669717585355,99.77160039233513
8.534474065947649,102.78377430660692
8.40597328477516,101.64389623709599
9.058258963632925,96.9762966801814
9.391246233147827,96.21621974183103
9.22313719744386,95.11551841896681
8.770532812361663,92.15533397532431
8.577791957112659,89.75416379773782
8.45235878180862,89.24759694407919
8.367105754450979,91.43790923051586
8.034307414693298,96.15210519689481
7.3908415396269955,101.35215427485423
6.417889302249222,104.71530879951501
5.512968886188816,108.0311503897783
4.786419108942561,112.30160805172011
4.233275008573391,117.4171907129874
3.8836666347492095,120.33719736592332
3.3555333403709295,125.56263451721475
2.6910556202392493,129.5604854921238
2.1006659157390115,137.3281552831885
1.7429737509589094,167.04046041819015
1.16474256638022,206.82889735778463
1.549392928884367,234.6088587878836
1.7747016337450359,249.47555066052323
1.982533792830604,250.79288600390572
2.0656906772831527,249.39154627894266
1.7577237223516504,254.8812487580515
2.5194408969122275,278.8979404287318
1.701672244484187,307.056704052622
1.8095305914196516,1.5853984327126227
2.7373300366313447,37.80823125236998
3.5086243111242332,64.9090595007973
3.726546841086871,80.00854598335133
3.1841001517421152,88.50341334508494
1.863809923042115,112.4703024824397
1.7923856051522014,196.29352833615744
2.7056712399520846,231.55183482295357
3.0669012793087553,245.6825695862613
3.035593579385292,252.0505782670848
2.4085087255279456,267.18824124511974
1.4748186340681282,276.407226066972
0.46598840081678683,287.30287673823153
0.8704015078946886,56.90610773531688
2.049444653511563,62.84983174553628
3.017356844377272,62.37701412853261
3.5364500032270807,64.26073515300152
3.6150795409010477,62.39402323408092
3.732124405353819,54.0230201633305
3.9014322209135455,48.81951307677167
3.784269610865679,47.56462723562407
2.821077172869576,43.324470914953395
2.1689960691308294,63.18240380121699
0.7192052262773334,326.7691297533329
2.849618212150621,295.2293729738968
4.6593514745759474,302.8510323405708
5.6885073012658545,312.25338426116247
6.101296863248263,318.1488631427013
5.781332874672781,333.501833675212
5.2300232464343575,353.3734550404296
4.6938200422452665,17.98158861724488
4.155750994904932,35.01251230942228
3.6297006837304147,46.448866448434785
2.831959129779531,56.787877663119616
2.7531180912470066,55.39656873072818
2.2581952659017,69.14257875316855
1.9336609168199113,95.66263527978202
1.792156583523708,127.62400219025972
2.0682848494750257,155.99952805934072
2.269479826396871,177.0088972321853
2.307305666962156,189.31176111457535
2.5836417869090327,192.75838519662076
2.9618961867359497,191.9559724215349
3.5855064387374633,189.36631623695985
4.276370876787871,190.11066972666197
4.906338210748461,192.70333588475268
6.256441237984177,189.8671297530454
6.5240707842621735,197.77670222854945
6.50459286971606,200.95582521086402
6.377464452546828,202.67655601157284
6.43331922570619,202.85234190562662
6.72361412865196,204.06179678236526
6.955472676743058,202.62957190378094
7.31507472980769,200.8950800276864
7.7646273834411845,199.81662721660837
7.9832720080716335,199.21028579472528
8.13634606231247,197.7485519850902
8.174021821336932,196.8066791372843
7.918032660003155,194.72647236620384
7.918256531105988,195.16704506436022
7.937632521886748,193.63965488284146
7.829262876486505,189.21201272528765
7.901985083962541,181.803374311236
8.361689492161164,173.38816972347024
8.756128337157424,167.14365353125106
8.915906248486817,163.64678181063346
8.865773232427573,160.2721943587884
8.827850133568651,158.0604051322897
8.854757236320724,154.047790149746
9.020966010254025,149.4097140142752
7.696233943908936,142.73164933427893
8.491486520932966,131.8993731979889
9.137683727655816,129.49086200057332
9.109901958168539,131.47210366761135
8.96696978629153,132.23319164813728
8.854759334084354,129.357132112636
8.934287409620554,125.30470852804746
9.198876823612448,121.8973064081872
9.399955818853286,118.78764983227666
9.729656649913426,116.17156068707607
9.931109364368519,115.1025129814584
9.857191748840256,113.7768697049919
9.666499588549364,112.01193268556915
9.733958072607754,107.5186803334015
9.772852692940123,104.84124553806794
9.526354575390714,102.97341638213186
9.389680144333928,100.92662971234552
9.062467433444064,99.38629012414196
8.853469363806925,97.57310954872571
8.52879401989984,97.15617928287861
8.214262515737449,95.32802173723019
7.931598099059748,94.587413846728
7.660946585018659,94.29777937796325
6.934911341237464,98.45827422535115
6.624479757335842,98.45006182506489
6.694523099308479,94.30398311092625
6.944329878853313,95.88262854782522
7.158467722204194,98.86508918070581
7.394872890515327,101.01013669964368
7.460196680886469,103.89043358058422
7.355997102312346,105.32222822657843
7.200442332099736,106.4981650056751
6.803347691928059,109.07283886863104
6.374919136016419,112.29722241591776
6.028407314958447,115.86153195762881
5.689421328134194,116.67713485114484
5.461166021511233,110.95045949567361
5.280199992782995,108.5338550673589
5.27389134957024,109.01086333931949
5.4729014407121435,110.26523638595182
5.500838980697649,113.2668947240802
5.173171251029513,116.40996266463242
4.8165277223309175,125.21059671181246
4.154703628349142,130.70414012743277
3.361710761073656,125.23324079465885
2.7176065306579833,112.86285058879582
2.626801604546407,109.16602372424387
2.843856183414564,111.59001564090602
3.429655900792527,115.74957821176702
3.5525033180650962,106.63927657759439
3.6465645740988184,98.91531699677063
3.799199697730869,96.48544857072767
3.9208538236750488,98.98217852879446
3.8018388986088323,103.33058440990203
3.3786666055655163,103.71046197194732
2.6772396875934446,100.01507392304478
2.089928170329796,86.93809459071895
1.7385702569244965,68.87663495326007
1.6196934687886357,53.08821729350058
1.4779722335135503,50.82488246030226
1.8415785277197767,94.41228663733591
1.494832864037267,130.9736080094961
1.2954902628663594,168.2792518359928
1.2218035865205994,207.24763732662
1.6012638462082787,229.23478432535785
2.0209963370926554,237.67794263936437
2.2845247559183566,248.48973994991036
2.3506436598974334,246.05556262673468
2.347951892334136,241.03501677663354
2.230911793482407,239.95044454973277
1.9943967490422085,237.11748799162407
1.976765056941631,218.956192024877
2.9054174799324883,212.2694852791336
3.581584413751195,217.2833582473865
4.066041650752835,221.62536044825256
4.427801072220047,224.87322710210643
4.620343015517823,225.60879785688277
4.772078668203751,224.45085108561815
4.990321456497817,223.96493014901972
5.311599401163655,221.42100157887512
5.619755660452658,219.7914888058803
5.849339989337552,217.2522872756912
6.171103934748249,214.1653922710462
6.5028510294516275,212.71427190768688
6.881283095881559,217.76113447759838
6.802272859869799,221.07650559654058
6.476593944327397,224.50908857753262
6.147481636219444,224.73129805725927
6.102706157046521,223.37524987103347
6.24870157549282,223.2070546121549
6.337832553968517,224.9367934271524
6.509713908083408,225.59601564076192
6.762208365697917,229.36190864774855
6.908329321438497,231.3813593251286
7.025337239030735,230.0840092131328
7.221355755178514,226.00995715359798
7.903687557040825,228.0823539977772
7.943356653718068,230.48458518493402
8.102342366248726,229.1851961257501
8.378270562472308,225.589043076686
8.487100514039335,222.28555797306103
8.612971066822993,221.15743220172703
8.53563694279466,221.23427498230603
8.56132086062951,221.66910606581018
8.528881331651643,222.38535849020138
8.476496342770206,221.21037594779858
8.37031868422055,221.19613371046776
8.299938528341704,219.3281529170208
8.164704141700536,216.34045217016245
8.536180706625776,210.7498533501103
8.929114468512598,208.7181470197283
9.129405466034097,209.29474781904938
9.04927567707742,209.83384350429083
8.864780704455201,210.77674279622508
8.790772476905152,211.02324812022778
8.462880871113155,209.69714981675978
8.214622375167622,208.56734459605937
8.077496644809203,208.04565125669578
7.7712591138193945,207.34394475108707
7.510556324381038,208.85781975559226
7.57803199986357,216.1417189003879
6.66433565558353,220.77279784109442
6.2696626658950665,218.9867985225786
6.570019422204156,215.96935636495027
6.568909138690698,218.20138118245842
6.3053268971883005,221.70567959167875
6.020967403733303,224.04395718383356
5.970834421264332,226.5644196690887
5.933131982272845,231.87328711074028
5.857957908909575,235.95987189357754
5.903178309152341,237.02664089602624
6.13320253103816,237.19104699699832
7.282224496063834,235.4751109368898
7.478913559416451,239.57118453813447
7.243484658523371,239.00326846210396
7.508407574291103,242.03551346369525
7.55424076234442,244.54758177973838
7.766869575133086,248.42504888844536
8.07702729795799,251.1810016572656
8.373930237435612,255.12181216334778
8.698202805091922,258.35490595967224
8.967038388010893,260.9945583735159
9.120116388641343,265.3174394017275
8.80279340642232,268.5731684554829
9.07344672452026,273.06822601537635
8.894903372528594,274.66292598582424
8.477928394819102,278.6717345871711
8.120652526775128,280.775514535933
7.78195166346049,281.6058110860852
7.840136990751947,281.2491367808022
8.078249509716972,283.5052591583168
8.265776290730761,284.9183493702964
8.37693001131365,286.70052369407256
8.224660482239331,289.1276566909556
7.796850338589632,289.8472722089948
7.405721303715538,288.6429606600499
7.626977210277412,281.4111840155408
7.73442215600085,278.5171335087087
8.166003242553781,275.8301307751214
8.648842683501824,273.75453984613915
8.822614215198989,273.68098348711953
9.014085471210883,273.0813605652947
8.911497125992076,272.26642877599545
8.88026441952463,271.0675577840508
9.07915392154696,267.85109024062683
9.52107888929133,265.20430786558427
9.952171681706021,263.90363477746234
10.256259797137513,263.1177293827612
9.70230063316084,258.33747696793824
10.445632771615575,257.23135558774646
10.658632679686802,259.639858521231
10.36572126177558,260.3175863332324
10.154934092102321,260.6537224571317
10.0203990601607,259.9253254610096
9.893093514160928,259.40679234700156
9.74128770488055,259.64336942935853
9.614845847688242,261.1644089591
9.353383569934984,263.35789648526406
8.86310388843165,265.2637924085329
8.30178040921526,267.2634154835677
7.853832151785893,267.02059656251663
7.180470257686472,268.8229034906145
6.63712431505478,269.10081954095756
6.414750683822565,269.4536064594768
6.356332386810346,270.60987381565496
6.24061982204827,272.20658246341395
6.182835465723988,273.6993790819165
6.037453843064762,274.274460521941
5.827215949528433,274.63411354646104
5.574601071314376,272.77713366339196
5.31024596356474,270.0726050404148
5.277641144106154,265.9224558558453
5.630230643286738,253.95273481185177
6.210462391585631,256.72607643196517
6.532896510760541,258.89336364779365
6.935749269311168,258.2360404662562
7.350660862071144,257.58661315223003
7.53988320365523,257.5408673761118
7.642968334026688,257.1283565987743
7.776221784286529,255.6662638178367
7.888564962386672,255.4237139148924
7.853077042801585,255.23114837892408
7.828151781286373,254.90757954792224
7.688810411350721,254.78097284722207
7.932146471505796,255.19888506545126
7.895121509875909,254.1538232193746
8.129336457191139,252.82033726382122
8.490290530058408,252.60617026339725
8.868420925230863,252.0412429322327
9.170287024888111,252.96357861472683
9.385352348226101,252.51930448248214
9.72580063903059,249.75704949078744
10.26332359830187,249.0632585201252
10.290763579806265,250.9727911589801
10.320734633226117,254.4465107423927
9.931681865874731,257.47716868477505
10.77232374062827,253.913448633724
10.955323335211288,255.11578322355155
10.79896167215433,258.9028701301557
10.2139986554537,262.1796034239857
9.590866801898953,264.05096478106066
9.083705573677198,266.6213712024472
8.644143505484843,268.87829147396735
8.098619702889119,272.0544476633763
7.524301620112767,276.27634332110426
6.6681980278192166,281.02125473857717
5.71866440453609,285.8624892026519
4.883711526821666,291.486535469763
3.022676617875186,302.565559904788
1.846110209824289,323.1946037567074
1.1752930669592663,359.9806594024255
1.1515014841396254,36.874755963436655
1.3207014414194642,53.73925662672201
1.3960040951908022,61.817034251516134
1.4347661138719507,65.23596759272914
1.2111141722221115,72.92752317266184
0.9208284329977341,84.63451496236831
0.6120435146169314,118.08752733044298
0.6262594923417528,174.9622933176097
0.85174473260245,205.07530668882094
1.0643791961358509,212.30210645290677
1.6682732416769441,239.83768077678053
2.0773942657500646,248.95251782017294
2.4728201705405177,256.90574468774975
2.7687637836061962,264.6019987597732
3.293951796709133,267.40468101170086
4.156515811162568,270.7826839737602
5.138680739343535,275.98325199617443
5.729599136507721,278.8396196871524
5.950534122200171,281.1948494524959
5.93159465524881,281.57447915153875
6.023967693065218,281.89886127124794
5.837286643912159,279.3268740563316
5.997589815585509,280.6708125010863
5.979342465445117,283.1594435555346
5.654678102880203,284.4014785851032
5.291975507524334,284.1420237097411
5.269862172604707,281.93088364857704
5.722770243991773,281.0389981122652
6.0360764666683355,281.9867077476334
5.998608987508282,284.2587259834989
5.672214704153699,284.9539043684142
5.4828159242344086,284.71784303482366
5.291670749706433,284.7309233006067
5.0251870854118295,280.5009298854225
5.0329915811129755,281.35398044180675
5.037194720855095,285.9744089817574
4.514531339990361,293.2669413883296
3.628288702853523,298.5994395519447
2.8502825151615077,302.14157930622326
2.2559726195279963,303.5560362642524
1.9265949111521394,301.69960121178735
1.715194474753487,300.43680719748716
1.5536404214003476,303.6919403147166
1.3766003116496441,313.9621292520824
1.1258458188904685,324.56793935674466
1.1670985543537657,334.0563946954629
0.9063290678192122,344.77330751378855
0.8922760737521457,354.4593412583481
0.9069749755510838,359.5912884230219
0.8813058956688449,2.905850664990851
0.9575557065246862,1.1376933792559498
1.2123847810957074,349.8485308070132
1.1779203604757416,356.82914514617516
1.280009021852836,355.278445463111
1.3984303172591641,351.32888953718384
1.5171525146604699,353.37910627942125
1.6591681004851686,356.0427775997489
1.6744807744275871,329.8868263848992
2.3099570144711548,338.1855879012368
2.741120305838672,349.4948635149225
2.8633577868752833,359.9743524201483
2.904274364655304,7.6057829572564515
2.9718623201848704,11.86899245335212
3.1902141167851235,14.982892862828578
3.2864550996427337,17.954853022055488
3.4550621195612634,20.012940647773462
3.635043680007883,22.69923422437489
3.80261625394425,24.67673817105623
3.9469293644913717,26.47767990691466
4.467509283168003,19.500649761348654
4.697611861634056,27.08091808097464
5.114827218743879,38.15199435576653
5.5355737047832365,54.21101535258481
6.07990790893776,68.28152751240259
6.227738689888731,78.51865821808792
5.588219439979731,82.47199765639004
4.958781306529485,81.90176270140591
4.5947496522202345,75.45062554489647
4.382906848915391,71.44741010663074
4.010617236489446,67.86722668988335
3.4981972512200468,67.64631869805163
2.505486958944931,91.03117284921848
1.2143664564265002,85.35204674663606
0.33900267227254094,355.10957047424415
1.3738071254760074,292.06091730832077
2.573176916168387,287.52004410621436
4.016804845548994,278.00380940557585
5.417833326398705,270.88255579843144
6.222254852811392,267.45980272393103
6.375681289473972,267.83359717046517
6.343993835030338,267.6691320846504
6.328534864226737,264.24301385233946
6.52960140336156,260.6469665093226
6.343200249053356,257.9663983498342
6.174727474264802,260.1692723119634
5.964848317136258,264.3705974380167
5.539526637391951,265.13035301504
5.225112426077384,266.8089024403581
4.929169284204336,269.10923492835536
4.736774002308296,270.1605757129621
4.478699965447047,271.6389686577651
4.2970161916753336,272.12276060933186
4.246476784349699,271.3222780403776
4.300565622145984,271.2198352544314
4.337681538682913,272.22487639825954
4.181168952873008,281.0072585094064
3.759552382169643,284.7020648819961
2.696916268510748,286.595258010249
1.7574864361216356,274.80404384945103
1.2293829499752769,260.92348664336487
0.7244381405814625,228.7830814449176
0.7741880346503441,149.08504686553823
1.3565537658572606,117.85522350738967
2.386574795046906,99.93947936851089
3.9662053341314794,99.25029241739628
4.836893765289819,103.80113934088126
5.345441616598995,103.98166124598754
5.827287901045206,100.09481073704569
6.0333747756815646,99.80553078793344
6.0984082970771905,100.8314083715706
5.93634951645011,102.20862318725312
5.562007297902462,99.96731426198653
5.307881830013929,92.54957258034534
5.44240946076964,82.41999516600293
5.501452653342115,71.24594155418868
5.7759914916933734,61.02951861347839
5.920281992829387,53.83056179694063
6.442083006464369,48.27227665030932
6.0089676887947805,43.435732749353406
6.410313534479377,38.9299315653123
6.8558352060573045,41.78055060418092
6.729927016749333,46.81643078599012
6.989819070977446,53.84826324405742
6.91551288791014,61.8790273808703
6.576200670852612,70.06550610310524
6.253894496870037,79.13783190679823
6.113523043750201,87.73564185121319
5.888508926204665,97.09536762240003
5.384083782265611,103.89702574975973
4.84687077116668,106.86683084836295
4.591969273703273,107.318588611981
4.242269726207954,106.6411905000673
3.9131019399595313,108.96039104977967
3.665349885294273,113.06623474955501
3.7216362288694644,120.67650628683845
3.8557684497885707,131.87633261709908
4.4746582753830495,143.01369371176867
4.861957061961182,152.86277396988623
5.2306090698598,160.32892898127488
5.398823293241039,164.56125365064986
5.47965812781471,167.0008624943498
5.336937595749742,169.68703599213018
5.153893160064946,172.0864758529243
4.653998838285164,170.99357345483133
4.801869197844226,170.1081836074418
5.049933652164188,175.65892107109244
5.0528374115442265,181.20105039207877
5.1602236925490494,185.53963295606135
5.328787737117201,190.20102526356013
5.439961305117911,194.82413506175337
5.557704633505211,198.69173282691364
5.586367900285645,203.20555672095745
5.538876441317022,208.52180140900103
5.449955548121444,214.45770446671617
5.410733880919297,219.06267999222544
5.689367135735528,223.2520658625573
5.393673749446034,226.20710341995058
5.177814267296904,229.29814219761843
4.961383112943346,231.20559167998653
4.853075861480953,230.02289080168552
4.9402917275008775,227.54217958753742
5.175749221239883,227.18343641055307
5.423592165099132,229.7271129517702
5.485300379399336,233.74421707245074
5.459057902501039,238.26823410455927
5.227097835479739,242.93341404153057
4.912783072006524,248.4669560679873
5.313484383851955,244.88012719504383
5.333993871917518,250.60540523783098
5.028539683385561,253.36075649375826
4.764169673128627,256.2995656716224
4.666185092309241,254.84217907876234
4.786287525159624,255.36066676789562
4.973218642160508,255.29473349544674
5.14726794359634,256.61481175552547
5.219029681863095,257.09264527884733
5.33954819618966,258.782129631498
5.334499289855981,261.24147679820555
5.272774979986471,265.1454930784189
5.392071203981468,261.5459197683709
5.1581652988231586,264.3581823683689
4.809271431377043,264.7356727153002
4.637327309328518,263.06126064475444
4.5561447492276566,258.4834668253161
4.786000877120375,254.15389239500988
5.066974395558211,251.65005919678026
5.371351927057743,251.52824948514086
5.539794908921214,253.77491894837772
5.411421812647187,255.75925575507122
5.169148949128328,258.71272164386147
4.853485438713706,259.9909766573324
4.6824105085177425,260.1108551576033
4.612287833828847,264.810771209632
4.118546221876662,267.5534245057851
3.3335025068699697,265.8441623473137
3.050568884498329,253.01035647486552
3.542171831567358,238.82904541179542
4.240651039821072,233.000673384486
4.845639829996138,231.6846897862102
5.335248212917177,232.7184030594442
5.7064965534628795,235.17928930804993
5.799874952693533,238.0544873039645
5.5718070787059935,242.66851174237706
4.8179595525958305,252.141526008515
3.9754250256075845,251.6950294269935
3.357677336364513,242.2917374278651
3.4182097099212276,227.6787051276905
4.0249036956819575,220.49261229262922
4.51008051993823,219.04743606948503
4.777262084987476,218.04857174157928
4.93944969547228,220.65030713686392
4.896182418025317,225.14696801397756
4.658506451783464,225.55457413901428
4.42947473973273,222.66750981917747
4.374766052617123,218.21384129321257
5.284687635961503,212.40748472024958
5.441645145889086,216.30300960928943
5.363823385862019,222.39091774237983
5.116374850661734,228.11211031703502
4.5399745495316655,232.1722903188119
3.980717147755114,232.76552286495058
3.599012669993665,230.71736077527828
3.504796140045165,226.13000294353
3.5442338749754367,220.2182087350281
3.896250543857068,218.83572540284524
4.236662296301258,218.30839700597275
4.624147138236006,220.66031400405538
4.9625848196211315,223.880527165469
4.578125879197545,230.00894558158475
4.04506708390139,235.25282097894168
3.630072606714826,239.03252611938657
3.0745819039518545,239.3972595817382
2.798128504311809,236.19528399925917
2.7323489916519543,228.86277609894685
2.9737053251495937,226.53315016585407
3.1533024903995113,227.91079685199577
3.0942216327859726,229.39772362299226
2.9703395339450402,230.75116201171795
2.66021366043802,230.88554442415338
2.376563713035148,205.79246124922503
2.357025888803653,205.565740362742
2.2030616009006425,203.22579112693955
1.8449423883935916,198.27760526562793
1.6174536696237936,180.80431847638408
1.980769299213849,165.0282097250904
2.4286367904396595,157.66086632462088
2.6656961691990797,151.03029027672568
2.5821211799433583,139.34211278194994
2.899241022564769,118.75512212182781
3.6005227412724263,104.21886686813974
4.320130116662488,100.39520381898694
5.0117483916488625,97.13570496077278
5.408180263249028,98.4202172688411
5.606479956303735,99.2338785370672
5.815019861244725,99.067271965901
6.04784355113159,98.87692763184447
6.137897768074675,98.79076799200539
6.163893299308225,99.46288181742204
6.076543971790548,101.23558245134916
6.06358335732563,102.4321596910454
6.130580380817784,104.47450359889359
6.069902912323547,105.33390699038637
6.013725345559141,105.6578971113604
6.336222755068904,100.68635256913683
6.510693455596879,103.63764084354494
6.340747841341066,105.77316166266479
6.064191045282161,105.31536965929166
6.077525103513046,103.48010051046845
6.235773169272497,102.50360985817377
6.421241971983677,103.25410065292925
6.477166061548696,104.54124420477564
6.4263803199267855,105.7735134050194
6.348289989603338,107.22395717242136
6.310745100272691,109.6762830511982
6.288892162133824,111.13229850367844
6.485890581625486,110.11324091162442
6.608766117614378,109.97493445996264
6.3590351642110186,111.91540112445944
6.035158063718275,112.86362346453194
5.722318639673145,110.66809263539983
5.646228640830593,108.81335170116847
5.597513440663313,107.90487712458855
5.634153343735152,108.19730425077694
5.521116091593822,106.06485172654504
5.485540750515444,106.29737772344117
5.306583166168603,107.89201855124747
5.206076845659888,106.55274268555485
5.039774365738052,93.02972793367269
5.411924930861179,94.26223089471262
5.707006605196822,97.95750072253122
5.844847895916967,101.93973362819082
5.718130962534835,103.86725992353604
5.404964309964391,103.06822098011355
4.966305210796977,101.41923629858286
4.539892203153823,98.55623747758096
4.4226598471444305,93.60783958266222
4.501653859387682,90.09244379058498
4.442153906137404,91.36816240051593
4.358973945657923,90.90599670150948
4.570517862697619,97.07305678918141
4.4713036321770305,93.40849557988776
4.426408383473808,92.52698444033621
4.355537377128009,92.37645967605926
4.2464628601448435,90.0664994423251
4.139767747711406,86.71487942609531
4.203604305964521,84.66050797997235
4.109359228127647,81.85298844899017
4.325104027252542,81.03199698957928
4.311655618477017,79.03503971597218
4.239297163255202,78.36921717095402
4.172861428407659,79.80996902741276
3.784117861599124,75.11766480187782
3.8992929071668923,76.6202358669928
3.853620901737785,80.98177629654651
3.835541269283234,85.94251069779978
3.841956193508907,90.1069518772357
3.9883891252024597,92.27526053034683
4.0610375467695015,98.0217164915872
3.924553860300363,102.64420789408405
3.8123939264311093,106.73908930428018
3.6703160326231434,110.12887873605314
3.6169698433885134,114.13300771881347
3.429190143602565,117.21803555630208
2.852408448877404,118.15706376941336
2.9569069303077766,110.1337864295665
3.3426680574091363,110.88576606029903
3.5292519940383515,114.8711462425249
3.707517415581445,121.57482876189124
3.532571143946829,128.64886912442842
3.3112837628939746,133.7843412188795
3.084871582221393,136.54364237902405
2.6846446855643915,137.79960848983694
2.1560702100306934,133.74834827251703
1.7942598725124965,124.40254566179908
1.870807033396069,120.26551936473561
2.4047852650518737,134.95526862386134
2.2734251685833273,130.3005134054727
2.2254215380511084,137.46141495811878
2.0649205187723063,137.59832174215484
2.0064251526563384,127.69032333802664
2.2527002288866043,125.99113571436783
2.350945222843348,125.07321120221224
2.2126933242094307,124.9421708420129
2.1185754534709145,127.80165525680786
1.8521549937093764,123.04175641102688
1.7117176222272703,115.82108061689513
1.7746788647615996,103.5942795767026
2.575505155645822,103.7787987735843
2.7239999159826,100.48541072123538
2.9225503565575957,99.34930881112501
3.0284035363734887,94.84939749284052
3.0772554365003395,90.54151253818145
3.1955083876591592,86.37139196025527
3.4045824871270263,78.66675089314373
3.589273650463872,71.3562342020773
3.838423607032435,62.072949555214734
4.3210962260651335,52.211914457219734
4.81950002564705,44.465747417190585
5.321687469510006,38.823473274894866
5.325715483464832,44.50492163675767
5.854389671431113,41.42315818806151
5.901835555680787,41.72865781698886
6.123960027047774,44.83868539597336
5.994531061099666,42.51014141093765
6.284382479278752,43.32283889258599
6.569038143904345,46.43124773063437
6.652981288566546,44.47434133769923
6.429489855752437,42.269929101693606
6.201517250629743,39.950801221769666
5.954979073115018,39.113998394651276
5.680884428652201,37.51273262987422
5.512709292866036,33.21968603922454
5.490538283942557,29.149935492355496
5.0732687164012455,22.727702017164347
4.778364602045886,16.22468820602097
4.555905946780286,10.335690071379247
4.446854723752967,5.2122460488381535
4.230854790207568,0.5172271829744091
3.9423914147641743,354.97869701428004
3.7707470734016515,346.0228574158572
3.656334112199409,339.83665262673657
3.545192015078814,337.2244692231833
3.229018301132482,334.8230719010193
2.598274007758631,324.2965530237855
2.5904834823288296,317.78676597902063
2.959933708574077,306.988752744861
2.9871155896515456,303.8491699121511
3.0436619017565354,305.75992936127005
2.7133694917318674,303.0013233281552
2.329487891088415,293.10845801120365
2.410389410792529,279.5632142025576
2.7635408079311796,268.9328676784069
3.0110307731863415,266.4021851147521
3.2627136194076667,265.29610628199885
3.521542376936856,264.9360699290926
3.6423481422771844,266.93290247875973
3.553943282896941,268.78664536863954
3.3319209957243063,270.2306418261584
2.7930381342323614,276.25456969087816
1.9381602630280963,283.338126973494
0.9065553934360143,284.0526161493957
0.39008736426372437,213.61796219716396
0.7863280229042041,189.11539619601757
0.9097638755741906,164.51133110675858
1.202361459153346,152.67270693850162
1.3179535611282516,154.90772593256702
1.3472865426975213,156.3320900912629
1.568261699352329,172.2177355459553
1.7556413475797745,190.92084900140256
1.7198867728318268,205.074503846037
1.7400067536243213,210.3891709426112
1.939548225249233,204.87169612241973
2.158268719044663,213.78252939092147
2.2984066221534976,228.05477206284763
2.3391613787293535,239.2234086595072
2.307414793547708,243.08283684294346
2.2943851647439537,241.33419143162644
2.4464194974475575,239.35052735659218
2.6036567185999693,239.18222489779032
2.682869555754966,222.52770365607307
2.860718728213756,223.306186681689
3.1064545457525448,228.2006611382387
3.043060171133164,236.2929608350856
2.961879370066973,241.90099940087467
2.854119960188648,243.85345282562423
2.876561355190673,246.71078021382587
2.9908064095809563,248.92517385050564
3.050495264950536,249.33943209611635
3.1270435349013113,247.3715747015873
3.48553917671877,248.81863881243652
3.9234682145279436,251.23569607671567
3.4588003022773632,253.91777283199204
3.943031189484335,254.74058323467804
4.225748638697983,259.8282955919211
4.19006316842346,260.06245057927924
4.1378800183571975,257.8443271379181
4.327335946059936,253.92742032843552
4.613912833997391,254.09666550322723
4.987004580121587,254.79615846942946
5.418927466607483,258.4956362775917
5.779694006334986,261.2922376824099
6.017866504317639,265.61034225643914
6.131385627585749,269.3802988848869
5.717084580881745,269.425311975174
5.67844967637239,270.41739407301793
5.531123306373635,273.2407482383394
5.038120511043764,276.68564815175773
4.4547555948365245,277.7313218498887
4.090287086700028,276.0113888572363
4.028472182154867,274.1820232142618
4.170852519877626,274.90737461386436
4.613728026959032,275.5398972204375
5.093244991657751,275.8104086529592
5.712488061688279,274.9630055353337
6.368300609494285,275.6672491231342
6.419724486836189,274.8751418396528
7.161766802576649,274.99511589241996
7.202866698864897,282.4886017017299
5.920666704979129,293.4732180546
4.075778176298578,300.87822581129194
2.6693887991826633,302.4077145883771
1.8545949043452938,296.7050342775443
1.4696746297845857,297.76787736889946
1.0295965377685474,316.50604409237656
0.7193571515983292,324.1717073924974
0.7102608320554024,333.0209862305154
0.8459051299068124,332.76658304703403
0.9593395836515712,45.788125745846
1.3938741939780255,62.7777217952721
1.813328107065873,79.88446476773152
2.183221540033735,94.06875546838529
2.234522317945784,103.5426048225138
2.2641002602773144,112.00784888877791
2.1457008096796395,118.80069023042239
1.8165489591615471,127.76578384938142
1.465541278996999,137.75640682280942
1.313447570522771,153.9401135441442
1.2982343808377284,167.9713252095131
1.3535266611947807,177.49563313531667
1.4073934273721487,158.4086480391768
2.3240912965497493,177.88617128640976
2.3097203154261687,198.35702660668397
2.1087651720005334,219.05438197111198
2.11586365637926,228.09620285054334
2.373342396853391,229.6527814509288
2.3906133450109515,232.9950099559195
2.319625854865655,235.72767377628173
1.780803349013947,234.423344071255
1.6061459584131264,226.81470191871162
1.7083669875611915,219.68527014681703
1.7333613635184786,218.299746117004
1.450383500040183,203.00792020569665
1.4236037212589476,201.73743402192397
1.3152277290052548,208.16726861715088
1.115901985555873,214.41801676767972
0.9262310223122631,220.0602084680361
1.0108965472784048,228.2079501285754
1.2448248029593965,242.1580825297574
1.7068237975100573,251.77319246108968
2.312653414748463,266.1555230617522
2.731969604699987,280.84946027409165
3.0350734423993844,290.5995030154586
3.015158917958039,294.80148862175633
2.5526263797041744,260.09229346018856
2.9760616711219745,259.4417547631726
3.0000952808239796,271.8924832281698
2.9206439409478615,271.46213300776503
3.3511402838819495,272.60140125996685
4.076124580414944,281.11509229777823
4.651535610737925,289.26992962179725
4.858078081096371,300.33815153053916
4.665968669525964,309.73455976371093
4.046279947793935,321.50843996350403
3.1316593104124415,328.53003149911154
2.5173211656086414,329.9308309143152
1.727876628146836,334.1577047239524
2.1160976565365597,297.8762653680127
4.092786635471945,294.279756021627
5.5447318383445605,299.0811748489665
6.663878038525314,300.7665012212016
7.956981724771003,299.4478134661605
9.222005454220355,300.0983859836725
9.791370274419664,300.39488497542254
10.061701730381222,299.99901261239063
9.83594521508843,301.3798791744987
9.402794690491188,302.5888345117516
9.30560964216367,301.8570279401748
8.402063433645734,299.3480495656262
8.543519637007586,309.81537097123936
8.37541189637664,318.107050284264
8.68576868750344,319.8408699780355
9.062583374835787,317.2619606270458
9.172148904943718,312.5735667914978
9.141396284472863,308.99373707815494
8.997052143413766,310.01200414533656
8.663061041582992,313.18693322748334
8.275043959686721,317.42494422706704
7.766902270793491,323.2382301432143
7.047060410160466,331.3678073096
6.189031766637654,335.92439024651145
6.01029879549302,340.63688402181333
5.968043906318546,344.1761493205704
6.053601473998738,348.99863774864446
5.629014116160529,351.56964545171627
5.195232684520107,349.9360547973831
5.104488197203026,344.8603561536512
5.19394108381159,343.01169423594075
5.176166230886722,339.2331042499916
5.265293229807378,334.42691770915116
5.564921786555053,329.0279983952082
5.750398319905938,324.61824141217147
4.591806944116984,336.72030902212975
4.03714588912843,332.47941916109465
4.005592611780956,325.85270971685503
4.271288853564688,331.4193360357491
4.346802591671355,343.5646045382002
4.197419107935029,358.24491480247787
3.991404174249443,10.474095617615319
3.8183326686350028,16.627201079681015
3.919042818905331,18.07192538106011
4.146317277388465,22.325577449213426
4.534606882054975,26.225421154259607
4.450523348441943,25.160964739430597
4.425603266563011,30.002699374456824
4.464424464647816,34.56883538351815
4.405665709458634,35.7939669160304
4.130454753543761,33.728811499038045
3.668050083062542,25.141588950083303
3.167829735384307,14.72656585592631
3.0810403267885995,4.923551512445329
3.1570849674825157,0.8676277285725291
3.043266245171494,3.4928812313945627
2.898306031432818,5.521738863122039
2.814433870961904,359.8378478386852
2.5981391809560392,356.7810658969198
1.9268311539204046,1.456635398397566
2.0023795602990684,340.7382644421327
2.6031142023277622,328.5492445654093
2.938147216938779,328.4819920906988
3.0205201956525123,339.161422314663
3.019503463913108,352.9145956211961
3.1586897990906526,4.057673898362111
3.207750843399171,9.705980811530083
3.262407816172996,13.803950644370332
3.2838062559338437,18.788467817681294
3.4055886012917487,23.6472513871459
3.4485935220744834,27.572210009248863
2.8568941485425214,13.288969860055602
3.0542404744110843,7.962347604243178
3.0122070845911857,6.296954023910246
2.830590140338646,11.13402831706992
2.7419379033912437,20.42147521967462
2.7973952452526296,23.523277688101814
2.944016732807808,21.517744258605433
3.0697110198149433,12.489329135111404
3.1779949195726633,3.3319548397112726
3.202192142202954,355.8817624317638
3.088305161626542,350.85396168863923
2.944191401185093,342.1438755246823
1.496512981083792,1.2800906452745267
1.3626666607886906,330.85634540649573
2.0526415004329057,305.4533089272532
2.8313802455618444,304.68310451211875
3.3344321780037225,308.3463117907811
3.3501996941196817,309.99298231683787
2.908905449448849,316.07987370280046
2.487403324750156,340.5124330770976
2.7539912327128295,20.516140465443755
3.759256529922805,47.13139592416729
4.3579469230770185,56.61000190981321
4.197750188066752,55.14302636096056
1.8401720395673036,26.14520464376801
2.698119584553883,355.1968289918996
3.1860391751546384,340.2331177834774
3.289803555370048,335.6509257713519
3.234952282568862,335.6600937555241
3.292381913192625,334.0670886034595
3.438170773956234,329.2729530222899
3.6964786707718535,325.28945311569316
3.889410937837831,324.8213267425794
3.8108752421605674,326.8056620423402
3.701837954208402,331.1714825834531
3.6413238326428714,334.2374870547741
3.179898121702054,344.78394536480806
3.051172076894302,0.46590924450748616
2.9670938145276557,12.16641461341851
3.047256654284441,18.56858948515753
3.0376181845732897,29.44069197141772
2.9978101759706015,45.60979475223019
2.942362274295368,67.87227980187032
3.0660943113818657,89.65897128936558
3.1016103665477215,109.78763040502758
2.7693123379192044,128.10335847427734
2.460671089678393,147.9367677009402
2.2885677388392773,171.88567296338908
2.8027498859395914,192.9141420950046
2.5279325307620772,222.09255738848847
2.8075087149907763,243.11004546242535
2.9371629835254596,249.8099640786271
2.9138510628314456,255.55456898422705
3.026146577756247,263.9010037814337
3.2010490559623546,273.64749645879925
3.462102152990794,285.7264516768222
3.579070155679529,294.051801647444
3.5115242187898548,301.7862331895891
3.358883537488101,307.05829215333506
3.251476927719711,310.17015560203095
2.883361422841403,313.21674721406214
2.5573722786047166,330.92729914707644
2.8152959742178822,359.9087009710989
3.5507554574210163,21.430238390513296
4.171015282462591,37.52115418526688
4.343463411945902,45.153572205078376
4.0655909176042595,47.27764219641438
3.9067624529126785,44.45850032640482
3.575984180766358,40.65165085916425
3.2954648108052935,33.22533750639741
2.852859228544507,21.842325144656456
2.509936956725932,357.8092225982083
2.6850487212540557,317.4062253056877
3.33992752393656,308.12954207053974
3.543722191297732,305.2191951348044
3.514924412259503,309.4052259001537
3.5150315030852926,317.7705467080284
3.4023609499992924,330.05356038462253
3.4280310622266765,343.7288083337779
3.36980920930257,352.31257156879565
3.32237805818745,358.13476822482625
3.2763973355137237,1.6951963133662957
3.1589950972037233,1.7889510444002212
2.991913596601822,0.9158221444679384
2.3356367087412293,11.271319080514331
2.3603618262978405,10.312168506940623
2.4322516150133406,3.6652586928610162
2.6015400156931903,2.744277671830389
2.678452092293936,4.308381726637094
2.627952876986389,7.583915288249727
2.531672188512626,15.20705233789323
2.363259503007327,27.749700300076654
2.205818349344125,43.27699419306276
2.0055927934839515,57.447197931783194
1.60099449675507,73.1121447900972
1.098997821640601,97.52887975859181
1.183187515222457,140.7202621993422
1.2571452829879062,145.20601737172944
1.293964171473144,137.7294941655241
1.7912751643987532,130.62035086475856
2.3865909181633556,127.94277448026622
2.859943596959024,129.97438309587278
3.0290863644359103,131.7179085308817
2.9516850745590544,137.88938917388316
2.6988521418122207,144.04552835706022
2.289738289142303,144.06284929668044
1.9667022077262257,129.11794638337892
2.2309820864345324,90.810814694253
4.028904604671137,76.95761377722187
4.875858605078216,69.30974842255745
5.807782451759751,64.22827868221543
6.443264928707363,62.62622810659775
7.4883694530076195,68.62885312857787
8.217182705233284,75.59459532866947
8.590050632455874,73.07255401990483
9.469525569514607,65.13273505500229
10.572360572012764,59.368256304448664
11.139490308134613,58.27445087488604
11.30510652488435,58.70473077070528
11.076842963153174,58.69635333880933
10.762288800999768,59.1295857308412
10.66500332660427,57.30092196024373
10.335390657848325,54.53276772938966
9.666231941288808,51.861107144409914
9.047579070094994,48.853498602532056
8.735970446114345,45.05349743565591
7.897828434508564,38.85070021189
6.612637471603842,28.99925738282144
5.348504056098396,15.421090896829412
4.4011034191210125,356.4140748930978
3.940633641603879,333.46481420221426
4.106940667433221,315.4747617775906
4.757525772805702,285.34005630807275
5.391566642035944,280.9513103720432
5.966695053933227,287.69199321187256
6.40515252825606,299.58320132810195
6.519048923229075,309.40461034237217
6.881042371167394,317.41212768608074
6.778384363248019,322.3181838965965
6.326677776459466,324.3717544560669
5.765588458837851,331.2766911735219
5.3431890770389066,350.741118124211
5.683749826731874,15.323422074333962
6.758998233472084,31.68408025311652
6.757653429493389,32.55207032864712
7.33307445427497,37.32516431184342
7.970474533073383,38.002279616554915
8.462886842680103,36.305052745196235
8.695335655297328,33.62132860932866
8.68734285867993,29.80973962264659
8.656523124204561,27.495968789645588
8.736188351786486,28.25499763552631
8.561336747460235,31.535302419777736
8.007597741637891,35.435152884585136
7.580754873094505,38.54599546453795
7.7869636770202675,40.0006553698413
7.071115713617659,32.749793006571565
7.17172968965737,31.166506248870803
7.211336079702558,33.162694409164374
7.282401137858653,35.311915920828085
7.146743247944646,35.03803015510499
6.934254913512637,31.462007992925578
6.818224836277905,27.175888703314286
6.891099040012715,24.644982603510925
6.962546148944113,24.335971461055863
6.984151558629824,27.606811355312516
6.949302433080362,33.86187783429551
6.971511518568067,40.84904462343991
7.177004884468173,41.67543919026264
6.982648298006423,43.44129756527025
6.948081645986155,41.747323186036795
7.018723577823171,39.562070226099195
7.324849277111535,37.41254651825926
7.827921080297118,36.15046837443623
8.313720707976852,35.764479441625895
8.561255257181589,35.71173152675067
8.766800117581685,36.882662864164274
8.882860566419811,38.536842165722135
9.169685815350764,41.86743028197759
9.542536233220705,46.387731786010534
10.195893061826222,47.175414784577924
10.539318264632005,44.79822103263882
10.891502888253484,42.748672687779674
12.09879291681914,42.35229343738348
11.764283913691473,43.27314513148053
12.015137049694939,43.159107045819894
12.028577405231633,43.39855571478893
12.802519170860055,43.13607464568065
12.063716924126537,42.24721647035091
11.426876681190928,40.67516963523781
10.836944710741397,38.23513500727506
10.488837050671343,34.834167324037026
10.122420768480085,31.802185248657565
9.57415952120322,31.26993522082239
9.013025278534803,33.0158358028728
8.687264605336077,35.193179619481214
8.483899874369158,34.973085776699065
8.434607804483404,33.40738728093186
8.22701680626607,35.270831726711094
7.780984445707956,39.059701750638396
7.465496329503351,37.74575399206816
7.092060495295725,35.08433520556525
6.79716126725335,33.96457570192899
6.488085678000327,38.57731524906984
6.317261250700699,47.69851956701655
6.402511978226694,48.636792244802336
6.17050653453037,45.898105181655865
6.007284217043921,49.4897392319499
6.256538507710455,56.470150162590016
6.577395972719471,58.444370397376474
6.5241939855314675,58.16739873226112
6.309532669226303,58.43561586336409
6.11596919502379,56.4100002770557
5.7028986064623535,56.60046145894091
5.449607043151457,63.0895656572111
5.690093735569021,73.14842290217814
6.2827700118591014,77.2784817346286
7.180092631223109,81.39119910163532
7.90193739142397,79.06408061528953
8.512950749799876,75.65621693947264
8.215036775659586,74.74723342183472
8.12852018875776,74.57897957308433
8.131226934406577,74.18993183766065
8.0315688986711,76.21039416181532
7.988487007330252,76.26515616884768
7.809878278987142,75.72287903939184
7.738450813456091,74.69935074043781
7.725998305323826,72.68401386953195
7.589579272421826,71.66577165273975
7.807332542708723,63.57757398213215
8.073869333446726,57.31606723385357
8.267797094139041,55.09672138634602
8.381132841364128,55.395085361470194
8.201761340118102,53.71115928060976
8.64421721188865,49.35528620326835
9.031416929876183,45.750846448470725
9.239527292621156,42.60513406375884
9.463689872261778,41.438706319817925
9.857198382411577,41.91278294088687
10.527402668676633,42.19181014622484
10.717637430790443,40.54963088357647
10.830373224508758,42.79302524760635
11.308124026882185,48.07439087611027
11.809570202771352,50.783503936098214
11.864076297844443,53.07900569711097
11.649124631112246,62.189719226121554
11.48756965567408,68.8005571039086
11.310737888049966,71.14641528547645
11.106491375953299,76.78422490817263
10.47641329508114,89.00638596068455
9.015380701314129,105.54700342583573
7.554939601579485,123.31904573533222
7.035824498349021,129.92279378966379
7.083987648720247,139.21933055384022
7.562711339226934,147.9054585135102
7.539886449603661,151.69369227354474
7.0572583593984985,154.81380333252685
5.988751835392417,154.44491415422988
4.811124509655331,148.4662721491544
4.452920241929025,136.21707339497118
4.682665425135292,128.741771487621
4.934982339608729,128.01514892331033
4.7802228002167855,127.24965785120446
3.921342589316839,115.29079818379972
3.5404582776578075,96.59737085060124
3.8853928059892477,70.36514091377376
4.881214953799197,58.11116811462847
5.418618391610858,55.63890764881404
5.887124798046621,59.43961427509106
6.386049392331871,68.44785511641987
6.605853652474509,75.00674915983859
6.432663934284692,72.2034674559377
6.000488644787023,65.99750826772254
5.611677537969363,59.52527617701128
5.356455566625536,56.43740836139244
5.034026545971501,57.44469186360925
5.618833175839554,70.82545172906953
5.271798526736266,76.28529012938867
4.41891797169941,86.55203956050286
3.6041181309102854,109.34567167673049
2.7853728505283635,137.17891010491292
2.2043021916002195,165.05103040773952
1.7617456974778571,180.31660834118395
1.4790886380066477,191.2772426090155
1.7014025927586414,199.6464265113882
1.9239336517828909,212.50137367246444
1.7552705365865515,224.37096637171132
1.478780574846806,235.05283005408117
1.6585883442387876,247.3473721292525
1.7225360606657285,254.33667853070205
1.7508754495460639,255.50306712782867
1.7663231509044683,254.01707439147026
1.7474845298010897,260.22940867739806
1.4357314046988507,272.17989703263896
0.9998503544847205,266.5291523812682
0.9369764754806867,208.00398852522804
2.273994172643331,178.89960228555697
3.7990758053555234,175.64390131822108
5.346789540339288,175.73313587710618
6.645881679825759,176.7039128721151
6.263395127270714,195.3988548269484
6.093856064688923,190.79928345583417
6.221841617679055,186.33213820550787
6.2018573299876625,181.66168330061674
6.141486225568499,177.5986416795579
6.03625669680535,174.65651772265653
5.751480528860971,172.87211799214685
5.4510887900612115,169.96474222004906
5.140233802708798,167.97309718978545
4.823552774410813,166.088425544919
4.423803702327346,164.29631440829053
4.220103637205993,162.40087990668133
4.036304069691069,163.42535902824068
3.8015593958119935,163.39474702977316
4.0907848970106455,160.48129614284585
4.46002566507694,156.193392062886
4.848409973536813,156.71408784617574
5.32706438413086,160.16848057843094
5.627241878019978,163.3653248107479
5.5146143021578045,165.31615758436715
5.2883222712089415,163.27654460981557
5.315776265962224,157.03891670269138
5.17847559949766,152.89986187423597
4.655085115635822,147.99190947539591
4.041097238351348,144.11022837509142
3.441355474942884,137.33737998978108
2.5120106131327966,121.4231141941828
2.607910803477328,89.80053449002469
3.5051822546254106,74.81678643029369
4.364020800107937,67.07403832152335
5.309548783046521,63.13104481011953
6.257828644584874,57.37959011534929
7.466642963503706,53.92010599182072
8.059159646426888,53.37650662744932
8.784945435748845,56.21738461402367
9.091584570452062,57.424616510934754
9.257296952117773,57.12108130165382
9.480636409170696,55.60424615342731
9.981099386017403,56.71189691800015
10.486152356509518,62.42714061023537
10.294964477815963,69.76176586395832
9.980301079898544,75.08038249710432
9.523537311457474,76.82325748305857
9.663791604820547,74.35828987724011
10.136997826422784,71.58970537738679
10.236448056256478,72.22695220999753
9.621924519186429,74.42387659324999
9.265970230641893,77.86611257498447
10.400675252053492,80.92038699691886
9.901636083374264,82.15603370432376
9.404018887544403,84.84396879639615
8.582523802058788,88.05124033005313
7.823874845557078,89.29823564035053
7.002795884061603,87.86952815400332
6.593598275591257,84.15565084613581
6.23381427588113,84.73408566395193
5.681278840884879,91.15991126092962
4.9903019607835475,97.6125993965723
3.99602454152461,102.78566685440973
3.220698233914935,103.67993276771227
2.1401700152518353,104.15771066535513
1.4913178768456827,113.27533665462516
0.7278063318154405,125.2994503859228
0.1568915038033153,224.96453714824085
0.797195077710721,287.1721509329847
1.1681548588908077,288.8368173244562
1.3299516535039884,300.92903388210084
1.30491974081025,321.00860992307673
1.3649198829812355,357.9120695331879
1.1726203753297366,27.053860857138943
0.6313275308852996,72.28149605699497
1.107414261106754,171.4132557850926
2.1320146558747597,190.06589334917726
3.0076010357274,207.96058906121976
3.4382047924067876,224.17108131462666
3.5649244436461216,236.52867745408707
3.312855619444735,243.18450944371642
3.2058182431183027,244.10440548865745
3.166467115194788,241.3833263637655
3.3465842323356334,235.16528274697208
3.819584920786941,232.70408921595305
4.385453065367192,236.10474565109763
4.869974045881231,240.07279698127655
5.352733512425853,243.64677623523528
5.3118053006830985,250.42315613325138
5.5421017451121015,251.38057655936484
5.549293793913205,251.1282740776064
5.553932731690242,249.3502504983225
5.397416524155083,248.76137067248197
5.3646569329049365,247.39043901102283
5.4676838240639265,243.98942985894297
5.646505625780088,241.76698783679777
5.748098823431665,241.60123803852562
5.720990274070565,242.79812848190159
5.518220402105697,244.76632697553208
5.160008559444222,245.42238611248618
4.839933151967999,232.3653049031227
4.773602789129605,232.18645699338043
4.614540375778347,231.5084608983134
4.481906670572947,231.26604235681987
4.4351939230961,233.70964345962813
4.359398359261081,235.67572027408943
3.997723063849914,237.03482633028386
3.497105094256793,236.0935324426804
3.1767323796935196,233.54016753490606
2.8842837612484886,229.80605770608489
2.668608984743385,226.7529795976479
2.484390389612494,226.3298831257165
1.1927600019075464,224.4967313067973
1.23489160516964,205.9147129526404
1.448863829928128,184.3596453881506
1.6037998810491043,165.85759064185015
1.7818613740095552,149.341186815867
2.0974895743293933,144.9727407033721
2.4907996847944336,145.1993998022358
2.899177770988692,143.7878082998501
3.162204460915208,136.75269919591096
3.507719547775747,129.47355897008413
3.970189955849448,121.80496848134618
4.569035438031122,117.18306640851898
3.754044549424587,114.28700848715158
3.7153156913424423,106.19321618107074
4.1182653441648105,103.17368787352802
5.073202226568438,110.05209790075139
5.907568707929036,114.44683315763393
5.973975762595108,114.21698205044851
5.812825221170103,111.43545299778174
5.924800477824422,108.22053407161297
5.716577619807146,104.57397650523774
5.3524031009646444,99.15063785976326
5.345470900055537,91.68663160031281
5.99855616943184,89.05581613619114
6.663875741442758,90.558635268371
7.171955251436515,93.5761975231506
7.0932677590155615,95.41218176702182
7.076243949612512,94.30715029149945
7.015446130733992,93.01707117158338
7.228438220906911,90.90375995390411
7.296943125258621,92.5978235798915
7.253709616584928,95.77431104522009
7.117467958487433,95.84176402993512
7.096524779644547,94.7164670833564
7.14624030766171,94.07328330467271
7.105166588379109,96.13659959961308
7.187288244497787,97.76776275896134
7.533911969323903,98.69954373944307
7.826873308287051,100.18499707321467
7.8436759738234985,101.32173686345544
8.116416856513673,100.69996446135679
8.6110883512788,99.4967725036862
9.066714837279983,99.8675415334414
9.17516966985239,103.38600071204615
9.01835501102351,107.42518041462932
8.89266465478498,107.5109031382824
9.195510437638422,104.66973626021377
9.595497489032475,104.08821760077433
9.808595375949718,105.22416151283409
9.799682054807864,107.77252087785791
9.750408902511628,107.52408345041243
10.045929193304852,103.5015725557447
10.252285168820348,101.95697412888944
10.194860256142373,104.03965440436207
10.264260715190613,104.36611459385648
10.40571572690553,103.57381608971173
10.449714512692426,106.57872778292835
10.384422920261994,107.1738124478486
10.32632070360184,106.44003736474275
10.257913909954643,107.57389460962196
10.369012641858628,107.67197044134167
10.172717248093475,112.15233497036513
9.603550376533482,115.92190588453673
8.703128149999632,118.75335737517065
7.894903817997718,118.01119021629916
7.4360885153877545,115.86494295581161
7.334816411810636,109.71369301964592
7.642967701861785,103.53372491663049
7.88748942700984,102.66413280901605
7.9449388169884925,104.37537873332963
7.823275210976074,105.72269346247936
7.65057808666254,107.09899887516343
7.552938075538883,109.19516102812753
7.499548537439721,110.71377247493922
7.22420358316105,117.76489835094753
6.654593569462049,125.92546047606936
6.016880886823006,126.4096928754036
5.762433844497042,127.94964537807567
5.7108774201504415,136.12467388888706
5.371280347418813,148.50474981624717
4.726539257159117,161.82850154021787
4.0223509602023,171.1536801481002
3.504380600064084,175.03116710349013
3.345046507368399,176.1490855032214
3.2451816732341263,169.731755749787
3.2153423739093046,161.51079494906776
3.417546306965606,154.89376397552246
3.769937938287571,151.20377649052807
3.9402573292333893,151.21864039083425
4.098299832067079,153.90203822042156
4.216290070279743,157.72798063843925
4.12132625604184,160.68771972621767
3.6391670032318175,160.9897987939521
3.060076762561,153.3347778243998
2.879968487842827,138.36406553373854
3.0480236683043866,127.97684206798061
3.4290155256924515,126.93832879795696
3.433778800200032,123.25585088524508
3.6017013284735118,119.16888057664869
4.1228660720822665,117.33786709061462
4.860020173105869,119.46445753344585
5.228773942576214,122.77419503153862
5.04574868522549,124.6723285210428
4.681178143961304,120.54541761579804
4.587846356624629,112.77479150753584
4.901323880362286,111.66649928883339
5.281180747961339,116.30734183936318
5.353339530068079,121.05371745439692
5.243129537204643,121.47952985410546
5.276301122417029,122.8558002480749
5.249706931149572,123.66230880461774
5.275537632253821,128.6637161811915
5.1537102012119735,133.39387201567558
4.911956779109268,136.0082838598405
4.675149512761383,135.51861602476197
4.441993840820137,135.88780924770583
4.218699850719318,134.95618504117527
4.149902108902178,133.52864094827498
4.211510398173315,133.00842379767113
4.239373361146661,132.82073374146182
4.481282768626221,128.32684773832455
4.51322625655844,125.37408071382453
4.594271224649568,122.91621022889387
4.464011497343461,120.69952300121031
4.6173730034423865,117.83606473797192
4.737781318466534,116.06486310406615
4.866573545425131,115.6198023353029
4.923751510785344,115.53293638753377
4.777126806328616,115.0238913789293
4.5760613654981706,113.36516328675788
4.2916470593002165,108.69166187510302
4.136244825918003,103.36641399870973
4.121032463190872,82.24357638449891
4.629473287476687,82.13475250497055
4.850180100317438,84.09887280158921
5.266245227446962,86.4169345512102
5.52429020407444,87.50981466908826
5.551791927552065,90.20030764438553
5.437674451984923,89.62988402294116
5.123506693648069,86.12373499436251
4.9134106083091895,78.90146679703048
4.999506302703742,65.9901043775601
5.468232773710458,59.74195137395242
5.88271595666807,59.31701381271472
6.7232514636423115,61.42840609376702
7.2121737590139965,62.5888930894921
7.531187974417491,64.66782205572383
7.914768263773399,65.42208234171551
8.176408119347625,65.56637280493936
8.299790263466662,63.82189418370933
8.423058910001075,61.21676761135626
8.533717547900526,60.185889599102495
8.74500912235922,60.49348771750982
9.031285723687686,62.64965029860838
9.209929052198586,63.75576303558017
9.233808898687325,64.72997758210289
9.565630911344288,59.80854167509091
8.88334106495766,60.27206260888738
7.905614943567312,62.52169784819057
6.652595854968441,64.25560342224816
6.2907791198619964,66.98334584932707
5.898627289418945,71.22599406106883
5.736699180065165,75.98319900448655
5.360630929810473,78.95761861510778
5.1153144737538865,78.62215984109088
4.526404230077859,74.50746387459134
3.8083747940035066,71.26058824126409
2.9007596989449937,67.47609315600357
3.1612302499442664,68.44371073443415
2.204357497727381,62.90053232340534
1.6549697358335191,34.88776506177544
1.5371703137467079,358.80269606861896
1.8349014456041857,335.4108149628492
2.259377171063729,321.2543799627586
2.8439668543809806,315.2845400554533
3.3280346494422393,306.1363226247933
3.2483785122885234,297.23945767537435
3.135635976187553,284.9383680850174
3.5259178941407763,272.5205178137093
4.164302122763528,265.38530380789314
5.121376475357016,259.7040247677788
5.451252902442625,264.37821468575845
5.620886821061039,268.8637168943135
5.383298523827267,274.6231087039327
4.947965699651404,280.4357650267373
4.146458907568617,288.6612454343627
3.248036129610865,294.4384980839777
2.476407079078246,307.2191957610092
2.043165796214162,332.43560945419154
2.1369072426014806,1.173046104848538
2.4980335022380804,17.09279657807855
3.1548317302711917,30.338640890925262
3.139094907601229,24.572179737392105
3.0318391209949715,28.423288990436845
3.2981107011041475,37.87391389517296
3.657091404284439,45.64050887382837
4.057152640755933,50.099931275221024
4.363100659033579,57.43833547116225
4.146070368380088,74.36826443419909
4.058845571677338,100.0893587383938
4.642510159227833,125.3895607898645
5.254801816101631,138.88477129192643
5.656517555701892,142.24596062895785
6.155467493660426,141.7157054226904
6.199744210287168,143.34377132290876
6.069811498817792,143.81422729769122
5.587982224884779,142.38216620412777
4.973710168008148,139.2134815474891
4.349218380867132,136.79964679688533
3.675463287475304,132.32959424201994
3.0456098836977548,121.2350142152086
2.854595307774302,107.2065101393614
3.1655406228233756,91.81315890081953
3.232106968873682,84.12024508073421
3.3767679760013865,75.34779976463471
3.905162423805254,67.09781205052718
4.92866025538495,66.8617579156163
4.784884548507598,70.60228850298256
4.687544738922168,69.44976169620634
4.454463546517835,65.11991073887953
4.1561228205421745,60.05168380949419
3.582963671610914,50.090705374132824
3.430368207591395,37.041623149870475
3.372886086211577,24.651330737654234
3.4947778516720702,22.132117451910403
3.6226079187444973,27.128339950978216
3.598340980678924,35.42605922340937
3.6520613554837236,41.25706653633807
3.623672518055651,49.44209298291878
3.2079291979802083,48.31992774792815
3.1880664275853254,41.767744558216066
3.342641620391377,36.334603170187165
3.4406493916482295,37.25907804114888
3.454211697019327,35.20279016445886
3.250255381933934,26.44680224294848
2.8497478376253818,10.14341776744368
3.0463245490814272,354.0295700872842
3.165458227601257,356.47056061287583
2.999572696832941,11.399560372129315
3.0054648554636203,31.708847037274666
2.9507871544776947,51.97079185019328
2.869534474115739,63.85011614135277
2.808429841643991,65.7001903798623
2.5363935169532033,62.41766478204943
2.3564283481998642,59.418843376984114
1.8400059484414746,55.79927558017539
1.2551875161605217,43.38581786475862
0.5053960722728902,11.64409888453224
0.7112295937066989,273.4020467376393
0.7283897078494904,255.09680349159117
0.8176041854780893,238.06353089383865
1.0583760301946232,216.46513135560542
1.6817304994402995,188.52909496219405
2.18657885673765,210.50089855803395
2.756090113972889,228.17326098509372
2.420211517634393,229.9713111961697
2.3467490928333707,220.67225116033762
3.1249797123127583,224.844905129266
3.5223202823629665,228.37540550662482
3.7054512381883113,231.79776976911452
3.339895631094027,236.64266115639577
2.1821244877675996,242.51789137358372
0.6310713143304684,211.9096387723409
1.726704469328614,107.33058559451325
2.9926033411553776,82.47678598520969
2.3376705836282397,79.6421343542707
2.028361728008163,33.415593878076265
3.2284088730208076,0.012186154547237038
4.641159328559158,353.25047970750984
5.538608187238735,356.95571103995655
6.295421392968027,6.452757954719118
6.863897331349556,16.960677612585243
7.207402993111059,23.298456402625106
7.382760958936233,25.852788877296632
7.35219594897179,31.693731950765482
7.251278472507106,39.103941390198656
6.871490561867488,44.48422015188669
7.562681548971426,46.683908201197085
8.603635639037787,47.952242354077725
9.335574731029576,49.0039162379428
9.730349025204285,51.020594457291054
9.910208474115693,53.34156294301198
10.082579665497565,54.439611620913126
10.099348032592063,55.595929461253775
10.01264279881457,56.94312542931135
9.981613773273988,58.525685618578336
9.960185791123426,60.472145357289946
9.373745832101486,62.244655231626325
8.596165340577913,62.567273272168904
8.724084052606209,61.68235026090241
8.501447758551018,64.13217685187828
7.976041419067827,67.76721725026067
7.328888221276341,68.18319579905699
7.617077983109944,63.45609628028893
8.393982968561545,60.93146618877074
8.6624362492087,61.8675162414479
8.257211020656847,61.138166849925256
8.989023307569157,56.921382147235704
8.515237986861568,55.22967264284216
8.205260000404058,54.97293375898812
9.255670452046903,54.42380291422933
9.011427614840885,53.3493808730247
7.977101126180724,47.77647190383931
6.916562462994833,44.39149386423708
6.17045598077162,43.520778175137764
5.361147561019054,38.07546388799517
3.993666804935866,25.550649585477117
3.0498166838787837,8.732213992938
2.310190308324667,349.9771129768437
1.945644280300492,323.37283718042784
2.206678010592341,297.65123883388503
2.6429865239313735,281.0508301506161
2.9409510916597035,268.027801290213
2.394810934196668,274.99202071620203
1.6674188513781563,283.5485527694999
1.2536286156712044,286.27387293171523
1.445474819376588,286.2611003058992
2.0365478173436147,289.4197460251093
2.5050078005173955,295.00405206248587
2.301264118236075,289.032640520121
2.564598850777139,277.4229868474595
2.9921016041788753,275.9330103741548
3.1702598358238103,282.1305627910082
2.96931278766487,292.04247097653086
3.021178703415647,260.2566119873724
3.8250038819415857,257.4342280484212
3.840809973127431,284.3480552715994
3.0078657318117674,300.26053704447247
2.845497179997467,292.7304018449835
4.370695961299528,292.1429904330626
5.650946415790634,299.0124537232749
6.440416037528088,300.7217110771921
7.150656285336246,301.8811890064243
7.441157492517262,302.32165305960694
7.702934586830859,304.5018006793984
7.7126362995272695,306.76041877564614
7.865460236101699,306.8753872291883
8.213778890607234,308.4886402538523
8.273889625189126,310.56629254913463
8.427234670314771,318.0135812683711
8.042861759261276,323.544516658698
7.211185484114054,323.4383870926151
6.992382430862835,320.4960481909275
6.956658320791755,319.40123955690973
7.175308805928353,316.8728541262724
7.430300847940546,314.93760077853693
7.722429962825179,318.7168723086839
7.917668193478062,315.2762421540641
6.662633019020758,308.05449610838514
6.474632768258334,314.09251938959164
5.804744087229855,321.69868778218
5.5350383071727025,322.2051014513003
5.495186063022108,320.6625820291106
5.452555163041717,321.89913800616796
5.131512545930443,325.8897588275453
4.406450761770757,326.9707762743841
3.506049450781225,327.8295484077139
2.252194921743897,323.87419161993296
1.673522364351672,309.04416728794473
1.5512134928162318,300.52386754380734
0.550992650990162,221.41295777769798
0.8134505473862399,191.07765491435006
0.7078325054156689,172.73404062150587
0.936334858516638,134.1614760628097
1.431412941463563,135.0595990408675
1.6277425761438449,166.7103342374761
2.2344114183055863,196.81013898762345
2.5777972468609165,211.43553092534887
2.878188860829645,213.16040353658445
3.5624316747321343,214.9046441747938
4.241918952384368,222.55089754744202
4.6189953361697045,230.47535376556763
4.545957041486433,225.70552739350964
4.5754325587607605,235.7084221746102
4.459747649295373,245.08677837462812
4.3704168661419756,251.81176155141497
4.215522458004072,255.79137886013066
4.460597399149222,259.07648937525914
4.697314420477623,264.92419873548124
4.396390813224019,266.3486554727142
4.372358525524379,263.963468451985
4.741846821794301,263.7219284384443
5.096530571231475,270.80815668805167
5.470246824753349,280.6402927596606
5.826868829883688,288.7200579731955
5.64599390121496,294.8339630984826
5.620994284533854,300.53056510697036
5.550986788418708,305.0372956575477
5.8105523585720915,302.39589448147404
6.187545743691353,298.57201829369876
6.779483252893191,291.663978616544
7.284951784557054,284.3149988662179
7.788387242484984,277.91842656434886
8.494077348561579,272.59050895957694
8.982652665889667,268.4474273193971
9.124437044195474,265.2623621470611
8.930968986687411,255.67984699138137
8.846392708795207,253.7567822247605
8.967549955342069,252.4081808249772
9.201927554375489,250.13106203978182
9.119437027909836,251.7588621017382
8.886972724528409,254.7663909894724
8.41396738427231,254.8026673091826
8.395136538415423,252.10247270594664
8.49491411921186,250.99316262894388
8.507527910792504,252.45520508551158
8.371464108445558,255.5580856274999
8.245412114625028,257.08955342353363
7.881054502054344,259.77813200314694
7.578229147548803,261.1342615886134
7.125602721670391,266.4215303670014
6.147574281038096,275.9100335788457
5.094209754904441,282.8206127990577
4.413804812739106,287.18042080627
4.214515688536348,294.4987887098419
3.8417695511452754,306.6090573489063
3.320736126591386,317.8962535186795
2.9488357536596186,312.8095521878777
3.2531993334792504,309.7732609627977
3.40133155184012,309.7830597658197
1.9446973563984422,295.8263701771147
2.4102636790275147,289.07696036152566
2.2253213685423954,301.56753222850125
1.6844224048990206,311.7410371431663
0.9543060651114558,350.6303031030282
0.3687134590406064,31.195543655498568
0.6519081106623976,7.6318646969246515
1.0533499793916563,11.236847707947561
1.254518185823746,13.055365009030652
1.5539109094441146,3.29258717871204
2.092868070243186,355.62750224738636
3.003045186712416,338.58577724176484
4.112669744893315,315.95590142751564
5.465078387259295,316.18239241602794
6.181404740277488,319.9876615633656
6.308534947329213,322.7930630446582
6.297365415204209,327.72207641640654
6.188827199755782,332.1334198546172
6.050998273775326,334.2518986146463
6.008968459053666,331.32683752409656
6.133840921618606,328.97884920871485
6.222044619289145,329.1549476514525
6.106275143060702,330.9855151938141
5.698690552490361,330.6917950142072
4.41815441246435,321.9408769741751
4.299852807086103,312.44705940490866
4.3107743088654225,301.2699048210545
4.848601799458851,292.6508095930385
5.463373352342515,289.6197669541073
5.968400550402669,290.5758818778334
6.149780388271947,294.7404087059624
6.253943546111026,301.7840001149377
6.465116415745316,304.93298470343694
6.805147546176582,304.35264818831314
7.260418581930477,300.9996077159009
7.668871127792648,299.8522060640809
7.5351888668123275,297.9526610932589
8.238998967837006,299.684679728258
8.510035469083125,307.2564851052073
7.726659962204792,316.5396282437372
6.194614127287765,328.4693497716642
4.956591760412982,336.2533343349211
4.022850302989766,336.881653037696
3.3335919342877856,335.33074987052026
2.615660719835669,335.9032885913008
1.9317751777132037,330.71879503388453
1.5678255770581753,311.2024488003109
1.6602156809820012,290.22088158085194
1.7989645529626201,216.95854068046813
2.8592705684831943,217.3418208312963
3.7471170549804405,225.19104705846172
3.9391448800106503,233.1302355884889
3.733916141701878,238.0130828294669
3.5910115869935213,235.08043968683768
3.5034194854147467,233.0776974593373
3.490037632901601,234.8770286488824
3.4231985897178636,242.30459802914152
3.3050471145746605,251.46877109211675
3.204054790511785,260.7154063432208
3.0232399675557935,267.5707283806274
2.292209729681361,263.78730377077625
2.4281814724778363,260.62320992331536
3.0912059976042294,263.02733546346764
3.668367949285779,267.23363900086736
4.17121904004874,273.1308023816942
4.431868122338357,274.373922859445
4.96407343731508,273.91074874129424
5.48886333501671,273.9837667592109
5.696478513935604,276.2478906186731
5.691736474788488,279.52787724158225
5.5726060802683595,281.4571876172319
5.548650878152887,281.3105815216862
5.265410670371332,270.4768698886786
5.884361195641325,269.5206940595044
6.502872565155541,275.8773846670141
6.866161329923631,282.65111632675746
7.123212061964569,290.3154600912777
7.197722748672394,295.66720715463225
7.199653068530681,299.2893503706399
6.745650482954374,302.2339292636733
6.315401375582085,304.0972064636149
5.688343940622398,308.3975501818562
4.4678182194798435,322.86468034646464
2.9493640077015746,0.5685518141884813
2.7320004633441846,54.08722866206807
3.6405207605702388,91.77257581491358
3.6846354518836884,105.32581106970167
2.768697174103535,106.31915198139575
1.5469579689899815,107.47215918331233
0.24600647190643848,52.46694314584266
1.2759795743536502,314.4127890448582
1.808773636924433,306.55523603142564
1.8608783508041518,291.8480842465332
1.9418135851874108,276.8322236949675
2.0461078828373904,264.94897380471195
2.3478609430239112,252.25050427883198
3.0327961753131385,229.4049900430019
3.3682707681518314,231.69962925015145
3.584929093865948,233.07342682795706
3.5988259153423368,239.70427029439574
3.657197151394759,240.0764428896419
3.943864998935499,237.5155639320991
4.456629603457339,239.49352549525526
4.920960407302465,244.16211786718256
5.052901047508546,247.34324187725596
5.051163940819958,247.37158777597736
5.165779198235903,249.24480340747022
5.310055081764486,250.83669727809675
4.964449024622971,252.2112830255872
5.357829222840941,254.0376369880592
4.955294662665294,253.60725348432294
5.256171977200162,247.43992438184836
5.3362830048070915,252.25614606169546
4.873539396831528,258.1346520813875
4.491765929743632,264.2495300317868
4.018043829073288,274.24242214661916
3.2627768751661,287.9859419084317
2.6345380391363418,290.46783980768635
2.099041733541115,299.5047074553202
1.3778247410218665,316.45925502253385
1.1688417094144183,63.57544061474937
2.053676337325424,84.7077524973754
2.6083738204647067,78.03732092027974
4.114704703010073,75.62018841597398
5.298732879899407,82.9107364557043
5.522451947298456,89.5255368860029
5.139381885652364,96.48108363354066
4.569346230694051,99.9306273716847
4.121383766466983,104.41820229993027
3.767097438003468,110.07976680765069
3.388470052925764,116.17677443082135
3.5696947561903047,125.45317585536151
4.0747787996752045,127.8604191094887
3.8143526812611976,136.60358451558704
3.823589721624198,148.81300228775535
3.8058237338131415,159.241580637447
3.4308790256737702,171.98006394567108
3.0821942055513682,184.14234399400632
2.8290721351276518,192.14407532011052
3.1907445383452826,198.51007203568645
3.745336956150019,200.72696305187296
4.47483196419595,201.31300236278685
5.151329372359504,207.00284373493216
5.629850271454246,213.95774819724693
6.561891598928239,217.14968944583165
6.315733539914865,220.19618666611217
6.055044339991321,220.94768359468696
5.920223944182714,223.88658887302975
5.71009785271183,226.36284860816355
5.543153857567444,229.93828729146185
5.278285249537419,235.17880288739028
4.636104876153525,238.34364931223425
4.126819940753079,238.66173214237585
3.8473485374698364,237.66464555860537
3.611521368482647,236.58299159472278
3.21292958311611,242.44567798408048
2.946385050116989,251.11587001737445
2.6699263155399366,261.789969721894
2.1666736604391086,274.9571917364607
1.7020260523047233,283.80900726557144
1.5165157682842192,281.278614729745
1.6324156401435648,284.0600136563345
1.9172443697799453,293.7268221213686
1.7598145207752576,292.0837024416725
1.6211836520688816,283.7615759551194
1.689288389330631,280.9460638259689
1.7443189295046024,295.8547130142679
1.2056200889433828,314.64362556925454
0.981250947943745,177.92269612202392
0.9864399570578283,153.85152452036937
1.0986377607507911,118.87319830713113
1.8405326854569881,104.13520538345017
2.4259893523742946,106.88318817891576
2.9373704908257046,112.38152641586919
3.1827219485691045,113.71607497407865
3.1516951434774607,114.63613152337439
2.8566831903017547,115.5263194422945
2.6802715008202305,116.00298750153729
2.729943721918754,114.87022454100475
2.770047654426279,113.69561109362809
3.439325324793623,104.29462663579739
3.73708827438839,105.38438271571704
3.9809679611291084,109.8108272947137
4.082670566255928,111.6236996326225
4.1302947109275685,111.24981525054102
4.301676801792092,110.91421002452552
4.592163861966301,108.65354942279907
4.913488082359555,104.30583157856995
5.283590317922195,99.40584902931147
5.747289575794213,93.94921042511356
6.374292911370886,90.91842716876272
6.950871739239775,90.1386070935261
6.91730849739165,93.82101066291085
6.950947971152851,96.65923908009103
7.081036160129551,94.76038135283324
7.030865192491019,91.43635369638076
7.0217427319189305,92.50552897716625
6.6407444989875755,91.62874885017351
6.313906739810993,88.14782725217549
6.3916673588639075,82.44914048155806
6.573451902116486,79.88049031589657
6.779757834058597,82.5754522061776
6.826096981334103,89.8733320091743
6.618559465780194,96.99649909542916
6.011532860569009,105.42102520083796
5.245129473701412,111.2444218770633
4.569037029856519,118.25192344214759
4.291188991868982,125.5629482368945
4.135292080025907,134.13455207682136
4.146220159110304,141.20675810365424
4.522267488258847,143.81738654461356
4.894882707317039,149.15585760641284
5.023061420456788,153.479472792215
5.16881582855952,155.52837042490887
5.40283525247622,154.193658386562
5.877365342343285,154.28355296634686
5.584617914881921,161.25326654976527
5.444314839320391,162.80054229326004
5.427193381166656,164.1909092451981
5.425423478868197,164.96944211737411
5.709428338317012,165.22501195881875
5.992949801255889,168.03700546294021
6.269412058612697,170.75489518837128
6.76482481829028,174.40173483576007
7.298279002296953,180.0014374855544
7.9075604450030275,186.2861407682028
8.422115108227189,191.55048336549234
8.883022713367026,195.2527881672757
8.97959032978025,201.02183154936006
9.242014897324122,200.916532114151
9.377920699076753,200.57432123516077
8.990835294077,200.10856068803616
8.49419712305532,197.2272085198105
8.151678440494583,193.23354414934167
8.143769999506226,187.50258241367342
7.588522558439561,181.4643474404146
7.005505072899415,174.1871094693954
7.452616222181795,165.6769895089268
8.069608522343055,164.23989647877465
8.320593404709607,166.78341876034267
6.640339184732639,169.17893415060576
8.078990921384102,165.23609668503286
8.901248327667137,166.87877535232042
8.724148125044705,168.94958835531133
8.22011721767807,171.32036277232874
7.53951210655875,172.25668480795673
7.395398420706335,168.58089192414445
7.338419574996465,166.55035514719884
7.173099861327662,164.46670313506297
7.123043849413332,163.73051611910864
7.369216102529034,163.79029652080067
8.01397746222618,165.55279513855498
8.060016619757306,176.4087258398382
8.382925106069482,176.30281940520433
8.527296482256993,174.57527871265756
8.565987435233383,173.72112199056482
8.54332487235663,172.61981816853051
8.473756675490959,169.02597321853295
8.585837299171356,163.5520477694297
8.845405822477396,159.39249976106294
8.827069093879457,157.55057452078336
8.610452345743948,153.21726277228674
8.762883181351754,149.24948861716427
9.30080618622349,150.46918156986732
9.427509508527503,156.66812319990822
9.68873041362263,165.1965470652665
9.635502905186243,173.69682135609264
9.56320580662053,180.31091949211955
9.480976478961358,185.16739628043283
9.620661805541726,190.75810744959736
9.938945222071542,197.45690111556056
10.257578396527443,199.99466261275532
10.621160894703365,197.60922925937348
11.129927370886696,195.6537474634219
11.256346262021093,192.6500345927525
11.455511508030927,191.01161911621097
11.758613896980588,189.68076424753554
12.069341707944488,190.5915863730866
12.610838641253096,192.15990581491317
12.86065419854524,194.95025107671765
12.645831902806869,197.03129389876264
12.419191489880864,198.67107436812526
12.406065373534522,201.17780574432166
12.35386860204438,202.17962183789552
12.089823238218042,202.3622141300014
12.090053481250182,202.98205382661985
11.87317982520957,206.19238048148569
11.603440260206366,209.33201656635026
10.83585412878062,210.52813702654763
10.702229149559685,215.10879524889523
10.142845810396876,217.51827276654998
9.443687497947929,216.28095283809142
9.022957976362715,214.6044455490638
8.763408199063385,215.51524854335813
8.40362469605207,215.8263556683861
8.209623611527206,211.84852163130932
8.372657588853912,210.4192463761351
8.37729634656267,211.7939376192384
8.129672481157172,213.51439084898075
7.635051524840304,214.30028688141746
7.174398034119668,217.2645530284424
7.041979510470415,213.34401249394273
7.19407648481916,212.81811507243316
7.200370970918098,213.05587474786242
7.329562276005419,212.6465013132865
7.431527524288715,214.53950831493302
7.308738146638748,218.50344519844268
7.123580751263458,220.54028642350758
6.834416417038612,219.56690261695172
6.5538587530836185,216.54539513581173
6.07584413482202,213.5122752976959
5.892777115547949,210.33935148867772
5.24459049486173,213.27719621801606
5.479444250591061,210.51973026243948
5.936874357936527,207.8970568956196
6.305012217582317,210.84540173330484
6.350268284131486,215.01882872985985
6.251108370446342,216.0471160541183
6.100981071542777,213.14755402562702
6.0722395328856145,211.76693559515198
6.003681987511044,212.59839303096496
5.839372104812726,213.0277789824974
5.665486362709987,209.1319579773496
5.72448181038915,207.9255131085904
6.107462529104047,215.28640532266564
6.424652566631825,218.1786345251579
6.34237461102131,221.1070317802553
6.089469640664119,221.90805204905956
5.911690334954849,221.9527952569393
5.813451072933434,220.12932520177827
5.8269348143900155,221.004794800801
5.808753364234309,223.12157710516712
5.722078937073221,225.25259175970177
5.545131583850058,225.1306603498904
5.406635933754124,224.11119514821172
5.297896082920465,222.7366079959197
5.564213412878633,217.5735744323829
5.434330839318568,222.38345512559692
5.311322245710773,226.18589128480951
5.355821036230597,227.04346424105955
5.442086582589359,230.02806744435915
5.48146075011104,230.48269650733013
5.425044481296724,225.98585307254427
5.639296296236552,218.3440625178563
5.805278928326622,217.02293544689599
5.812271528739518,221.3255866841929
5.533635023826107,227.39713004245777
5.2597349976347845,233.26756503650336
4.8129595765884465,226.15248124045587
4.969038462184333,218.89259844710242
5.283822241082514,215.67128011991733
5.476271800298538,214.02361390618395
5.632086287672327,218.37417902578616
5.477110662812637,226.9501961800509
5.195113727873499,235.78694138860638
4.727469274718372,243.54684727493947
4.30726921407221,248.9642382185477
3.939231061826349,246.2780435527094
3.969384078198959,238.93104575356534
4.378924863739638,233.11021662189023
4.668226091937991,225.70836922098331
4.7492786558687765,235.09992622838232
4.720323100946274,241.0923699138645
4.289482355452725,242.4578730588003
4.080832825108406,244.48421809001636
4.185800049943615,250.5106561735504
4.254062883796953,257.932041008771
4.0414187114573235,260.88652507596396
3.85922651390776,260.33310234939796
3.238940644517835,255.3883014342966
2.922334777150311,237.7998117095824
3.1781733596124444,228.7125567314827
3.405142234388085,246.68705598287931
3.16631091335451,260.3217882972289
2.8264313355989574,271.73584510059084
2.2931379125685685,282.44134671141563
1.76907012860884,292.5484352191643
1.4409717482025595,306.0308986568276
1.1748920213627219,310.9851612350609
1.2118562506005988,311.81824646438633
1.032612376429389,317.44992186282934
1.0588339067366972,324.30298850400953
1.5701278427875514,321.1717501608638
2.0247149372913933,323.4215659714061
1.435782002562607,299.9988018929496
1.7654992424266656,305.5879328039944
2.2061638885066652,318.8165348165778
2.6573627973110674,334.2642128350588
3.0155888083277023,353.12353661771635
3.2850320755836235,29.395534163239233
4.025662872603666,59.92672856771088
4.777471888534919,80.4541330452775
4.77012799767393,88.72738940690863
4.632804184549162,92.90608460254782
4.641505772119018,97.2868517709199
4.325884788461542,105.41080162380007
3.7694575048626944,105.7622092506553
3.153676780975871,109.08087682804376
2.9892763888838196,113.85095220871608
2.9725300760994466,125.96434058657451
2.2036087961049007,143.57239428589793
1.3081500663650456,173.2975035870121
1.2564641432533838,230.13562909059618
1.6296296345005787,244.04939966970653
1.753273097400284,243.29044322167545
1.89043605066507,246.38884065332303
1.944847465757871,255.12116831320685
2.558073773795796,271.21883163081895
3.0513737450678375,271.1435571080288
3.4516264898957556,274.8405654278012
3.773545207304959,277.9838727388313
3.7342964260462987,280.7749785454976
3.725338099695589,287.73651808621327
3.7252387719434306,297.3207493152458
3.466514696656071,304.8661930044264
2.8873586853729707,317.6207028374612
2.2286377961389894,341.9157471324183
1.8588058140631527,12.81362609762698
1.625049217534307,17.840510609754972
1.4467968790125827,1.495147789263342
1.4942579179722624,296.2667613383282
1.950552144195948,294.15576701225643
2.574564409100009,300.57205180084395
2.7463941745714506,311.68070173042315
2.540486506481121,323.5030065292398
2.280670664604296,339.2132974396145
1.969619703514989,348.04648599440424
2.0959176342960735,340.4770151607155
2.564482125670485,324.62108077912717
3.2860770628121077,316.60756374166715
3.89989728400647,315.9327533009088
4.36657860889596,315.85259556468503
4.012872899987962,293.4619769294114
4.33144540971328,298.2387337441743
4.99878606326937,297.80979321322445
5.359190349449666,301.59266961726297
5.643172188966061,308.208565582002
5.4235809147350755,309.9778474793219
4.914527993583636,311.71420147562145
4.682816743641908,310.71293283168205
4.6868049849057085,307.3471417324402
4.699129011925304,306.5085898646712
4.55521905541745,307.6826166998386
4.416172789562585,307.4629038734361
3.974813457715056,311.8143716781839
3.2403327232660244,320.9689212763602
2.4434709037134574,339.9655380499306
1.9897613326379617,18.38520633986826
2.204713504337146,51.78014373019204
2.8157534922395193,68.80024763214715
3.6689714985489212,84.60103337721574
4.033126491143936,92.28949247483138
3.7493348727584204,92.26755313401992
4.343811183738823,89.7846442087864
5.982815460553525,102.5031785229653
6.704654685138415,114.90394540263912
6.300821294039783,123.60844334862793
6.351344054837834,120.29514870601452
6.113298348696553,115.37941269041943
5.7841573235741786,107.8603209357999
6.039605282871063,98.93821991200406
6.380104818566068,94.2273655818733
6.418998133646034,93.84411731711236
6.3911376011163705,92.27314181468813
6.313329581567539,89.16092515331195
6.340789587328145,86.88501111435335
6.221496400371419,85.96632460999587
6.160543306361508,85.83870302974611
5.346425910186983,87.10113383386306
5.379674266901074,84.09408175961704
5.532564108075197,84.15952833219387
5.487127429351938,87.04120099114334
5.555658766665493,89.02555122387685
5.537275018736916,89.34301745432015
5.398933943805031,89.70981527368087
5.151911993035851,89.58831144226929
4.761004380743405,86.0155027354657
4.386011119934569,79.68160386557923
4.255155442731917,74.3160543219812
4.010404625399184,72.69424890694677
4.002824532009298,75.1369310113584
4.04378691314554,63.68092169599038
3.9662953290075236,55.45047283625297
3.842599524039423,49.004348586423816
3.980433795733612,46.179502258101536
4.074096028840033,43.412305746402524
3.5662122171725357,29.416966206205757
3.209085288808923,4.7444110091364
3.4598825459382065,344.74279781302187
3.8318128360614705,335.19912326705827
4.168534670540799,333.02853694179265
4.430824837211262,333.9081052252509
4.57956969539127,340.6027158862405
4.622204808546173,357.0967150115293
4.912017666106151,10.233447627006115
5.301922411741353,17.046827909306046
5.6689497297278315,18.58993577250851
5.948225830994128,15.17618777579628
6.267774479880352,13.578888181913669
6.749818561562592,7.826067459056276
7.3278194005352395,4.490201001626815
8.022136202330714,5.878524513560706
8.604309667978699,10.333447156785667
9.263678791021302,15.369626431693064
9.058738848638056,11.918645789918628
9.622745430112113,12.987105702835379
10.069535625315758,16.888535476995685
10.539043192377285,24.419699049564997
10.947500779290051,31.00020010876068
11.096022168204954,35.485315177672135
11.117919473301296,38.732977488346535
10.878714224055239,40.615371006432326
10.499372276118061,40.47529268697252
10.3414840888278,40.04122415289561
10.228502788102874,39.59304261312519
10.162578420196578,39.2148958260899
9.510374829856142,38.392026964576985
9.168314890521659,38.90471337225233
9.020203360977845,39.151502149473004
9.040930622829684,40.29833875527828
8.926874090150823,41.85683704756252
8.807561431837978,43.60042314009445
8.725043307680712,45.65349507526986
8.523177587663316,46.96664029024947
7.995563798346459,46.35117384431186
7.31707128530057,45.38196854865106
6.685765219389345,44.59573995299991
6.185792143465698,42.64799010434831
5.406515394120028,42.1149325540635
5.049226075118528,38.781114763448386
4.545677178898651,41.52641350799365
4.3007862778422945,46.608383144043955
3.8670921631823827,45.58142514839608
3.2400430078721114,41.298780963996876
2.953448390748098,42.75976845478556
2.528782759860572,38.97556222524065
2.2493559779028005,14.630325932068843
2.281637941969688,352.0408098304511
2.254096970102371,337.7284917746745
2.7518680075106694,322.85872410261555
3.6220488771953714,322.72980695059795
3.939967398949932,321.71723452930576
3.4926758609897943,318.8639717695596
2.1827839111130034,316.0742994372612
0.745298780286886,312.8262856383448
0.2882380877713466,186.77663999751155
0.6548877777999397,170.29099270907
0.7313456563503953,184.04626827263755
0.8933700188904322,195.44694961098614
1.131514768182405,214.05694249152052
1.5539735155003551,236.5296327621731
2.051061703336504,246.35639311789538
2.564367844268934,245.11751763807206
2.723461946106877,240.52069664603155
2.8915662390863117,242.1860048777739
2.7025135228543147,233.5306622765102
2.871409161398807,228.81805617182093
3.1337255285170666,232.31002351112627
2.9995408184616257,242.7270138959032
2.800770435598221,245.757523326186
2.7377517519593497,240.31354273220896
2.764318986040551,228.86712231930147
2.9957974436483203,224.2919776201374
2.9635203970205772,224.12946672332086
2.8266473561168204,221.65981631855027
2.39064258710357,234.1969187784651
1.4879163421861594,245.27677272183615
0.5302454465005915,216.0965918014514
0.9179203218750143,126.92456881436811
1.4856425721668485,113.97479638868998
1.7970868729529619,107.08917327857966
1.956382575815643,101.62833082487674
1.8978519695782203,96.70082108926545
1.8506945365783107,97.76493199469337
1.7023628343029138,102.01003594142355
1.2332089716335943,101.80920832274995
0.5278798202864501,166.65506942311924
0.7024616000257256,279.3874364631478
1.3222254532403352,303.74838425573125
1.6444116486128466,317.97350715094683
1.584033550922319,310.56681376021345
1.4427874612077312,294.9087920036379
1.6206396565955044,285.9879292904512
1.9937231238291868,278.8899878051697
2.5759352663393997,276.3799205738753
3.0532219849662385,274.7972420824546
3.23508246138078,271.4656973509383
3.2875078081009304,265.1510008035456
3.3775606922855212,248.94825405239482
3.3988975073991523,240.69970802677602
3.665560820840747,236.71702288495297
3.9932100252756104,235.75516361972828
4.213869738447464,234.6072241498273
4.3463977803894664,234.8527020231313
4.518727179877099,236.25702236760006
4.64821969930486,238.02262914392782
4.617526592348537,242.78176211185277
4.23431593838784,247.69846821903562
3.803231860525682,250.88652371583686
3.119382012438672,254.15069512740513
1.9363456976847546,210.24733704137307
2.3631917928131436,208.09892776784164
2.182247974953117,216.85964281415735
1.7091966120942907,209.34479748253867
1.4905791297971427,184.4809370295461
1.7591712339813317,167.9649101184275
2.0339032103065433,171.0777872187125
1.9840551729791183,179.60826344282054
1.6225604254391668,184.63078943339022
1.190427192059439,171.16902211427077
1.1121983909492397,155.49014310353675
1.1860907702563888,145.92170883135407
2.0165017915066117,179.8491227234964
2.4620110642624122,187.52168820648882
2.2316220046930355,198.56019773711583
1.7539671514107955,212.1646308371805
1.6889273811177554,225.00475924789293
1.7760189884333555,230.76943885112567
1.7892865820803805,238.7949937890785
1.7515187726846235,248.2894264469154
1.9294279763313538,254.6976292352054
2.2749701600220127,260.6201249956247
2.6007782006323965,261.4130861885329
2.717178253965191,267.093954894288
2.8857217312507126,255.21145635160832
3.028515545124292,258.6746123734593
3.1247998576549603,256.33724558065614
3.450110117655704,259.11721007584606
3.7753178409674057,261.3423618347841
4.045305750609408,268.89664834958194
4.122541585643317,271.2362474332632
4.080972531979424,272.88345909882116
4.271585942495782,269.8763793997835
4.475592987444219,273.44964686021524
4.57290541552373,276.9402886007461
4.34539090528972,278.60211470708236
3.8868026049044078,279.69440003950893
3.5017549292608825,280.758744255764
3.409932925924327,283.62875449027416
3.3622732891310605,288.35362687237136
3.1015200531254425,295.1232576903388
2.8797251212485,304.07141932238653
2.9236470038086235,316.3222991337514
3.000157374751446,331.73753313515545
2.8604781916933137,341.6083503632483
2.7603904782271744,346.74430164607685
2.3515069902524366,351.2652291499338
1.668575068103132,343.9816973651277
1.9094083771560033,252.20345176700954
2.9522153735208496,256.7204457103685
3.2153746091421693,269.6136254535945
3.221428316854841,270.127824909633
3.3463992381197905,271.4540412578661
3.5969454171825417,264.74600268470795
4.357881595256781,261.59818284804487
4.43475330392396,266.53276646536983
4.44322345445627,267.3131935747821
4.518691234795651,263.5491963640717
4.714914475219181,256.5501156084067
5.344134947492344,253.1648863335513
6.018926843005488,255.49939852189294
6.249718328345867,254.78562602751936
6.337958406970247,255.9213347025285
6.4276823656729585,257.185647847366
6.625169311296505,259.0368052763202
6.743994703181678,261.0958054296159
6.953993654086273,261.3758122363298
7.318601832937177,262.1830610484873
7.624985918556083,260.6499465624976
7.918058757317319,257.6027134132031
8.060632336455575,254.52844869065922
8.028674136358148,252.4372516266035
7.490514916162606,249.41290418282827
7.922200484210889,243.8230133801947
8.224385043620359,240.47801275213118
8.044302113627136,240.70102329508677
7.645843368102763,240.47932033770215
7.3715676481958194,240.68247646258578
7.215978184671898,244.25281388057599
7.205980106223652,246.40930441428944
7.488334241076393,246.1695072977776
7.948262947527835,244.73084803042804
8.378112252438733,243.0528809191209
8.876119436876081,240.95960278399113
8.871507431987869,237.72659219493246
9.123756428844535,238.1539945195126
8.994013587262696,237.90173745897883
8.933024140525621,237.28830129573697
8.728876880714523,235.09710504634216
8.548359161679787,234.49892832751252
8.472815488340638,235.2242058479399
8.210720956154947,235.41015154328937
7.940695613466549,235.15831015152588
7.690164924193063,234.03492179880044
7.478135144148089,233.10192755919053
7.189739864447236,229.7251550071888
7.396536699352813,233.03750523317046
6.672680010886714,236.56226992691214
5.935570829738932,237.993258172548
5.216351502112756,236.0048561589217
4.518683735870796,232.44351043381067
3.9384914842143623,227.19928009524085
3.5065061750117397,223.18715409159964
3.296259436795722,224.10124600161726
2.7616973623791163,236.13951116038234
2.236129145547037,254.78623556305965
2.1141016419525362,264.8756217591078
2.320828380969234,271.5382652581013
2.413693866531348,262.775425826913
2.831448008638649,276.89695042649475
3.234358441190019,290.00375269295387
3.526627673028442,293.1486886879684
3.983307583590302,292.5640315653619
4.7169531355176675,290.7131249018187
4.775668024708577,301.5475368087569
4.3955147006320825,306.3726042830597
3.5118132649413365,310.83030234077063
2.996976480152469,316.4704814311385
2.7809405723446177,324.6404820788365
3.096481446878817,342.67858318606096
4.3564390052120885,13.652260272593253
5.690904753627713,15.908530724918023
6.47692104535024,12.160457309623041
6.205378366044818,6.844978098747902
5.65116331895495,359.78356694354324
5.413974696746779,358.49593724955696
5.6035899358055685,7.09858197556224
6.277985544792082,26.22164632628062
7.588311351911101,40.95481014843955
9.066738269480595,50.51977308820267
10.077696582785798,57.896847241328544
10.898079898396047,65.19183545925057
11.169436434345352,71.6560143253659
10.813263165202958,74.92425133721832
10.030824795968307,75.89835273220939
9.69133351784156,73.8610487783576
9.483391713836696,71.841652659506
9.118163669160255,71.84706261649842
8.654090617792262,73.97403569307272
8.570741760310627,76.6597604326762
8.533941260253803,77.22780936128174
8.084484031908652,76.13216691134619
7.482477141465049,79.10143272351866
6.930315801245901,85.78718683318016
6.433886873754473,86.05079367475685
5.983887420754373,94.97609466896205
5.716297606757287,106.70032909224267
5.208027349893402,111.77491185152019
4.581436501112027,116.61275738065478
3.879293686805897,122.05870292038446
3.36634355436429,119.37211228997069
3.310704233461414,110.75490361333715
3.571934693361372,108.61258178523133
3.556956621687744,107.88075692643031
3.439315511781785,107.7900131234573
3.1706242953625474,108.09174277869693
3.116821709927228,119.3443218310203
2.8087660530453586,135.7239127138559
2.128092200681587,152.78748929959988
1.3934256761452402,165.5230619283617
0.7553261265204008,212.98315641765453
1.4572006237399928,278.20731343344323
1.426799794579639,304.13957627657066
1.694969259722916,317.5451602839952
2.1825827740226145,350.3314275493449
3.274051900592202,23.52944314752591
4.2935991278977355,34.88102364199574
5.503225757163805,43.120431695143964
5.071556629091066,44.02893685948965
4.6292937978385,33.003259918530546
4.993289239816099,17.725394369750063
4.887129390698184,15.340800435447022
4.8999229545156,23.829642021712516
5.1572135629345475,29.42195138575363
5.380433281442587,33.063901235706
5.8339255660392055,36.81984539566895
6.184519558178149,35.20709040901744
6.272415622071262,31.157665501941267
6.38422675824689,26.860361104668698
6.7350132345962495,26.120540247572194
7.027710230034213,30.843086181745207
7.675199350274428,35.80382190817221
8.071163107054804,36.4477936804368
8.186129991083513,34.09599036331963
8.219708263051995,33.33686679982554
8.61377223623471,37.334734396903855
9.414599925021841,40.708011148520484
10.157128475931678,41.328638568644465
10.343508344224695,42.3321832676566
9.795193488343498,45.03212411473356
9.195184427825197,47.722857434669436
9.250310733857368,50.45192646050509
8.888261559055953,50.23412494670799
8.36275899383127,59.25720059122881
7.574560084650105,73.85972226677654
6.567144775776494,86.10636764060109
5.547665502574511,89.48293569170016
4.921615745240634,83.63852401227734
4.125419891015873,76.27369108368293
5.39140357593918,71.17558266991836
6.427794891865175,67.1944971700807
7.569272594167113,64.46586252304468
8.236664638568298,66.42126788428925
8.80880539215761,66.59621874881788
9.209441178015364,66.19862421292424
8.766217096542189,59.82473386605318
8.166127128829817,56.36869476166015
8.089180709058871,52.092408310803364
8.317763140247415,51.0917322970468
8.539308681105531,50.491482843239226
9.009738327133396,49.213224463638824
9.384576113721584,48.94447851979737
9.887348400608714,50.6616438550663
10.110873174042295,53.32944402266418
9.938213414854804,57.88053716718599
9.343489996586042,65.04056076330062
8.249241545173765,78.49196966152812
7.874579383880705,99.0642030679142
7.751938942103731,116.56853112835518
7.68290578529408,127.3049568566397
7.58335718374349,132.18527276855048
7.1503589420922955,135.74381072742779
6.442528435263065,139.8622545240604
5.663476510800061,142.46241154913002
5.049311682022032,149.05898874380262
4.403290006961951,154.55417201703312
3.7324699125671525,164.0686965276002
3.2125611241619674,172.7518464436589
3.577625169618606,184.21527390614224
3.2747956097027853,198.10071772459995
2.7895057087042,207.78988139834487
2.6280301003088455,215.80795763613858
2.537086729667384,222.9396157073949
2.889519898340015,225.3204916641907
3.5572870977665056,234.52580492938063
4.188046590880674,247.21574962928273
4.4490540088610135,258.21777978087357
4.246839901075453,263.83633547244864
4.078838959819429,260.60473416300647
4.075747180498517,257.5370821892813
4.269012061330271,243.0300426422283
4.5339715718324705,247.63287189839488
4.429967315931423,252.75757144142727
4.5995291928187445,251.5151622442133
4.533700341612919,254.09216421767394
3.9649409589375177,255.27220560179472
3.3301615973670105,246.275707241159
3.347567407714463,228.79943286528936
3.8672293028595823,213.6138236269582
5.067531113604829,199.103662762078
6.164001362267325,199.53236021101364
6.515124538990131,204.95580885381835
6.672329305538191,207.69406652152028
7.093588784684889,208.0119367346585
7.923421621425068,210.60735747266193
8.863123233997182,213.8443670268454
9.95058313509721,214.44323488545754
10.63202438618677,216.18538655103683
10.739755885457546,219.44413881917242
10.573493266498517,222.9792029125445
10.351981693273853,225.12690083481368
10.164743412634575,226.87930423631988
9.858281084883773,228.97162620417936
9.553805284620044,230.59458830318596
10.148629895263678,228.23871824746783
9.817465403210601,233.05063334228146
9.602859407132595,235.93579221563078
9.488237318289736,237.88399418215545
9.374139118871469,239.43329395653734
9.37795041928171,241.9181520373022
9.35989620467882,244.58802084832962
9.374342178198159,246.67858272875404
9.515941380018267,247.6630348133861
9.712660160825466,248.32126256458838
9.87155390277585,248.8398134259857
9.721025447639256,252.0063029757052
9.59310591684167,244.19919951835988
9.88642153850373,243.3916437663977
10.218534645179426,244.62368389930634
10.09079984233374,249.49869357784968
9.814351034126505,254.05597375341242
9.478574547763614,258.39116428905885
9.468988360297276,260.36721929645626
9.652342919531593,262.29921716083186
9.94762310220046,264.06415101527546
10.083996902769508,266.30088022904545
9.977988834593319,269.1708298010332
9.672976200308558,272.62489214302525
8.947823265874034,268.5822256819958
9.024263367908489,269.0627479352876
9.235503095088024,273.39130866124503
8.784805882539688,276.7925175428187
8.24618540686933,277.81480147604145
8.065218797680176,276.6649942672643
8.0492556351753,277.194275781395
7.732711760181282,280.3532344204723
7.225340116186676,283.37372566133666
6.601358908743423,287.19636964952565
5.6270471010250525,291.1965348273585
4.342255854927129,296.243961482683
2.6082383965619584,287.86000867069225
1.7089932518333057,264.0885949839716
2.5321499502908273,241.3159953379439
3.5680117241203173,247.55915614935304
4.1198827385709285,254.52874331422538
4.380050380008564,255.5801493878722
4.721069749430754,251.82172095668608
5.355969888629271,246.91895076453326
6.05339693679761,245.1720133329219
6.489849382599402,244.07139294108833
6.935603899283597,239.63717401020807
7.448906712410121,234.72008091373698
8.263019620238563,236.31847239453433
8.213886259545788,232.36134636243284
8.4646497079419,226.4574553737635
8.753946962590646,221.70110241717896
8.979692035253654,217.05585607937095
8.855717375437376,214.54994069918288
8.32618896738817,212.3506427830934
7.714493141304997,206.9796306191018
7.523324385245839,201.4431934645441
7.355604185092812,196.29438798420193
7.020192362513884,194.06016517857032
6.4901324700039,193.21146370611692
6.148417144326584,188.08361001614705
6.004542711797808,193.29001696567417
5.764867281808434,202.27804683238475
5.684304861227593,209.65724215722076
6.138163622515141,215.6385447135021
6.8046347388035455,220.14856148706735
7.6777684823011665,224.34030114084877
8.393659422154894,230.60039532949884
9.08328654545267,235.11247326834257
9.462786872286005,239.00770723342367
9.74542737692562,241.59081353886003
9.866942539417613,242.70011174208756
10.636760751787797,237.75415412700937
10.728907364881465,240.50183679680083
10.30777016232148,244.75206204283717
9.845789676294494,248.57101213644256
9.179577865493053,251.08614605999662
8.975942307104933,251.52676607515644
8.847375672420569,250.77153545706784
8.794920720534178,248.50901833442748
8.862768279893578,245.37466837368174
8.705061974822998,242.15868968471625
8.715809829930054,239.31257087810897
8.296418837670153,235.7761276410651
7.927951130166356,228.2893976115834
7.5513259371695725,224.953254241431
6.700252188028415,222.4248503410702
5.979228787825792,216.94508191741804
5.420751158237906,207.4172638443268
5.288778350946268,197.46997417808205
5.285464910083728,190.22032482650465
5.225569978901027,186.53470462185246
4.847818381436746,185.1260175269831
4.511848818231359,181.61548685468682
4.188541542228566,177.7255241960072
4.2831726243188895,171.9223194270039
4.428318323515929,171.02748632142425
4.424908050591441,173.1669802005972
4.606835179950591,173.80238021972946
4.866520424337457,174.82447062365168
5.047318114630215,176.62106915119978
5.011463126504573,177.80833730578684
4.829338031076279,179.14187674014318
4.956290644242625,178.43306555324398
5.068997264940599,180.88689057953607
5.236035989147836,183.17239284769602
5.4743433156805965,185.80937142972107
5.4936301520672615,190.04013512054175
5.399304139671857,195.92775815628337
5.2434058470508695,199.7223760656827
5.196114024760512,203.3763938844351
5.2137249074726215,205.49741604441448
5.144020276739212,207.82717698475093
5.184909812642268,209.43499247310407
5.148267473390345,210.22213612645345
5.250377878282518,208.82774121605183
5.07826074897318,211.10243596769496
4.660898441510387,212.2198201691611
4.312675015813416,212.896774040505
4.043820281768838,211.45326185100868
4.0703187174697275,202.23249630127557
3.7370054042429453,206.143828480477
2.840589925961896,207.92603949182802
1.7945875606082307,206.08682640459753
1.0034263639853411,183.26208775869065
1.1110433416524892,133.74741744101857
1.8850246911058761,116.52024973201367
2.9395769533286673,114.1165873603959
4.010972699587516,120.41551609111718
4.839367712242046,123.62653399528904
5.388739689626221,126.50797277690742
6.059871443772365,134.4341139455887
6.776640018797752,144.4524841567616
7.158216995133439,159.94420562162702
7.428340337023749,172.14078465978378
7.517513481803957,177.87825804142017
7.500128094101826,180.4679034220496
7.538119202252903,181.7223169167967
7.6258318715257145,181.82144407183776
7.543280896705876,181.79453706854164
7.271537162912605,182.04484206363662
7.097091204315308,181.40064421330584
7.03059315060294,181.52385752863282
7.156149200543368,182.41747719246507
6.965490241692623,186.6901341404281
7.09179121693121,183.63421618362446
6.9928413821845306,182.71350780019947
6.652808796589747,182.6335197439313
6.250739209417851,180.66325813410248
6.087069590725164,175.37638758978596
6.292624682799345,169.32540657108893
6.537400235790925,162.75991523507514
6.869198039868389,159.03162453646178
7.173777993165552,153.20326130185572
7.55226476009276,146.4853625390458
8.167933761368294,138.7241780538236
9.134124859512815,134.25252046588878
9.726075325907136,130.14659816455878
9.914052973471597,130.27456551243165
10.016855890309861,136.18410059417954
9.815901082886022,146.35400257506024
9.247499103420312,154.4113235202176
8.814060766671654,163.71403751171977
8.712645257252529,172.3628787567145
8.699161974896507,180.0547724100561
8.652241929110753,181.92304184592663
8.763576297690449,179.85963596078716
8.94865639643447,177.6430593484755
8.314400701147026,181.15957483280857
8.450353469698886,181.87770125462973
8.495323449467362,183.97081755721015
8.436613999275213,186.3498046044019
8.31851730236819,186.1144626074151
8.494330931099459,184.32802387451696
8.858256410715498,182.8353769282381
9.077946012885443,183.00903156563274
9.467255000197575,185.7851508653443
9.706008504381783,188.6576351461456
10.204069471657885,189.80688083738775
10.588587624199366,193.90235417400532
10.880362311440688,204.4266178582497
11.438553963267747,210.2589677626029
12.276330457597501,212.66524105463347
12.690806892796731,210.95222528890568
12.765982209062216,207.69957781593303
13.039788682377162,205.2244111474052
13.20368401887353,203.71467325672907
12.960725628310321,204.33842778186292
12.34024298512748,205.83561220066207
11.161525555892325,209.47697783741185
9.610159529966094,220.00035900018514
8.738704475033085,239.10885361051436
7.58514604134975,254.21156421715784
8.14049956007268,256.721580955939
8.452767130431075,255.39192773542936
8.522125906395246,255.44751457969716
7.945004735815561,249.23112561263932
9.375760115292307,247.17267426961894
11.68465439904938,245.5191393180238
12.107742865597807,238.60698003944225
12.147629284687445,233.1368678772386
11.663956459199426,231.0311651992421
11.82233638306921,227.4900319406545
12.799678214542817,222.8662838297145
13.116944713461935,218.39892933995813
13.85338771428422,209.38498067860783
13.922648003776077,201.78506115290384
14.076554358851148,199.72088211067518
14.041721241026579,197.33647531589386
14.229816015147904,197.35461153713646
14.277790174165258,196.98118120865482
14.305995685372531,197.13863682477657
13.682323111963974,199.38158745971077
12.496548267363432,200.71506037439207
11.262721273293058,203.9027556602356
9.23010151483922,213.71132041589595
6.496308012856364,245.20480069750909
5.035489046978882,273.2470526882079
4.947255817813485,289.2637758689433
6.043344813624909,294.3022223439239
6.942806849015537,300.79729637244077
7.079619514562771,306.82561404036096
6.664797237630714,313.75400711828684
6.326275267136363,321.1507173877445
5.852033652541653,329.0133875687848
5.505645012526886,335.79174625816296
5.240761475481521,338.25199679910736
4.915267991863439,339.3313313561984
4.879307397242155,349.060055159259
4.338958693265959,345.9847205922422
4.197623434965315,339.1617430308536
4.0562690096578224,336.9078774618364
3.9052441514234078,334.70233838368324
3.9039034563690596,334.0644160889944
3.8457207337626063,335.3053438059472
3.3811898793727186,336.36675807520675
2.9982214250205557,335.15172453772357
2.596095896165165,335.1805714037199
2.450453372354595,335.48423637216007
2.759143265909186,337.15730722003894
1.968743641471141,353.6219497239055
2.138806912685334,5.425023929435554
1.9374651555258955,359.8073196176568
2.479597951248401,355.8849922691957
3.1624881336234183,6.6866934222395
3.555670000487133,19.76597924270004
3.85726129335036,27.671798101368154
4.422572297125283,31.84009743655855
5.063811341860619,31.718662645779204
5.627240982541804,30.02199047942122
6.084693524211799,26.712971586849108
6.520369461396129,25.91137734388417
6.679973913907152,29.332985647973715
6.8276574514894754,34.4158859061269
6.843086740491768,39.61581963140185
6.992206360428428,44.651741008720705
7.086549407520789,48.30115623443493
6.957813576730318,50.772806067746444
6.736888189908626,50.21503204182824
6.713950107572814,48.41761157633789
6.9498127923500705,45.22264655668437
7.073841098294106,46.84542821606499
6.973865071297212,49.350175015360605
6.764054465177794,56.35427653529979
6.590917308927977,64.22780577681021
5.796645056552281,68.70034425494191
5.020797404364989,69.68305616969496
3.9083150188808027,71.11458689403366
3.113903085009521,69.69225040902745
2.469673633192726,70.62668939784851
1.8756205705972118,73.25110852646031
1.3740728002175462,74.76139919466698
0.6143334592276107,110.12414513164254
0.6011410731754786,197.85913971242948
1.4726133102830492,246.9375165378772
2.0074912379357555,264.36862117408486
1.0219423579387015,263.33954228780544
0.513792150567026,271.45671897185434
0.10616470808010106,160.48687816172333
0.47537094489119647,99.09768628279505
0.8283494706972476,96.37527428478893
1.0846030950728616,101.94275179710615
1.0133389391912626,89.43919966275786
1.406177546336468,64.81085569944503
1.983644790016915,44.34614993230855
2.8460389897979264,38.120183315773716
3.368775419191996,33.581739723839746
3.7152381350631942,31.590591950348426
3.28503377428865,35.510669288697045
3.6377310282902697,26.833321637993038
4.06954472487205,12.517646291319352
4.980350555516788,2.3446761087130312
5.862798792886215,357.8703654039906
6.63057947130997,349.5950514427584
7.2111766846428855,343.85754646401597
7.880056835731856,338.00647458592675
8.643377299666607,335.3180119741887
9.061007743487393,337.25539424919475
8.92593448822121,342.6268806412608
8.669480824772902,347.70319976525076
8.624408762212823,356.0270304998203
8.21736297103976,359.9603156660121
7.770888775321794,4.3275699528257405
7.513492144832431,12.373721681567872
6.990441428310216,19.910298282702854
6.770558293893803,29.340211087901423
7.3032712945702825,41.87108590134818
7.995404150041584,50.020726999091266
8.37243526130516,56.414251495868314
8.760216592625508,60.04145173698305
9.013918570570569,61.12297314927628
8.949427896983137,62.37702775130339
8.882701767926445,60.45824653397597
8.698170306893921,58.157369713209675
9.501776787211698,55.9191801862184
8.89159231193834,57.56327102067269
9.864344710429746,56.959160034571426
10.396097131844568,56.25397961347369
10.348424497739257,54.19135272783609
10.276647011936541,52.55498321181358
10.286058817859649,49.90726017302234
10.38792358725424,47.881736439012286
9.54454387031047,44.556710046252306
8.796498381869132,38.700196008419994
7.235859385580773,32.277154037010405
5.99491027695355,20.60056040214539
5.417284782709468,7.743200814324098
4.8602529218197725,339.6162556742505
5.7655539334163555,313.60446590747335
6.310319974047785,302.0822493439375
6.626897897182288,296.93409434170394
7.243316838228717,292.58493654865896
8.177983244172735,290.37251448668843
8.546096651460465,295.36164973259804
8.693098224752612,296.60256127241604
8.752480032183984,303.1604186568049
8.187473172978951,319.85673096820926
7.876146612508585,356.67074542088983
7.972614134502169,17.689960555633547
7.6970489714476935,19.270802416033575
8.22561417564688,21.86014569637564
9.14115915384701,26.849142263298177
9.890782424665328,29.1566940159164
10.566447317162998,30.42219791061433
11.263780690578757,31.26174301097967
12.157031553132283,33.871111445188376
13.076551780284051,37.97602706133256
13.994083098810048,43.44575292661921
14.130306405458315,55.87251723422605
14.093319544903322,71.69324719780968
13.937527756960367,84.39585150270113
13.464403919254998,91.46430022419332
12.86298169056837,90.10276685672068
12.802466479487824,89.58090830237597
12.431069348894574,89.888950497893
11.79667515584795,92.55063373507983
11.297899942206294,94.54388747047449
11.076338439489875,97.88319836011095
10.725817375716774,102.20200645733917
10.209484648605887,106.68429220103809
9.646861131169093,105.83898493050248
9.631490664006742,105.69532928370836
9.489175703512807,106.31778312668445
9.1709581055995,109.11562870340015
8.903785496935381,113.6841346631141
8.416470332124593,117.18588126950863
7.968739055503657,118.66003570940978
7.500001407853319,119.37912167177302
7.133001807424721,121.00728884150385
6.887102519654534,122.99734485391213
6.504014786044675,127.92533508953892
5.860947902194432,132.0114163715429
5.375171471323407,133.22108526628938
4.6331192170979065,139.33822474574004
3.8486429738921077,142.41825051077177
3.325371697605866,144.48756678476292
3.165841910994384,156.97016853675814
3.250858689283754,173.08156427372205
3.2188411983468153,188.61113160054592
3.2889195693034043,203.14180154856408
3.329846926139149,217.35589072105245
3.599540557071651,224.7894415612502
4.0423432915310356,226.91872107594855
4.530183724228585,224.97598309785516
4.6207948235616625,229.75513098192374
4.6245583063250875,231.12888493444495
5.053255503404858,235.8590185387622
4.957337737106838,242.3983099970083
4.737834769935914,244.50146234187582
5.206607424762125,243.99628362583135
5.245067215947976,243.0579833069732
5.280038675049666,239.5791086335875
5.798176793595245,234.1339131381867
6.378214541186891,227.95689529752468
7.053349504704911,223.90742477891442
7.260011201413653,224.1757090680883
7.16168751084775,221.86112257010979
7.191316598254584,221.76834025646815
7.032526541324676,221.67239740645533
6.964613176376837,221.6796579596963
6.815013073990566,219.34924132205091
6.806646783845136,214.94009211707598
6.9792077453877255,211.16456039906285
7.06645051801931,208.33759171844974
7.095078400080509,205.0578883676967
6.813829776737602,203.71888459170933
6.545230218921944,200.45183128615764
6.362291587048907,197.51872670204747
6.605924419798169,196.13820300298974
6.142579852761846,194.3856544568593
5.652564076726874,192.95931719561423
5.102732824957875,189.6231836725317
4.9327712647772595,185.73678170374438
5.009895440457467,183.87475016908493
5.153451095045972,183.92852453753176
5.050142760995376,186.70277728158263
5.072467428539931,196.02404315685922
5.00174988579687,210.24606915214486
4.8959657984572456,223.18991560264698
5.00314957912886,234.09623099861932
5.355459732785735,242.70398888623242
5.9847733529257905,250.14939992616925
6.901993209353382,253.90625761096356
7.537505556106451,258.55235601774086
8.126468558404028,260.73873685278613
8.968522069466797,262.2931991010324
9.718034692341721,265.59168993040623
10.198996763642711,269.21683211130835
10.813782646116167,270.4521023277245
11.284962749043748,272.11816887140844
11.548092170643399,272.35967770407683
12.02654748219672,271.62203159244234
12.747901815126411,264.05019557501055
13.11231972332997,269.4402542998543
13.00719543062236,273.34296452201113
12.669105878533177,275.84902247696857
12.66244025959156,276.04717639432806
12.424055650821794,276.49747489239644
11.72357151911873,277.5710584504509
10.589536341841216,280.4194292330309
9.334417571690361,287.3188143542736
8.040725671011435,294.02943476016003
7.046650461995933,298.3391327032961
6.221869298566473,302.5664395730778
5.369870141522028,303.5477380755296
4.981331226625561,308.3928904113078
4.8013433155567,302.4268095103331
5.060753891343369,295.83734032426224
5.373762556472361,295.9802140169476
6.044976526725063,295.42378031516154
6.342714185210066,294.61910573789663
6.875053972540518,293.63987813769154
7.987446527008483,289.8691694298327
8.733842087629297,292.42799358054987
8.57388279147607,296.7429883551485
8.579873000152858,299.6558163450545
7.973232534484238,295.9652693731481
8.589603225694304,300.57259536691816
9.518336077436281,305.5359063633042
10.027985200778584,311.7993964545067
9.49440750237282,319.03825607875984
8.506607929481849,328.9369224678361
7.518966281375668,337.5186542914297
6.510314910952341,338.164675983343
6.324284588624395,336.12242974535576
6.2154231612406035,332.7325311959444
6.097825960406417,324.0954502956044
6.544977002631964,317.6989788351323
6.884555384911037,314.02343247096076
7.348688115724812,319.5531002927955
7.675315864791624,324.9570785046858
7.726989727845825,327.70694589165794
8.014338114253064,327.63088085786234
8.243975575718439,327.29704081762895
8.09731888285993,327.61853933698745
7.8417413241027925,327.04331447308425
7.542600353287972,328.731663596643
6.902778902116354,334.5530075584187
5.8748609000574525,343.43730795876075
5.3956598041963595,354.30723832274293
4.834200944603177,15.411640686635678
5.882245388570107,20.42646489079999
7.554728103808369,34.019246584015946
10.67645516071484,51.22004242203661
11.709219200867667,50.25638599942886
12.172967054234435,42.35084658310734
12.856552839926726,40.9601205602026
13.49094165358168,44.34751050694268
13.013740658109988,47.01689440094697
13.429346952977506,48.15570935522874
13.658387032682374,47.28585526290476
13.66899948698697,46.49435600656858
12.643908607640675,41.014847849199384
12.196267131332151,37.7296089723547
12.020634103573908,37.93243051520437
11.789735208349011,38.84980587160169
11.469820064282525,38.10607222491069
10.1736871604207,34.458585861529514
10.067954063995384,32.605545389779536
9.788097458801149,30.261862752612274
9.769403762869105,25.55090332007495
9.187600543828832,22.793359084418796
8.20570640537036,21.43359126765955
7.738920877272167,22.70905896667057
7.402337563381365,32.38809965441163
5.93227741044574,27.78621590982101
4.282251019030788,0.7109032413143268
4.453155822947984,327.6629393681232
5.635987998457445,317.27047008639937
5.509762974311984,311.0414464709498
5.291462696991917,296.20203042434645
5.2784633679587145,287.1578555306495
5.260441048261011,286.80760221168185
4.738297701902482,295.0771304526884
4.390847880286022,305.70956143680104
4.177856168032443,316.8989528722029
4.47219044415164,313.1454362176217
4.4425197249586015,327.39752510100374
4.523878914523258,338.8955983867307
4.408723075562576,348.2834642082475
4.454444908804892,353.18186577863156
4.619651155186771,355.4325606010723
4.862520281735615,359.6447198065395
5.159686371451876,3.711496756140548
5.385208404811877,6.439997123329931
5.664975588613374,7.939632646621135
6.002855567703808,9.04706978926572
6.109547995580817,11.729069676108509
5.682705533053216,16.037237383459285
5.479459641612122,17.898099212104512
4.751216751523176,11.181642950724438
4.090255724579011,357.71576298140116
3.9982619132222936,348.03042691343165
4.227270014718995,347.2357202354796
3.7586966490971467,342.75391409711574
3.267061700553249,329.92738264441044
3.418630666622184,317.28614303372456
3.6311235764061967,304.10556112071237
4.042272987385924,297.97997039100073
4.281000343477725,291.7105474712745
3.82355064809725,277.8667868698036
5.038637732800193,275.877961169629
5.865805017106197,280.83195884066737
6.168583937902103,286.3776074420183
6.309884980992015,290.55098664142236
6.694835866825815,294.6516649127367
6.997988023255148,303.1842463335447
6.777261885906836,312.73094437524804
6.341280304383796,322.7540481414249
5.42468738425486,335.7462186057823
4.304413626797649,349.2093362497225
3.2425179282467216,353.14597192970155
1.3908114041677757,12.507672076179404
1.7923598490302024,326.1975120337393
3.22018593436147,318.7644750711209
3.8250841339407873,309.4631186056872
4.867684019821565,302.8635806131698
5.289588782719291,302.55342306705165
5.606398565368967,308.12915524371505
5.719556899513851,315.9599475163817
5.821244860791533,317.5684901972735
5.891967071565302,317.56168840385425
6.025612257341071,317.87961837469703
6.308413756291723,316.7145949887161
6.2576119500880685,313.5631234852039
7.047002311177144,309.8912355213992
7.466763664433333,308.69124143502097
7.964519992302628,305.68840373244666
8.730401665599405,304.2083347524015
9.247002520951385,307.4582475574175
9.36303164141132,309.7484487043562
9.396772240439823,306.47178186396195
9.837035304044214,302.0291047753487
10.148875688212183,301.3702099692466
9.953108630464216,303.4999705091953
9.929537648609486,304.8826690608469
9.366880219419924,303.8710157059061
9.677867518340427,304.8118443331226
9.80837723765405,305.8050716933189
10.381566158114682,303.8234335551266
10.482194165388684,303.9499381418548
9.939637127881694,302.74759815583957
10.014136418086547,299.1593348004532
10.418396074317767,298.36159090620316
10.52674955643157,298.59806581790133
10.525291434203853,299.2948632534382
10.453469765782838,301.45924540559855
10.145192637773382,303.87290943257847
9.154675047806796,305.1376405897673
8.51076243994899,310.3658517754278
7.3928061735295,316.4530798865232
6.473338415684349,323.41118278360346
5.650477711884945,329.44923683131645
5.383578862257813,333.0317305628303
5.456374893989593,332.65401579308406
5.593063904326842,320.01548486478197
6.655133764309692,307.6346065656089
7.531288796442475,297.5774356638043
8.957274303702592,292.6498519436419
9.886462666959503,295.1142609434572
10.264968125330345,304.573653628196
10.1765200371446,318.5738448442299
9.946973680262204,313.64594878224517
10.855904291786752,306.81550522331275
11.28442269342659,311.34034183308677
10.520629153394202,325.732274428811
9.980531627168826,342.8604130395988
9.563396375569805,341.78160834270557
9.834703061226454,333.1533599910951
10.378864236944807,322.9761703156166
10.863324389131762,319.3770410013286
10.847190064545547,315.3043361723551
10.560462877831254,319.0908981141182
10.3477306912425,323.3684455127945
10.050703963233346,323.04402124315953
10.165448327640055,323.0201217869436
9.998007986756525,326.59572568716897
9.479296882673502,330.61245828558924
8.983856690492619,333.1206413936924
8.795629363778954,336.95553545406864
8.30988548526175,343.8844095585888
7.789390067815387,351.2661001337621
7.4572986602384415,356.7448315629951
7.602408437019046,1.80945436917807
6.946850101517102,14.009016836472938
6.555750060110075,13.191900851260414
6.0707423926789845,13.902188001113132
5.8152213012826754,19.958560946942498
5.325733740400751,32.460452984186475
4.7734327320973335,46.435358777244005
4.440437183192903,59.628101896596604
4.576903976807973,78.07527634634431
5.0422935443870704,95.13407162911949
5.174141363021603,106.48846116467143
5.007010890173961,113.50946205484456
4.974624426169953,117.52419674351114
5.9125301740683005,130.58981085879583
6.224756789633852,146.65705103473323
6.042027384839459,155.23005408130325
5.808522894729631,155.39114506110957
5.6697584716128,153.56479983749568
5.658867680191528,151.1712504878493
5.801594884164072,148.89645470675237
5.794540183438936,146.9001364154226
5.684313899864746,145.1505986487357
5.706253509373817,143.06477238940954
5.551250786136895,142.1540908771998
5.3581450399737,141.60497872869678
4.4822955546077825,140.77122413356614
3.935598079390133,138.60733604020447
3.6497608686255063,136.49901948499917
3.3343395704094747,136.0802258118042
3.1646050663863385,137.8454316278885
3.117179767200371,146.32284640885587
2.988724046433911,156.73538228945097
3.000060431170983,168.03155595031944
3.250537118732089,175.93772318707283
3.53082292969423,181.48780322817328
3.7258250507980217,192.30964600943625
4.007424019671845,202.6154347309439
4.703925057077445,203.57725054115463
5.057589435955434,205.66679339413295
5.6017293070789345,207.1579865259697
6.155377958443982,208.7306716909063
6.425152986618932,211.0839116850581
6.786623234423729,213.38097648685377
6.988569736716561,212.90767698969825
7.321241390981035,210.73069938386124
7.68260389868427,208.46733510739193
8.139303523268723,207.2432446491232
8.390077936479958,204.95935671648866
8.56786164371299,203.6724738426194
8.037984721006215,206.88190627658165
7.971227454024403,202.50454298057934
7.885007645406312,198.28141130851978
7.584812800708477,192.94413605301597
7.435720154348469,185.73057549194448
7.771317569268355,177.9215780666259
8.261801786469887,172.04334438148976
8.362099501049963,169.7567319520508
7.754485648369182,169.01777238583168
7.200494383828222,167.53320767958155
6.94971335354372,164.59363679200385
6.68832438324337,160.76952018768816
6.3491696778148405,162.28249662763017
5.977066635135216,158.7045908687919
5.668446341823665,154.34532417978198
5.353004840944051,148.7381924479352
5.087483895572809,139.80724513842608
4.903911633409914,129.98653937157758
4.689518324539446,121.51100429828591
4.620762682116957,110.50484651906714
4.540860321885397,98.48703953256074
4.715734240136454,85.81678424693769
5.672938555908936,74.99253043156057
6.481682785532496,67.59612387509992
7.392830272902719,62.62533184953867
7.951831432802006,55.184687447251804
8.234015100549382,47.78162896451181
8.762610081627562,43.346019676726655
9.111017256550225,41.69038851661924
8.921123623736705,36.66439259665759
8.791812326280327,30.0839597559322
8.681482125238071,23.334273409675234
8.607515030112234,18.228679295847883
8.781474502012975,17.404300208063376
8.09088041251794,9.149866019116985
7.938036625568254,359.1359497262915
7.67011805972189,352.6477592116285
7.616923586036628,343.3246119394114
7.985266322617866,335.885903856332
8.305455375760802,329.5325344853965
8.704665479207803,323.4132325461739
8.984556249245147,317.63547208211776
9.138502618762324,314.64998969716424
9.105227241239506,312.49449210792716
9.26416564724601,310.5199191614567
9.816586142111717,306.48668758877454
10.560141538633872,302.97206520313233
11.195229572296318,301.20342072914696
11.427607437551089,301.86865860172463
11.572963771298907,300.8998078374809
11.5168075123559,304.99585742752873
10.703701037313074,316.0429497583343
9.506545348946167,332.07534411092666
9.051533882781932,355.1359093478377
8.848243718750233,11.411567354261592
8.47053445226182,13.62184911237415
8.084725455382777,7.72266322181747
7.849202517969295,359.71586194977044
8.259222835599076,353.8368931193323
8.345802640037626,350.9354996782253
8.092537844955144,349.9396326792264
7.990754702713105,352.6902338487027
7.939120849759821,355.6990390603221
7.815622313137103,359.3533171702265
7.749816692928769,4.494710085428721
6.99479408421175,3.9679102521871528
6.035335191319045,356.9981912933204
5.23389752203695,344.9414009697909
5.1095829047397165,332.6006258699264
5.150869325129497,329.2003870200068
4.631863580693251,334.7133835965762
3.7610814192371866,347.76424154628063
3.182527648783349,359.5261241625512
2.3110160396973125,22.715460152410742
2.0268613668095656,67.36722843122811
3.3307833242691607,94.78321619629378
4.816577546968905,118.33436740911952
6.005292680122177,144.30450859224368
6.936176795258151,158.48959531119795
7.802658301420023,155.43785985902264
9.08585653632469,143.92350063157392
9.681086671641529,134.8397207885676
9.485938879342164,125.468659716893
9.384545946111245,117.74180553170157
9.423636800679038,112.92134489884609
10.124902121599511,113.34189290458414
10.90214248536278,115.23864897317549
11.172918370238694,117.58503411988386
11.824424059201911,122.01744521873297
11.724856393692125,127.3261947380538
11.388080056178094,132.76361039546816
11.087273514158383,135.128074840208
11.140784999153718,135.29970084309366
11.537315175534731,134.38641648257328
11.956831907743664,134.51378602359853
12.484375813901869,134.19338013322124
11.280211455525114,132.92067078611467
10.899136972921735,136.0347408761604
11.230243885364645,140.30027437073346
12.294782313844356,144.19229616538706
13.12962368903756,146.44443437938355
13.567234847731108,147.73896957671332
13.779528853959532,147.2365566309333
13.813434970673315,146.1325517380098
13.726095410368274,144.91813034168365
13.694561940441396,142.98729036567056
14.053298655455382,140.30139314674847
14.544388488096226,138.39918748644828
13.615018662416883,134.82673057710764
14.745210135839027,133.63977285633837
15.338760865566138,133.9179610850863
15.462037768656272,134.1224869606823
15.699620900181284,134.61020710106357
15.484613615749126,135.69436352680475
15.46081628279445,134.43420506709293
15.776086811792904,133.4634986493881
15.975030451005626,133.6447530625631
15.976561708841924,134.14966637584297
16.015548814548943,134.75542966992867
15.818187360404384,135.7619540691677
15.091536328817455,133.12703359484965
15.527236637373342,135.2849898249807
15.300109422942112,137.64891376781577
15.205447167987959,139.15595981129286
15.163412976305072,139.36958240821787
14.74173150458853,139.10645954729847
14.552603685605474,137.85827811245122
14.4763082390948,136.39335960666165
14.578021194012754,134.7617193791085
14.858346830131246,134.1054333534874
14.695309260381592,132.98264538459102
14.570736873325325,132.2523250522775
13.438952824474459,130.10022253709985
13.731322549908477,131.46455074564142
13.556207163877401,131.649947281334
13.591790143161752,131.15806735944636
13.59266232811836,130.2160592769627
13.638133118466655,129.4628321707237
13.57845450555401,129.32917121963004
13.446457055064169,129.13112723423694
13.312690972755922,128.99229211715738
13.12312969845978,130.1451811606001
12.981782628677042,129.9457770065427
12.93441148633524,130.24330018311923
12.362027912679457,129.31247682303388
12.649104610899382,130.57720780327747
12.371771792758302,130.24990639778633
11.952299257114799,129.99204519346915
11.477334047328457,131.64962008280253
10.988659991361903,135.07577935872416
10.44271956781744,139.40815902514078
10.473390906899382,141.9080234782225
11.068572365513901,142.5064131064762
11.665779061146152,142.1247397998095
12.02476919085352,137.49846388542983
12.508788446244704,132.9262839779181
11.920040130998302,123.98744934185146
12.697209884518921,123.69656048446484
12.130085829086546,122.42173369693222
12.115295077233984,121.90946281407707
12.447009157022459,124.23349274691088
13.153118184535748,127.74495794501763
13.669501744514939,131.92646013966288
13.953377725234176,133.72423306611768
13.895359083622596,135.12959857474044
13.40889199674548,135.74334777136403
13.149714782010825,136.70186033692698
12.852734733789926,135.8129891350262
13.473536160065851,127.1863925780197
13.788428477387535,125.44133527843394
14.35443579942486,124.11109005970513
14.657916642185086,123.33347698942657
15.330482296015152,125.7701168864819
15.380071275704415,129.7336273589326
15.041895910926952,130.1622718159001
15.207068120576201,130.61428366047107
15.001714323729306,132.18696602955197
15.028811095513344,136.98730303735965
14.241875098278387,144.28846651880644
13.481197377810515,147.45940818583517
11.685018243279297,138.83791274176735
11.575642267466328,138.86930986584503
11.215784225226775,146.61251628049018
10.518817248727396,157.67730262340058
9.75796947902672,167.72105096561245
9.020280449982138,170.04523537323246
8.672252616304615,168.41683407379014
8.39737540855671,165.99688466854172
8.151460557790012,164.65771014598704
7.959861145669565,164.8898879791211
8.01731988465601,165.46557966213948
8.140896130285475,166.3747448995747
8.838657786559454,168.61534403075916
9.521732873365007,166.62458366498413
10.140025728623566,160.0592560032478
11.076474213120639,155.51084746023093
12.241883952846251,158.46062673292727
12.648923250940621,165.84027676371375
12.697808776695933,175.27873868604922
13.63443486495962,187.87902150766254
14.613014193259284,198.5054984039854
15.065517488345206,204.9168358551298
15.280788319555539,209.19960404873586
15.524361689241235,211.64949513657098
14.404882992239125,216.51793062563715
14.590924018593922,212.58341437200835
14.923507502110935,206.31466610758088
14.831472507713892,200.22215656633915
14.684684605057008,196.49593862468606
13.95400570525016,192.50309288576588
13.988455640228647,190.08457454560656
13.760654647206504,189.77079223342812
13.372903894812035,189.86470947328183
13.54045812426848,190.81907385573214
13.953114227003347,190.533656878269
13.483163803419595,185.6062261760103
12.70004727175513,183.978053727308
12.50032244723377,176.9927668038997
12.291743846561694,174.97040180939075
11.020993526552823,177.99808894259672
9.773510155905612,183.45881067282735
9.036957893562413,190.61609627121618
8.632181368022453,200.9682789824036
8.776349126265941,210.97062425958188
9.682345290946586,221.48500784625944
10.382356425137443,225.8684105546259
10.663450054798561,220.71791504826837
10.933344260435641,211.8680109179288
10.635925082498371,206.82303692443267
10.82672291500238,197.6112195976203
11.194071415268755,190.40409026975627
11.643406704360164,185.4038081228012
12.103618439441423,185.2382371435377
11.712282656563394,187.84301955459304
11.06578844358479,190.0648313136173
10.249243484482326,194.78592879449158
9.23056632340548,201.26948880036122
8.122573978078558,208.88421925146642
7.6398650194063835,213.8781816143984
7.601365670813603,216.9511892445797
7.497579685723454,214.33036172572628
8.151067225474055,208.3451562263366
9.017739286357141,207.2559635468813
9.323167183054531,205.72632789612584
9.249875512201196,212.33351709977848
9.002373189217163,217.67834713628162
9.258678637736569,223.4699937068609
9.264401934015833,229.2941182668649
9.145312396065187,232.6026481636688
9.179462929488157,230.3542365703219
9.521098810226173,225.52132478753524
10.155206127235134,221.7574677750169
10.168908772403531,221.51209949046128
10.89486379088795,219.65006828369965
10.979773581835115,216.77269126968363
11.113172043427566,212.7010315772758
11.057037570470852,210.03753073329037
10.851471430400768,207.72275007960008
10.556895543621275,206.48205408132574
10.133453387624979,204.54359558484202
9.84259783964376,203.9891856942512
9.367064242630805,202.51781416518344
9.054337697617866,199.82893940712566
8.822427223177884,197.24456696061588
8.544144362662205,193.85041395324006
8.565892715411337,194.17491601051324
8.48724190371149,195.41008689234388
8.152670801367908,196.78422966146408
7.822870377308074,200.30597701074757
7.4408804905992705,202.61019452695078
7.216636072502641,203.3387805372652
7.245419104148583,203.7468970554841
7.388316669987209,202.42540133183724
7.513033988514433,203.47364115395345
7.078521550328301,209.57647419566266
6.783741518960415,221.85646517263473
6.617301277810223,239.96394821800916
7.14029300881706,246.03670271871727
7.629443799893915,243.8197106822935
7.759193392291901,237.8394120629394
8.110480775335393,232.05778772713626
8.315461188456993,229.24546208823665
8.566574971332019,228.13795995016977
8.783637191359201,227.35264270073975
8.999074304761665,226.29584979318014
9.071646769767343,223.3669966197674
9.076121596866912,219.59063900120861
8.843181700112856,216.93368405136215
9.044208753161287,215.7788056138753
8.845434552058597,214.3239436935517
8.973766513388554,212.52963895545577
8.746664785198128,212.47953978332507
8.781454718927268,210.21570458652963
8.790079651114459,208.49963279049234
8.752309924882681,208.72505053961194
8.68333735730658,209.1168868877984
8.421935488047092,209.16073522895962
8.2543553263741,208.62353634109044
8.101775219178426,207.5629024578976
7.871562086890451,208.09632018805053
7.974391871976683,206.1034800934405
8.352663922631125,204.17923812600824
8.420180833864556,203.06304631556205
8.401465665571752,200.29376154686508
8.545616799283545,197.04584979016244
8.80746945392086,195.35844282168392
8.752902063844097,194.58342523433203
8.590248144714879,194.24148989600957
8.435946238385556,194.35707273957965
8.269366993009516,195.3673447485618
8.078626598060502,194.56121858632036
7.871385869812717,192.472884807049
7.336351504987446,193.20991634155376
7.420921851702031,188.86870262149887
7.465529096271386,185.32677817521412
7.580486066203498,181.96366218508794
7.930983071853984,178.80574831015713
8.327633431367065,176.79843665837836
8.544194417086496,175.39277061894677
8.833664806902226,174.7940661173916
8.948578284607342,175.27384236990952
8.954714514804868,175.624776773348
8.933240636824687,174.63692180157557
8.897978703906299,173.39200950283498
8.072808903493122,176.09295970448488
8.585684651145023,170.48230048439632
9.017878993156632,167.1973367314422
9.235594273520803,165.95781018488594
9.274489771510343,165.14629412792794
9.110243761433848,165.14417182864815
8.80610762583271,164.08178297093968
8.538384371381033,163.96855593169334
8.15498417987861,163.71674597276535
7.78202647822755,163.61158860561613
7.5066763151979545,163.67659214148102
7.183185115579614,163.40201445688444
6.571295365838112,155.14132258636937
6.63661657588341,152.09137347938827
6.648688352774078,150.53186500921151
6.369852831213278,152.69898030851596
5.91950506474049,154.75936802609044
5.452341772068333,155.14603937859408
5.116251946090741,153.28241397762963
4.870658873071154,151.70399922873003
4.516016870002176,150.3157733224666
4.228215740123752,150.80380924013878
3.905840043389002,149.6928739867103
3.7410520380249577,148.62732071356777
4.165360800991842,138.09623628843087
4.095221389768836,134.29290392869274
4.2386595801456215,134.98001844527334
4.276496129159273,140.02735223142497
4.076512826541102,141.46545779139484
3.7061548091101972,142.5202066049789
3.393009128537823,141.43378921499846
3.047021775013978,140.57700999194162
2.825092979016797,134.4995438673651
2.864169244435786,130.0912241716486
2.961213073516946,127.01964323127794
3.0771213139400695,125.2296902632786
2.449551354762445,106.22248707303021
2.5860033551664383,107.4881213634132
2.748348254242561,113.86820860826452
2.820736990873903,117.29027729278295
2.8796488312666253,122.59164771874669
2.9047879215696555,128.47809132108682
2.6752022631287153,131.2465812199839
2.4824868176950186,131.14494386316244
2.308311059964601,125.14846263931327
2.2157208908626447,116.7798018646053
2.337130579012167,113.0699977596006
2.5133664438759045,113.08253261991331
1.7251990866285591,83.86916398372455
1.6107044956788015,69.70823248621048
1.6027767080691524,84.3539952786723
1.6527486111329697,108.32621893164469
1.6376910535673335,116.73742277838579
1.2711165518179086,118.68236825826011
0.8566147497780274,94.34171961925676
0.9061270798897471,55.635037341081215
1.3344173095760794,36.984290284560075
1.5180331182016618,43.439279714267286
1.5331253418969766,50.288981287653996
1.5557870699095202,53.528074047605344
1.8867375928820123,25.370507792951116
1.9714518085484616,15.82862367718019
1.95232139597535,6.38776459236243
1.8089350636811998,356.90099858283133
1.6735738634881263,351.0066790944829
1.3028325464380734,340.24226509212644
1.082269337744593,327.91318467054407
1.2762108725680879,320.4548436998835
1.5590613163743945,319.33173818606264
1.7289231194169077,319.4859106334296
1.5251635501853105,306.95817330773235
1.4628365835889543,292.72059131991745
2.5522007592490152,304.9774284658549
2.816014068505953,302.09275695278404
3.0602351030542803,300.0617773522741
2.9186149101005445,292.20736069859174
2.807362503346864,283.7967366008022
2.7691420471310755,272.087980453315
2.996151322978572,260.36330320370223
3.413246566432904,255.12575389799815
3.7992376176241267,255.9526504545539
4.062777989814798,252.79002090167683
4.300277282352827,246.24606154480244
4.673741271936521,245.36071993884613
5.302339531209465,272.9101122029774
5.338267940584184,279.85824486648573
5.335247904839502,279.9164433484564
5.478186612472453,277.37296518491934
5.547565730562835,272.98192520254537
5.7233181555924775,268.8979590600543
5.9764105989599505,266.3556110628192
6.25343826109943,264.5137662944967
6.479978249860152,264.79987879419406
6.759140850362219,267.0149085286771
6.941355375121883,268.96186269511026
7.086173401396062,269.74880551639325
7.53542341389945,274.72809817395364
7.45652819348927,271.95701779342636
7.836701244870212,268.8690405160125
8.260846186626276,268.12516405459223
8.520526842216029,268.8928034680013
8.743041831698466,269.4867166020275
8.977316032529869,270.4276255430883
9.212916502479088,271.7931531647405
9.350761377967197,273.70026792330145
9.396654573682412,275.3882526560833
9.47830650368325,277.51135077393747
9.492139686860991,280.8881914282157
9.292375399282243,279.952889592539
9.372207593882207,282.9541696049713
9.403925450501381,282.5894513687571
9.514841923504974,282.76581567226503
9.713864966395764,282.5554881245421
9.760926456790347,281.03522197179797
10.036555348121269,277.78393778619346
10.221066160226632,276.19035260713275
10.368103288294604,276.5343069676072
10.362208740117968,277.5399095515103
10.403344544249732,278.79219690225636
10.306906779464972,280.05334320557006
9.913764152547051,272.86912540209073
10.163125890661183,274.08318977733654
10.233025487310513,273.6152116301513
10.280755094708368,272.70651936072477
10.265943989634993,272.1437621113051
10.270717372261847,271.91202517023515
10.204590587855835,272.1483410016525
9.908463555862937,273.6567848771461
9.657615090502135,275.0238325235458
9.137409195580437,277.57306993070534
8.465648001141332,282.8930908565473
7.582275822888369,288.88653810355885
7.679466203070044,270.803540083907
7.130203570857708,283.10506608466983
6.101066529130582,291.5065198260179
5.062414840782661,298.9268713128567
4.000553634416453,307.30846076021396
2.9943546217632155,313.18991889359893
2.2367760991366348,324.5042598634451
1.6299919885251708,349.86416444123023
1.4752144626269275,11.170694589647496
1.8877045240369166,27.157426405045157
2.2119728835398798,36.81985957537711
2.414157784589253,44.219980188365184
2.3109763592509998,78.0482139387309
2.1044709934698047,84.53627228794528
2.155024521069285,88.26583142874722
2.1727284713195,89.43464579656131
2.3519176989358956,87.73635550486136
2.2801230899635767,100.98530732822957
2.1342993446643534,126.0696252031164
2.3252753196209195,151.9810142538555
2.383798184358934,172.09748919344293
2.2270622590407045,196.65325869366734
2.1335794306934273,227.61674423286246
2.308284361680507,261.94435081244035
2.6728064783481296,223.44876693621086
3.2840072225902257,234.39080371676704
3.643541702679755,257.5789142120832
4.012230598135655,270.68051707618315
4.13127241521271,278.612573015053
4.352425826433413,282.9533790165596
4.052811941920677,286.1123084111406
3.6794643486586316,289.83400105232386
2.9022377189330717,291.47153869223774
2.2444728885151277,300.42646107281314
1.4994453604472455,311.35294214652714
1.4980471682123364,319.7995924542946
1.1473410158437989,337.88446192320765
0.903671276491575,321.6940501656742
1.3384601387739048,320.15127499828276
2.147733310952307,339.91405465565174
2.9123863178967424,0.4598933727685335
3.0660355071417813,20.05977238471189
3.3792514745829867,38.86033598875429
3.710501864521948,52.54109227984202
4.134442436406303,55.880037831381856
4.598610717695308,57.604631109600916
4.676093061029394,58.882944392686056
4.049418452847309,69.61957485787832
2.8123328819371265,91.60211141657544
2.370301824066665,126.80535164031255
2.20323202299264,153.48623452983452
2.8300034990651795,142.85670077183232
5.6236179183584305,139.52916899210777
8.30887888729572,147.57733293306512
8.287195130730423,153.08978405824837
7.317952412647601,152.04322856322653
6.639976888843356,142.46266814562568
6.579845905852636,132.3227659035541
6.724779897643416,123.71729222422499
6.915213030594379,119.28987054250132
6.044751049709513,116.95637583441635
6.24325862033188,112.59308665612087
6.994606261496596,107.21908719765372
7.352141384080795,105.52845173098808
7.61541415000241,101.52503694701858
8.276467785819323,97.35392438945456
8.818420171723675,94.61164883513595
8.99332306664036,93.45527952076048
8.866368313321226,93.89669952470274
8.493345119828641,100.8726119306973
8.330549425381095,113.69028738580516
8.653031908621177,127.32769496784346
9.705157936028677,137.5511154102553
9.621826433677963,141.74662205776747
9.3341784117994,142.54112226833388
9.241656399732838,141.84223647040682
8.903690204265663,142.3604764233803
8.717483035956418,144.57545433524763
8.263662097688652,145.79155872476576
7.780156701940865,148.47281255333303
7.05389647480915,148.1593504025488
6.54601226541436,148.5007207716443
6.2255064911702025,147.76775621858127
5.754861977352475,147.77569373113477
5.180066189135486,152.8832694889545
4.683481747161155,157.97573671867372
4.40955371561621,165.50817967121907
4.191155582354614,171.32047899038218
3.8328347307106343,176.3602923645933
3.459593823720045,188.47865921546983
2.7503330100969703,197.6510606038207
2.5056234387817837,211.0502259115143
3.0454888627208936,223.00726977034995
3.75362161818275,232.31413603976608
3.868700984703328,241.2614697633044
3.7972464067325853,246.76340806751776
3.911672862123625,257.0877032521303
3.4643949049522207,264.1495412373845
2.880122500673082,264.7305172208069
2.50799004552237,265.6723047835626
2.481276997743852,266.8163392277387
2.9188779032635472,274.59778262972856
3.4498157562739404,286.38341913823274
3.7648990808185685,291.187309150523
3.7847729495567437,295.5810303167601
3.5569179762068006,292.6906528631812
3.531039990418779,287.25784028707017
3.782050807916176,283.481248387636
4.226194399717545,291.43996546400393
4.592080865337549,286.4453125557893
5.257789296962393,285.75337759313675
5.686132563271632,289.36224410097924
5.873000307749266,292.3139990251095
5.98359811771515,292.58085402792176
6.220468269116598,291.63622970809195
6.54602744357595,291.351765918415
6.682363579690086,290.97183443605
6.65189939758517,292.1627433007184
6.477003226301612,295.042351891257
6.08290804820848,296.69520969121186
5.419981637813605,275.1661412847626
6.352356718033684,275.92111983498165
6.742312379098347,283.8696569212256
6.705451442948566,289.82524257411274
7.044161930009059,291.9263022092428
7.395220793012224,297.0783166612229
7.558765326627097,303.6512198993228
7.405286963609783,311.25439470129436
7.114837878926747,318.68139478522465
6.854128107421144,326.91502857705075
6.5928089194617705,334.52752216455457
6.2446816443690905,340.217853014601
4.691464423418159,359.34943086008076
3.84357068062574,358.8218940434846
3.662413004047262,351.1107696593519
3.9801288394314183,345.8854958201503
4.001200238841003,344.1068875389647
4.0525897658693815,336.3041278269871
4.291371606789746,334.1447969354967
4.305593479613714,332.6229153949557
4.367399959644668,331.74101618930945
4.623334792867832,332.3832105302632
4.810656652358895,331.6769529358782
4.819188022654544,333.4190473770326
5.093541375511762,340.78456552581247
5.532536558291342,340.7269564506297
5.557857806422688,342.1314884689069
4.912927162383551,344.1857682522711
4.0514572429490165,343.15010025286983
3.322145663159064,338.77260478519383
2.947374858446752,336.02431898890336
2.81102525660197,337.63432911938247
2.9828716025271285,347.9022131366171
2.9339295923904096,4.580123478003372
2.370061059067167,41.67507817217063
3.11233509920847,116.1903129426588
6.530209242447187,156.38727310859213
9.618902611167346,163.6059357679569
11.314597681447571,165.71244675934156
11.552483186857907,166.61370391695186
11.062145621129796,167.20184328965877
10.442254267550833,168.5104373063532
10.121008477707708,168.88608920611148
10.06461802995808,168.55097075611002
9.854755728604463,169.012862595191
9.574381301196558,169.73474797833455
9.380207448529346,171.0120525849801
9.166953850842173,172.95828583242428
8.81412578865759,181.86974670620828
8.854493980800601,185.056255350404
8.398183617972892,187.38730321748375
7.882435628527482,191.72248077579258
7.588307031259954,196.08481954521233
7.453740082656423,198.84039379171915
7.473095654128986,200.43763286306924
7.491947056133551,205.10997143584453
7.523388276177985,212.31211185239513
7.431154294344888,219.28987085305627
7.30250554981303,226.43438480591138
7.168731009970192,232.568709535175
6.831425581789101,234.24733485033613
7.039855201164081,241.1100806498283
7.296290972366302,240.13492859410988
7.285428577253302,238.5839902405709
7.315614749519496,238.28076774445518
7.430020481412248,241.35097293540971
7.455123009901707,244.87848885043923
7.468740008670154,247.93511749336983
7.305690157187478,248.90504481102187
7.071312542591368,248.88472207187388
6.901756104931983,248.6194120562435
6.359449776383567,246.5843416723182
6.658104727782746,239.2792492961912
6.818336069393067,239.57285085352578
6.486651313342127,239.15324852298457
6.136451089352705,233.6223733211141
6.225740973474673,226.51425867182374
6.305535104353381,225.85435712470203
5.942160075827813,224.08850447503775
6.011275798914267,215.66043796074345
6.647472562104187,201.77083192990696
7.54682262107955,190.82103393893127
8.069804541770019,189.24903976158296
7.968598968802976,193.8814294274108
5.813131014104771,211.18129012423253
5.518130321279776,219.5008408331656
5.489686159138039,228.34441536221567
6.172360836196204,236.27976118052794
7.041329946050762,246.07146082862766
8.315048010148523,248.53212855923277
9.926486867175617,244.25156454341305
12.220203992867475,232.35491500700456
15.641977036146965,223.7753271258571
17.88768897687754,219.16966355873905
17.257619356483588,213.97259530663374
17.273206532439136,211.38424693554072
17.24333604983818,211.24854396305992
17.069534739964563,209.38360891409872
16.864403784889582,206.10530986965833
16.49059430760274,202.54278393837023
16.203490585121745,199.5257302378949
16.024220381787345,197.57849298805874
15.650160684922056,195.7117191671483
15.407738898229837,194.36734320800485
14.99518383974975,193.87832169772682
14.662594178858265,194.75825730470723
14.356187079088905,194.92415956903332
14.106653250525861,195.25676561222318
12.28866604312521,201.52770053410606
13.399832341858362,196.98045626989978
13.775710742747972,195.5437262315173
13.483741910307458,196.56350940815574
13.079628291107312,197.19202681409973
12.745033393862718,197.1450276415049
12.493957915957816,196.50701289469282
12.345221657359057,196.45262888484177
12.1438522889278,198.0435980750149
12.056215807398024,200.50948420977335
12.190890385828572,203.37052793358507
12.570690966943703,204.30404168328144
11.669297740480207,209.50934902542167
12.955688774348241,207.32925289642458
13.666643541891485,208.61866962997223
13.480066089300019,209.23019405800994
13.143843468248615,208.2518002199259
12.869776682065154,207.71078447503626
12.788064846528414,207.85073690020673
12.956739702740656,207.89415184064848
13.372953008324624,207.72989756686883
13.507345909420593,210.06476605938852
13.52881994080851,211.7996159340177
13.49264684022364,215.88183176722572
12.860851488623293,218.61999533247916
13.26877127781363,221.22166369599123
13.267210912755742,225.38907942326543
12.638078434046145,229.51016676323744
11.861254817717434,234.1043884968763
11.120326447475767,237.69862582526864
10.722710997998828,241.3069126162759
10.464730107466316,244.15579260776596
10.29593893169778,248.2610941733208
9.975728040243993,252.67664372900578
9.458915513329105,256.6494413510245
8.86514601090261,259.463521985006
8.94022603483722,260.7386196434667
8.348533833817639,267.48621124265765
7.924005420810503,272.8573253097184
7.605006863831896,276.13639672513136
7.429137876932941,278.04277872398944
7.113837412374314,277.36888142674263
6.9496650344132025,276.0146950723139
6.858365406371617,273.8280913275149
6.615153945107325,272.8725293219603
6.412393513081945,271.1498304187775
6.239126462031348,269.235449552003
6.061684899933188,266.9585356271591
6.185035737869133,267.5401520128949
5.741767256838034,264.0057062344304
5.535430379510306,254.40443341055362
5.742015323835732,246.0775672096139
5.884225869808525,242.78881565168848
5.6912898945868164,241.85908133940472
5.326508167429048,239.00756072284258
5.226173396136819,234.2794643831187
5.2962707975548,229.19235483777473
5.542192739085267,224.7241513323047
5.741616096253559,221.06124687392597
5.559345214890505,218.28204992836976
4.157076711791651,221.03803830085857
3.6713977591224953,211.18947328693366
4.108845416765236,204.83541607254122
5.115965405209294,203.8129573333009
5.422412521185533,205.23113301963176
5.2360332112958385,199.4825743420642
5.509466236601151,197.02137720489574
6.230487339271679,197.3556406710754
6.7549603007138765,198.14898453620577
7.263754086673973,198.47628284182883
7.6756040835716695,198.4772710581013
7.746403742486851,197.59092877081656
6.847096763402899,186.10551911912154
8.13915101263398,184.13335602096114
8.914761701692322,186.38575343065455
9.345899076599782,189.4925568330115
9.266446539299194,191.60291109927746
9.211755822365953,192.843295805184
9.306183574166225,193.6468017401409
9.629824604922574,194.8958146295059
9.993395150960275,196.0416513870431
10.31176617553802,196.8403582121483
10.497578458618207,197.41449907351864
10.565908757937374,197.60996184705397
10.065793021930823,202.00071070764156
10.559354590336026,197.36490052899669
10.963806868854995,196.514316486137
11.319308721294984,196.04597208699022
11.66151892656274,195.21663373822852
11.890221472531477,194.19736585774604
11.981087410879043,192.73264485243615
12.123441090367502,191.1629197976473
12.272031889134698,190.93686600626484
12.037884040563288,192.42135195690724
12.019661853088646,193.95691178858223
11.953324399481787,195.17764740693636
12.425717362496542,195.8852439462526
11.878154148380984,196.12024986227823
11.904090284369246,194.70217460553667
11.75250880190281,192.8442950457068
11.607598624636648,190.88536195018207
11.366809697290106,188.64946502246625
11.292513112154419,187.0252439099283
11.24762312881016,186.00684182305102
11.008866538628899,184.56035003105364
10.850861075346787,182.80006890770548
10.615399047620093,180.76372937475404
10.369595335256006,178.96545579955205
8.11722484475677,184.1120370433947
8.623630511806562,174.30625319323485
9.385752758999354,168.7525613985863
9.866616636755431,166.49299356177653
10.042256438865525,165.62805083329795
10.151124391016335,165.33107685116738
10.262858128782657,166.44499701284735
10.429526184848788,167.92119746764388
10.388316554914876,170.10733217880374
10.377081525690315,171.9360837422978
10.341620712643463,173.8920345308652
10.48233559167326,173.5730463432683
10.474767730204226,171.5623066740743
10.651976921738289,171.61964605995263
10.78940895160165,171.81335754522433
10.412396885397186,174.4605115467332
10.307944022678388,172.5507985374487
10.604959389125073,168.665266324678
10.635544628727219,169.92317329756884
10.34220813859507,171.04589258326314
10.055693203445953,169.5115845324143
9.897598032783067,165.79001216895142
10.089979200806956,162.64991421231286
10.072270188567868,161.92770022238233
9.675271403964029,159.87461975880228
9.469723913456715,156.42425196011186
9.778131612624826,150.42618178516432
10.098279161776674,147.26547599543375
9.882946186126128,146.94635721090538
9.613516531294675,146.09725574404752
9.543015192156735,144.78689730157964
9.559430731487636,143.9220413552888
9.677425999673403,143.39140432564187
9.845738866541252,142.78147005508913
9.850737144798314,142.2880360080377
9.895033279496587,145.00640348799448
9.457674641260292,149.49683391754218
8.867170152351989,148.68100011618583
8.652324546482653,148.77393622393583
8.708802089872421,147.58749294803317
8.34425188520753,145.24325196186044
8.447334584687072,146.2396935633343
8.412382971975715,150.01187541134732
7.889076144629353,155.97905682613475
8.341218108244837,160.14051434520093
9.14780798412817,167.35820185843147
9.494841832965431,177.17169451411064
10.648243421893973,190.78973669341565
11.008610518465403,194.3409008989158
12.967720083051393,196.67859926333543
13.914345136443837,198.30901747869933
14.612130885680937,200.1667456066551
14.96592608882394,201.65629870574244
15.297083975818337,203.50811412345172
15.679059450833522,205.37369425471513
15.93252927514053,207.4616037661456
16.310048545341672,209.70867138811414
16.372308179014528,210.76379315553336
16.777368287991415,211.87886549762422
16.55588625178622,210.03559941090683
16.680188399173826,206.09575341358132
15.81512663114036,205.5462745723333
15.2480639000983,204.67454625327002
15.066459104291534,204.15597464337796
14.802747636370528,203.4989307474493
14.596459568263294,202.3749640707285
14.44685774880036,201.1868063181673
14.444359114642952,200.1958668929931
14.344497158856843,198.73995147521447
14.183211140886609,196.617530714293
14.04463889126328,194.8680143330229
13.951326543787243,194.7341786850112
13.288090861738722,193.8780281042231
13.776544851465243,192.66524719327583
13.604606269222174,193.69888410188483
13.332694722194622,194.5177524432391
13.344991161180673,194.6421701305291
13.461846395407354,193.80603866877487
13.624392272380625,192.51160935376083
13.847033419399992,191.76840232042807
13.918685162307838,191.47311571559518
14.042805105193516,191.50431006503226
14.290855742681446,192.02683728185437
14.39080882501974,192.1693707675802
14.615015094694893,192.2359936722774
14.66796635064796,190.2243469737333
14.876309251797007,189.41888358477053
14.899757426273698,188.57383923076875
14.850337627729713,187.22508460739303
14.924342271851655,186.17382683355575
15.046691160869754,184.9501177306753
15.108664996472191,184.53754544633574
15.158214075454774,184.7499190726244
15.197521706707064,186.13856731993616
15.083482784537992,188.58784529180895
14.781839256402744,190.88097876154336
13.332533162229414,197.01159144391414
13.886466982947203,194.73867606083553
14.08254328128653,194.84062730500636
13.894820221479867,195.36793826486868
13.81672856484193,195.1968200573704
13.737749684035773,195.62596037861147
13.789575273368973,196.7951011336251
13.920451694171323,197.73925989513984
13.844894848516386,197.84521882113836
13.761170026153918,198.06777603804503
13.543963873046408,198.45283047134504
13.353418686225496,198.87316985992285
12.888570259897449,199.08768004256234
12.848189598347666,195.58787789435232
12.941780619183401,191.9065169292406
12.669622513224816,188.71945361809068
12.309488567019509,189.01481557007966
11.931041392281475,190.11901940046752
11.787631518311617,190.3707734158725
11.646873146479706,191.7349265894286
11.535045058000337,193.04355119903914
11.330049696616811,194.39109794728702
11.162233877956044,195.3852329350227
11.052628649632359,196.91283869097512
10.539397874443347,200.51109436612242
10.567836967824979,199.3034541334443
10.505916336096663,200.12303198615967
10.347872051509828,201.23991004864266
10.139596200661462,201.9731930015491
9.82233037809119,202.90343850243232
9.467457774605613,203.9397138088568
9.366254926422847,204.62522195888263
9.210934019547281,205.20999510542356
9.28922451985701,206.389242247205
9.246344470278888,207.6932067388825
9.27927366709045,208.97247315735225
8.968119363583034,206.97517187761247
9.0894022992218,209.70118172200523
9.013743318154301,213.80227045564033
8.932576812258935,215.14341679042803
8.972640753509573,213.2816489167859
9.1770684224779,210.33407542374874
9.28569780213535,207.89685578129343
9.180331099816064,207.13605502410087
9.05418669377876,207.29356045499114
8.929502953886347,207.6339604094996
8.855838092438201,208.1771267743851
8.635530970350615,209.6762302448229
8.072514418631657,216.0443088131093
8.080223405343368,215.91511347969467
7.999507458871374,217.55365304388184
7.735326986084192,219.2975740123787
7.332833102180971,221.12227647562077
6.938632373239585,222.67228427120995
6.504345720477105,222.6800108480879
6.21266107844292,223.08305480001624
5.890630376993543,225.30633813847933
5.68818251367186,230.5546956934638
5.351343394998236,234.31532675971926
4.890507782571458,237.31494415461754
4.4698161745199325,241.77450069496442
4.162064052408406,239.58814280831166
3.88056650587368,236.9615404763758
3.808046429912821,232.4432632279656
3.8910514410666637,228.88577096462458
4.106764625660021,227.45291044771218
4.363980240971773,228.78448712567436
4.458982803892247,233.08335888660542
4.476885375095303,233.06936905323363
4.314267794653602,232.92259355900606
4.169135517371707,229.57543467276088
3.8017270882905208,226.11980227383592
3.818714671823792,220.1798141259184
3.3617770334723285,216.29167030799172
3.096879948257504,208.25301212248345
2.889163296519075,199.5865707863751
2.6584294398456487,190.5332511857447
2.5658744474303274,177.94497201157606
2.7078231512464312,165.45444411330254
3.0462589787097385,158.62153466316693
3.257399836436438,156.4252708763911
3.488108339722941,151.19178594168727
3.9144111538633037,147.1877864415743
4.326683171284911,148.97733155154447
5.279385355722497,142.9920910061037
5.072571898452969,143.8558586179853
4.642578769110534,140.9628029302521
4.7538510510440615,141.62711946035637
4.72036513166397,144.64449141704097
4.345862358620154,147.0498497819895
3.9071838577079085,146.38390732744506
3.6235533400219584,141.2636251893449
3.533807046049382,137.7013473143761
3.3385467405148503,133.8089022008984
3.2643848289804085,130.9826823193145
3.386806532475196,131.0898831769556
2.904435426574094,142.46347037366365
3.0074063254126018,144.11941591483185
3.0114431087767373,146.05291696983483
3.146063262646867,150.81913077898207
3.3802737296049914,159.9329914161442
3.3095158499434083,166.55365869793366
3.5249026436934483,172.01630534985225
3.5115028770372163,176.30319616100928
3.3059571774057015,182.726197744017
2.981386304619928,191.99356135423423
2.367631147248684,202.39927516595844
1.595127352893394,198.45869388446255
1.4764811726400404,236.88818377792416
0.9164778571679473,239.11607971572647
0.963162468113473,246.4829399438102
1.0281848241457994,263.76863843495187
1.0124069095624793,288.52834162633803
0.9074269296249974,307.69271411322296
0.6260269215010729,311.46549131060766
0.6151885090021054,313.9910350129811
0.6895956278903119,320.72718477801175
0.9125090013148519,318.811551129862
1.1331910277348356,314.8636154086356
1.7169648317251114,318.111306610832
2.4765535064253648,281.5496839890213
3.314556109464228,287.1957164446539
3.836394129402407,297.26960138518774
3.854115941821939,301.8274271077281
3.639494674671334,304.58806115661423
3.4736980032724687,301.49203566947494
3.4065877919654706,294.73572440689367
3.5295687758742496,290.53549130397755
3.5970926868011754,289.99236806865275
3.5285275918159478,291.91795200725954
3.5261282694127405,288.06173836375456
3.7279888818168034,284.6707865909551
2.4076820312245055,287.97184618712265
2.6202349146954744,283.3058026901398
2.716554397649649,278.47728069596485
3.0793362304163967,271.4015352863764
3.357067677326828,268.0242851663471
3.6521024916631313,266.2036641878228
3.936172539643791,265.74801787189944
4.275831035553025,269.192126077314
4.691396692238845,273.9120167570442
5.1211685651519225,278.8301899766249
5.508094299351876,286.1317848630513
5.9530386622111315,288.1021963059635
4.187580991488457,219.1417193336843
6.017572732310356,226.31138770313504
6.364353328398879,249.97977201283916
6.5459009101013015,274.3117481080391
7.109516318146716,297.39950910134564
7.267894508748448,311.71433543059766
6.861999755856973,316.5582094558137
6.418312135542529,315.1615253498088
6.385370181391075,310.6558263815612
6.376422490436496,308.84479289928845
6.0878880772005,307.070403088948
6.001519274106636,302.82820597132593
5.151345500627215,302.5787998114535
4.780758236920106,307.7548837553233
4.605312717950638,302.2703807544992
4.5592032512326375,297.6469372472797
4.751218351153127,293.4382485125702
5.32585923291455,284.94561784630775
6.698500497021423,277.89206959855153
8.072310118273823,274.2238937516976
8.858088670418812,272.22004710350313
9.453657537976856,269.74993615422534
9.571051899595949,268.7535041513525
9.334430488255167,269.8134286387964
9.39296206422262,274.7262923112713
9.793521252374761,268.8238790205903
10.382506748458981,267.24929692423115
10.957834018439325,269.28048536730984
10.961413548572274,274.2680666276367
10.74294368694898,279.67441749718125
10.502338495340492,281.5852000842243
10.257633146323974,279.88465627487363
10.297898033496024,279.2916831714109
9.844092216597529,280.33422216499116
9.034474145398931,281.7116645145527
8.392723244699974,284.06977079063614
7.725360672196414,284.7801679928427
7.848529910604294,288.16459316057177
8.292708644585572,288.9983460120943
8.98618915405552,287.6186445860095
9.82710046443412,287.02215937503627
10.426497349505981,285.34970107700263
10.651065481781718,284.58511257391433
10.35724435076126,283.45249709629667
9.755632197885875,281.5058607825471
9.14793017328927,276.8261411716028
8.883297358177021,271.6784404652327
9.371388344917893,271.5860527064648
11.760589525336702,280.7793667594011
12.630961198818227,272.5405739957427
14.165511296092774,263.01868630452964
15.284740438818032,258.9713599821759
15.425982808534814,255.55059967896807
15.85777380519923,252.79406052065514
16.087334877828685,251.9812844819394
16.107241508203227,251.1502244520334
16.26580950567822,251.62042770550244
16.16967120245524,252.2944658036247
15.391079848252566,253.32519589051702
13.939415482707574,257.4663895501308
11.979397095738333,261.0336070665988
9.595140167452707,263.19565255609757
8.160368662838751,261.89347318461483
7.58098966581833,268.7902847546312
8.074867594572583,279.08285277104096
8.959831358101013,283.5514709095238
9.900145807961467,285.9022854314694
10.789985328753447,287.31481512656967
10.789846701918997,289.5356211985566
10.282811425559377,290.7769399468648
9.714659291074561,289.5385323395611
9.367631645663634,287.34795077017964
9.02522770088373,278.11615629238645
9.208759038518876,275.22762394309683
9.660440195455239,275.9104962575066
9.896896761243106,277.78961004865346
9.63082042360224,277.8192438813477
9.487091470600673,276.0971024446752
9.558694286265128,273.56550558198404
9.725147786670947,273.28817907634595
9.732160506414658,274.7677000390455
9.8469585177455,274.6523947323727
10.214287617807638,275.9046730632257
10.130008211555843,279.8444317667186
10.014890513905678,285.8381722374188
10.256252306138267,290.46558515931946
10.574340080153634,291.7914615065181
10.88896629025424,292.43177284372666
10.965716380343277,290.3018682095218
10.89948090160926,286.51467820802327
10.62323333152006,279.39280730914254
10.942438102966591,273.08998278103604
11.553412992545388,268.1906962355777
12.024809788483612,266.9752289403291
12.433475104563952,265.05230106369294
13.079552406518888,265.58070147225044
13.228656528042336,270.0958946940496
12.646041172718489,265.2965493558786
12.75696802869377,258.7389901855224
13.416383698435306,255.89173528225012
14.117075036172341,255.95426357218787
14.588878896633599,258.1167895993651
14.862213620026976,260.7575615802252
15.461218450560912,264.7353789323038
16.30788992646673,264.6035876634186
16.490613955004005,262.59562276225154
16.597469570244805,262.06839948105653
16.321945402308515,262.3670545687928
16.369014835029837,260.91290612155575
16.305233112297447,261.3784948035156
16.267388615140987,263.41344125059203
16.332374501101896,265.0996094437868
16.0545268095355,266.5912808390798
16.0415678126368,266.95714706158293
16.59881992882274,267.5280497764868
17.277127403984846,264.9358502727364
17.23872602846122,262.9659054523427
17.25181135617646,260.9486421614531
17.83533030690596,257.91192901064215
17.93540302745669,255.3235223346184
18.088394842537962,254.4337487165792
17.65397549133682,253.1188380981752
17.007873363456408,251.16211453365383
17.12339316276292,251.11628093448041
17.553148035724902,249.07511320100912
17.977033132416484,246.19431205987837
18.05324348272354,242.33937470324113
18.255590062368977,237.75642675909774
18.458283488283573,232.63681567044912
18.659661904272383,227.9833624864211
18.9679753836589,225.0030629210938
18.898860227503913,218.38376161813784
17.763301249002815,218.8774736136944
17.630416382135788,216.77578850217026
17.01546560479263,209.51156407631183
16.454117669360354,206.95905275528037
16.575058677816262,204.03378190461643
16.46057688491691,200.4785761035938
16.479544225735886,197.35858179196177
16.24199776747922,194.88388694349194
15.964552077825505,191.36907687821446
15.587333011297869,187.0983157846982
15.351559653676121,181.76030236843852
15.086637753600758,178.81386135319224
13.138153645037157,182.8807018248682
12.409607424427836,186.70656068262952
10.935388495374319,198.21982529654093
10.117652790675564,211.22764192758945
9.372652648668831,222.06141958966046
8.774547413723898,225.38883595225997
8.522597280823648,222.7675639401854
8.419374661311188,218.9979347264987
8.461897066280114,216.89866099284393
8.703266899479184,215.54581585648
8.984956124341453,217.88760531251452
8.880302461662556,227.16831429002238
8.169734443857845,229.84406390913603
7.983858317171739,234.62355457502952
8.009711123294336,236.25320097293496
7.736071830772401,235.5064418467946
6.9645456129768615,227.54231274239916
6.580632256782116,215.02021984328718
6.745242364983705,206.94512669757088
6.42454459029838,207.9467156642821
5.440721591725962,210.71592683141654
4.106393013410841,224.08705465999998
3.2542465435826773,266.0982877580899
4.3592807099019915,302.714500003712
6.3715330310152165,280.26213701928833
8.471621642114972,278.91372409354733
8.466676218975246,277.79032955624643
7.7480729859622866,272.7522340313174
7.376694435513567,267.8194706463819
7.040395868441388,263.4863632690069
6.439903477753414,258.75346016361755
5.486230005885088,251.95202080322676
4.736407646927284,239.748518639244
3.439157169845891,235.88668851306824
1.6503502531102903,228.7620478594046
0.3105788340760924,147.08600000224607
0.8111103447206943,132.48786717862833
1.724733536971033,128.4998951085779
2.9322509714076963,141.2486472611073
4.703228756589486,152.058003842282
5.664572426743478,155.9618532873518
6.3423103945013,155.75349999601394
6.784241500935241,154.6259217989442
7.191640572933272,150.96737093166848
7.5582145354506345,146.2006623504144
7.809570582682027,141.707255083841
7.951676917043977,136.76468647473592
8.087681949982251,132.12154792469676
8.225986616005654,122.9247631152196
8.65664959430871,122.60879734074905
8.623848459176434,122.48654060498103
8.499458299031769,123.85088358818075
8.2287886533548,122.65622257623096
8.263309583466812,120.67347677124417
8.41599283639726,118.51676753037037
8.626028561420117,116.72088219385915
8.795155827098428,116.5442017187213
8.65371575837288,118.85086357185389
8.14095562580298,122.95072681626061
7.408691859370856,124.06317755834527
6.667592541639677,117.78003014845217
6.767258601007789,117.58478778255056
6.701109495928245,117.84334391882305
6.674926885703412,119.0910891885743
6.415049335465567,121.44757052839861
6.036246622056168,124.20361067544957
5.410952370427824,125.6214857570913
4.767744538225701,126.54228776593976
4.165194771471342,125.21827928462028
3.702858224630488,126.66731863781848
3.400322226363872,124.72369154108122
3.279109828079642,123.85045571389742
3.2950577025111425,120.48296498462861
3.1891384542964345,122.76418329968283
3.266096467312913,123.664379958322
3.3466875128231575,135.95799975576085
3.189360076684558,149.1208641994017
2.955668679774619,156.86164951456726
2.929321203642498,163.2751709786529
3.0056140045205,168.14139383732368
3.3747039944731405,169.47419066673
4.146099949462132,172.5288005985044
5.061763534374148,174.0140654563711
5.66034911783522,176.40333663232855
5.942629118961967,182.79751913590687
5.350587172991408,191.73494338554525
4.465538660562208,202.29530511906827
3.667306982599276,207.5596941281951
3.0614062024224356,221.62213246900959
2.5565976890146365,236.60802845084808
2.179026313816187,251.88440050536144
1.8752300125617578,254.99545576102423
1.8980600063125639,248.26393710503973
1.989426722227813,250.3756771835968
1.887018884848391,259.60771642826217
1.8879141725989257,274.0785891426249
2.3985401170568643,255.12786827941437
2.7090285795941687,289.32866995048545
3.0190255412460494,310.03945680928314
3.684550864531005,324.0169889299118
3.6056649563094156,333.0863266207796
3.273933703649121,337.6062548709285
3.058790981639231,339.89858129978234
3.0754921697729114,339.36616690512545
3.3948372108538414,342.1935972361869
3.297008487453395,348.25905489817126
2.7130267561848913,359.6716287055943
2.1175788777513436,13.75446736358333
0.8347316567618623,339.5280482792623
1.0622364350984164,354.43821131545997
1.4112675259530856,354.247059151871
1.950631212892851,353.7469193792696
2.0438617697347343,2.529686538219039
2.4397100744769764,4.133181486726187
2.439747434895516,1.2037596504959538
2.81431407408593,356.9000734903325
3.0160123939112204,355.34355422100754
3.6008273090920606,352.91124206308194
4.435851384175248,355.44556770052503
5.4650364094478165,1.8297746586000017
4.719491524628526,18.01112140562134
4.04104376547553,51.871948426603524
5.3083832241855875,105.875560189861
7.69110997067304,127.62520283013623
7.943562113196446,130.823156282745
6.884853432335403,123.76733771985351
5.662822091747803,111.51236878254008
4.149198015883774,99.72160283443179
2.7949191106295794,68.0599964977506
3.1388221647133068,34.49929895873282
4.557110476852218,30.88288413799114
6.524635956238297,32.15343817306933
7.83782668530735,36.85443811594507
8.56441372584446,41.687591580022286
8.549163911180957,54.742330742185516
7.089082083931561,81.85880548095065
6.704154876399241,112.16951702576625
7.721011028092024,129.07876001253516
7.55761244094454,128.8228370092396
7.194986604351141,116.90533752140868
7.706437070517514,104.08087201658037
8.107774693376959,96.62225482002981
7.827469396246716,92.13481268494269
7.552988845996217,86.7693050639707
7.791193166574886,78.47801215670677
7.509575382403285,79.31414264341811
7.121141695456827,81.01225318206389
6.906502021584037,78.02341329288731
6.974147849136728,76.179805951113
7.111731578219033,73.30659587415607
7.527225112828075,69.40359493803476
8.034624082256558,67.70121622841634
8.551992310013448,69.8160110606309
8.60104103659101,73.42165713822334
8.280767952826027,77.66867434877065
7.682468130216308,79.51847360836348
6.868846530992733,75.40667016895947
7.757359171133526,68.19773192712626
8.962899592777884,71.76613480676758
9.460612278577686,79.47339863213745
9.44243462466843,85.11000370009651
9.126625812426674,81.67634911262132
8.996512738662144,74.5476473216994
8.71614253121468,68.364343479279
8.098337574374895,61.72367258177343
7.638047246911292,60.489217540088646
6.155221564778438,61.592472598914014
4.9950426150061515,61.35278986071512
3.9208348137009037,45.49240752576145
4.216760893344189,40.186429031090654
3.8947652223762153,35.29570510954284
3.182671981929349,40.67992322026555
4.0085564446408135,83.49605354617154
5.917334647242372,114.54540611854111
6.553009148659176,110.76253769043399
6.733922327385251,99.7300612489152
6.396770412781456,95.63068244377018
5.87849139631377,95.54664065686262
5.4142573759411485,96.04307588933
4.991254197384686,98.54118468919836
4.203897731466666,98.3056553461605
3.983230422320066,103.52376055553094
3.7981269739204295,106.41037719681862
3.803149915480489,115.08151179146984
3.6105730959833755,128.24674154984075
3.1732951273955172,133.52822300794207
2.8442620848729465,134.28338132033792
2.880201220600707,139.3628509113721
3.1257740897332758,146.15137234825067
3.3296259318008263,155.91551515534093
3.3907757935717084,162.33615085859867
3.155333566412179,168.87916725117145
3.486548024632713,192.56261481116877
3.421755924022976,208.67575307366346
3.2690896729166057,223.0170364272992
3.015158572465702,237.8729965475699
2.9716341751701423,247.0781222433372
3.0729005973272563,251.61444445791216
3.437528024140366,253.46272784855478
3.872644453956301,251.77857784909452
4.394639695658394,249.8532681532129
5.066693618817283,248.8880219273844
5.579654923128361,250.62521295571636
5.96225626170239,253.46464616442594
6.115148878845069,252.68931803953473
6.1107082180305,256.89652764880634
5.855618133673383,260.7764058666089
5.46157900101763,261.80601300603206
5.1750235534987015,259.7683032952639
5.28356415424256,255.17100343823952
5.63116766080592,253.05065911157234
5.965299360693849,254.29757024287295
6.079169789020769,256.9786719356224
5.957600106761628,259.80111561118895
5.815984572345217,260.6644043631369
5.578763452385817,261.1224665726336
4.908732408898773,278.37754688590326
4.77200517638786,277.1591024017765
5.087641098086071,271.81700529130126
5.419823579724794,268.9161028328859
5.668705929845534,265.53138744082133
5.937700192374602,262.214329734616
6.166286612853749,261.351714615281
6.275092349436788,262.1482860062348
6.331875840729805,264.45210227703126
6.2798633021858326,267.2120525115273
6.221231201123155,270.6035837900123
6.059345486246383,273.17947798364366
6.863379043230755,277.8531482321203
6.337787275212434,277.9603017494774
5.982312853551863,277.24923809682997
5.7849838142169325,276.3618874743498
5.521591591042423,274.7274029568892
5.464617903202423,274.2895601261803
5.4751398576199,273.4353135150646
5.47184060141564,273.4913302237027
5.413875371674439,274.15544299941666
5.27042214203436,276.24150988806707
5.255438657423916,278.50141612690567
5.1337397281360735,282.3421906983317
5.380233693416871,273.206411296239
5.245623221577884,276.2221782126666
4.933323558453816,281.1916962304301
4.5236603070328,286.2492268535434
4.107602546254097,289.26344806198927
3.7619362559922847,289.1034334623155
3.4827728009755243,291.11313412541875
3.3718976141055723,293.44633751922083
3.4419401827323437,296.68341550028606
3.6131107442575296,300.36153352851636
3.7542656647598527,304.24907839453397
4.076745127145838,306.5656752557372
4.899227940210687,303.7746514359372
5.2316913746317875,309.32190495618795
5.137482262509685,317.13528592469123
4.862567976034149,320.01178511624676
4.8764258563287814,316.54554835571133
5.136810751218871,312.2673349699774
5.5021165311714695,307.6671684093454
6.072956709209099,304.48652502691345
6.633059789408593,305.5393476713846
6.612082265737824,310.64013146620994
6.250122968805114,318.132052377682
5.639200825088424,325.16506324348154
3.827007091628915,335.22903962707284
3.4675817689137722,349.0050388366782
2.997700975028505,16.35165276469752
2.983642392943365,38.79000169371005
3.3629989053550955,60.660246384345726
3.526596745481377,72.03511077467238
3.5582598035569175,85.94034374100107
3.27839393139056,99.12465654232176
2.7745080071723076,112.63397181987256
1.8254144628182527,121.17830108934635
0.8664885032386602,89.85168068251835
1.5076696852451013,15.707155511268923
3.0859314705369627,8.650441328118518
4.760495672110186,20.74900185524575
5.970285938988575,24.174630843119758
7.042127559779999,23.782043547095952
7.564006618418864,16.58203769427331
7.947208498289321,10.768813106111963
8.238052775368601,6.413684982062932
8.54065717050407,5.574991007982078
8.947501275356974,5.961707995421307
9.362224411152523,7.2346576171918855
9.635993695750189,7.1139995330543115
9.883353405573574,8.180967530170335
9.405725250102575,6.523949922151019
9.974219875462028,8.196606314275414
10.148400764115673,2.2320555487212346
10.069016144002836,0.6389744235983699
9.869584656142667,358.9768274427593
10.002238491130484,0.8591541919576571
10.383449694573722,3.590525443826664
10.620170473186635,5.061921677960129
10.835489871878208,5.30585768831412
10.82003357977139,4.618709677515994
11.014463122420901,3.6941735939379896
11.129939805052652,2.5134848685356133
10.881034376371348,1.9441404151437496
10.94240007754486,2.7786260255792286
11.08060235731143,1.9541900694762262
11.392316233225069,2.590296275225853
11.754817665749922,5.3450459249577875
12.221770987566051,11.29451469076912
11.823124794521625,14.49934911387578
11.820692335959947,17.925005316016723
11.791782653095934,20.225858557116624
11.939298882678244,21.92061973373916
12.072506422825194,20.538399031496283
12.604888153780443,19.77482213173323
12.403462916162782,16.312081832435183
12.89469138543552,21.023551257186057
12.849940620607455,19.529161074776482
12.913983171252811,18.18755351927871
13.13036480273432,23.200103097011606
12.843079547129069,28.000714314716618
12.575174044477405,29.65441534944881
12.946987433125997,28.3989115339794
12.97780541105949,26.88060227382607
12.991499746846419,27.43167858082063
13.497320060312054,34.347308614507654
12.798620598236095,43.005694394864804
11.309653145927554,48.532087648349034
10.285720647945459,59.542014105020655
9.195669217647264,70.41574360182227
8.142757275028618,74.70080169506036
7.947767667477285,70.72637908685459
7.797588936585619,61.75065396829524
8.639746727103633,51.76017009648086
8.925646095930716,41.56197378973019
8.763140662973731,26.87250632855165
8.494362380625399,17.948430160708654
7.8063809190577444,7.353733584259146
7.4222151191096435,358.4099815439362
5.709576994851991,355.7626097770971
6.133008822616742,340.61881114643626
7.015487263350554,331.0882245485791
7.437531153375947,324.36195452021434
7.931457693667792,321.14993430148394
8.398821666065203,321.0038555561125
8.673541968914481,323.55786681262646
8.7936500886327,326.6543353163964
8.893344318112977,329.1464359567203
9.122540248624023,329.15561596104305
9.191639559162507,328.96174611646285
9.34307790914548,328.5230469768439
9.103480973958588,331.97861639487064
9.128964115090458,332.6598937060562
9.59355887390734,332.349095558372
9.87169946046278,330.42256134178183
9.857462304548772,327.87187406373323
9.66801652290139,324.3513771385604
9.42048031462911,322.67123396009936
9.269378521981173,322.06589374345333
9.238583840682377,321.391164499697
9.395571444872314,320.86959563241743
9.496729437602431,320.0524540615474
9.704262845064614,318.37455573186094
9.21348121454975,321.7236581977949
10.085816767488193,320.0535436701465
10.85325838175482,317.5545204700879
11.15599564031436,318.1182419670523
10.588801028871218,321.3368791383883
9.900505025213404,320.9272330286255
9.664185778289525,317.7680748351342
9.706400557263072,314.24238841641284
9.873954047140753,312.06329176482456
9.938674250580068,311.2197118687319
9.821374091646065,309.2829932038956
9.94493860162467,306.29078582860336
9.566897609423876,301.1443962198245
10.212763332346896,307.03152024777864
10.34008577069314,309.35178825848567
10.691380887134189,309.4533716974628
10.922050402031157,311.3304862030877
11.000896282619506,313.64770456957694
10.911460950845495,315.44084379206487
10.706919801156918,315.13250842494455
10.842421696706072,312.46649660429114
10.968642503878135,310.32331245210213
11.298213497879845,308.25110867614484
11.498458808846632,307.56461417020415
11.449873070147838,307.06836301521787
11.50937762225357,308.4569708589367
11.583265982683296,307.99257691958917
11.738199504457317,308.99298273729903
11.720636448101486,309.39058988436125
11.864591537224237,309.37028234308747
11.98144960443693,308.8521220101631
12.06660065188693,307.51501957339184
12.169254902226719,306.7391148509507
12.231944088039155,306.48689567611297
12.351551452886657,305.7030640793446
12.602256242425362,304.88552785544806
12.236013541191348,302.2633364726051
12.659514625263212,305.35765708542743
12.468695768133419,308.1652596533549
12.06970810965866,309.1823896132122
11.913975935084308,307.86574986778055
12.085521211916099,307.32819116239153
12.222359485362155,307.1373760639375
12.195986686060406,307.6040262998385
12.290311151897383,307.55052804534535
12.425030378907518,307.8410530812276
12.344194567548096,308.7885798497475
12.138653308563727,309.5234159905335
10.497839784993149,305.91046405544887
11.636012706953473,308.18905672393583
12.452849997312342,310.4472091532298
13.012673273735954,310.8729802616057
13.12794809198551,311.06723234622797
12.942295053745646,311.48582023164266
12.698129592983724,311.13275475760764
12.72336816178397,309.9834810133523
12.553894412426736,310.27702386147826
12.32818554052189,311.71394318440196
11.824377201110975,312.87630188295407
11.388477569136853,313.0960068954665
10.85975413981088,312.94448811114813
10.911118877124975,312.2327839440806
11.283311526888728,310.556180413751
11.50733214330145,309.7392869583475
11.769766305435509,310.20782617767884
11.866824519383524,311.24362924837897
11.834338556373979,312.1464877771273
11.725204658809222,312.51830112262775
11.561058761285318,312.5771341235439
11.434841583348762,312.4181194606401
11.5508853891413,313.2106584400079
11.563005088203857,312.664442537536
12.254098416024657,312.75831533922224
12.64846221226284,311.8152551904268
12.615744932930475,312.15587709012243
12.086517320375005,313.5979016335478
11.50334651827567,312.3143982377131
11.285735096007746,310.04159464322333
11.313099848955268,308.2949124287926
11.439798870243948,307.8208117286729
11.365951514392187,310.0764575717908
11.164597644854247,312.1754183607974
10.69871895299345,312.6547074951312
10.3940551484307,312.5946746302035
9.829654533239355,308.3014352199138
9.932725016900006,313.1909863711048
10.12919639616551,320.51598346578356
10.358018409568743,328.56324352384235
10.40233749686218,331.21091100241534
10.275453283606957,329.80725757882703
10.242541952135124,327.9289200163889
10.23429058157374,324.57833116800856
10.3798019811257,321.5882009268464
10.335462888019094,318.3309659965009
10.387906403980592,314.8859170845072
10.4642737264416,311.41037784064895
10.797581168561827,312.02320315236557
10.802176684425834,307.933771772695
10.873636223661029,305.48139419279863
10.690921812251142,303.30406203874537
10.868629112968492,301.96829371638245
10.960539390525312,300.01971786687136
11.099487372278055,299.0016864685746
11.233552429860556,298.08721303426825
11.253011429364465,299.0848558203302
11.038591259985138,300.5672164763057
10.567569433792771,298.9539520694425
10.317141112800822,295.9528592619283
9.889063301686187,290.31938067212616
9.623707238970068,286.74922399567436
9.506718730518763,282.343505703292
9.284050845572274,279.29769497366703
8.929428626564608,274.35032338877676
8.567661854753053,267.54278171125986
8.376324221565259,258.2572808742803
7.905621682360163,249.4903693837839
7.64971838059123,238.50967966667577
7.125949336595777,224.92782090905288
7.079040364237585,207.6514553842166
7.1655275210396505,194.1728983349924
7.2028164761437,192.30699792303042
6.065687081005239,185.78406584828963
5.143526828974768,174.52258731197412
4.258343757089813,163.1880958779052
3.4674415163579098,147.56191310623018
2.93617013691297,133.30675545244685
2.50395062454559,124.61461786106707
1.749255813854777,119.03474855925816
0.8767581317024682,135.45902103498702
1.0888220276739793,196.63948746721707
2.037981329067509,232.08675096055248
3.251124181933511,239.74375616475047
3.94131531336637,251.08973820174094
5.0944832354962655,253.8041694537693
6.040074115926889,254.5375867116181
6.8293537251774605,255.24229828002953
7.061005415710854,255.26870030929913
6.856350180819256,252.52586629711018
6.522403270935878,251.9747700539558
6.110481376380179,253.2685368173975
5.234218658589766,253.64013189684198
4.386686105241746,250.66118651860737
3.4977881470198677,250.1851884611599
2.5206002712168503,250.02853962552166
1.7176573964746114,231.40203606914258
1.8599230023143054,217.8187928653531
1.732693739801564,211.3476201393609
1.5422338436643712,205.79332230929452
1.581184465499113,189.4103278741065
2.1886439713347006,172.54029661199365
3.047651193351596,167.0219821959481
3.5852957747706453,168.0665950123307
3.6361224479325074,171.75020609530543
3.509530867338869,173.7739189212664
3.1299279872426515,174.53035198629755
2.8573771586217687,170.08466489427406
3.8797792856704167,157.83839252347138
4.370897450294711,155.57610784028896
4.227168692411056,158.24625243249693
3.8673277658594647,162.35787499376886
2.8642891728186215,170.08249609531003
1.7689991459762395,179.51665292681355
0.47480695815541973,239.93720466193477
1.296012203198752,2.673657097583032
2.893811363375675,32.78910243967755
4.418592368218841,42.61569252155232
5.919340091480363,46.47867830085431
7.024088803595983,47.183997551148764
6.6520602000590765,43.767703608592115
7.140100263550454,32.67328883920993
7.631271398211622,26.565716671441237
8.250546537834905,26.80308541191556
8.95234211568512,27.521115153166704
10.406318447659771,29.295741996990614
11.56575693084309,30.686552253025468
12.025718636318455,27.310903438044477
12.220020619332669,23.67106339115088
12.461641366613271,17.930090967175033
12.233610001099512,14.86442380118649
12.063835363198608,14.012831438416185
11.824790550882467,14.121473492256428
12.401997974638482,17.416949162919707
12.887073448083989,14.764208531025815
12.444420451586888,11.644639824687829
11.280219951848414,7.9710291279304215
10.821654426417352,9.544229312372977
10.588962226156156,13.218830132135508
10.405346720007916,21.75232445405362
10.825254839865895,33.72019290575645
11.016916406500323,43.42093551653426
12.333422193871781,51.0918903092969
12.460995295839133,54.62034375739887
12.216232154588296,48.996758475014815
12.713252474107676,48.32152986166409
13.013183206510583,51.20446410119746
13.187096376053564,55.688992885694745
13.27068602510153,57.97341657435709
13.172718719531401,60.32163299362867
13.231869370371625,61.128296560766444
13.381524342286271,62.88905854164807
13.525150072719173,66.34927734851664
13.414575383630092,68.96172164098255
13.215550572063274,70.83442863283324
12.580831307217709,72.62310874279274
12.431965910622297,71.2292056299392
12.49569946341848,72.93161754268527
12.459366161653048,72.16974702461766
12.365005802280026,67.73533549216273
12.231864668555268,69.46244210810642
11.946224597416663,75.10160998877569
11.537935635017645,74.79210024128696
11.496530440209275,70.76079360484613
11.780720737369043,67.09416370926613
12.171380170928849,66.03199721048475
12.62839663702376,65.08621489137977
12.9038015286078,64.67121658588638
13.349451226291851,61.04051816064657
14.052291994053363,60.99083838119998
14.251315699143362,61.942131421589124
14.35358118613565,61.9057118175582
14.35978604367645,62.511237424137164
13.94980534254404,62.42325908476391
13.433963022864399,61.14539263329334
12.672478639984526,58.113969614127086
12.311627136406178,55.08628780661576
12.024755427161724,52.57200632443073
11.463492605171426,51.48026266021128
11.647738886323486,52.91397680484704
11.325131086535517,52.538332087062145
11.483960650247816,54.501730589035844
11.16053631361522,51.5805046690495
11.033103208191596,48.46186473585499
10.844916519647635,46.86331614171678
10.60929681127602,46.254758832839855
10.182315011454909,47.63435139747173
9.51830736365593,48.83832965877434
8.791607142782315,48.294753357651814
7.883890965892809,44.995922312342316
6.879002996869195,40.76834260214139
5.970205196720826,37.24018292135196
4.181565477122205,40.415901807753414
3.5794243046389305,18.377879974592872
3.840581467309466,3.6097179702469475
3.6408538054904835,3.4000202430185027
2.86427773713943,2.988643585031923
1.9640514945098488,353.7213034040114
1.0246201197525329,325.67261861818884
1.2988721278245408,245.3341141852178
2.6147414753763862,234.808293374188
3.625964606233905,235.27582557771257
4.039654516470775,233.28757049332802
4.297571324416908,227.39893967393735
5.6051038598103,220.79011686521613
6.469381267788655,209.2813927757369
7.492762537850712,205.33133546728212
7.078481650099948,201.32047452737183
6.825847331318485,193.65967890297958
6.7654359665390675,181.21454855398687
6.962733251820157,170.47897039963334
6.965239461077375,161.64292718770935
6.9212428894707925,151.1205337661658
7.004827810562901,143.03769393288377
6.798379164954758,139.19576943229134
6.509546114284928,132.84904098810944
5.674051468432231,125.26733881009744
5.624304802396693,117.05577480738089
6.087355917127849,104.35054257201352
7.110504214706209,99.56917139617184
7.8553485349043095,102.20139822949079
7.677790247091841,106.91819626769882
7.939235625315277,103.77354367022463
8.323174527134094,102.97019411977271
8.565138445057258,103.24109852767958
9.320636439584115,102.59798030035012
10.412793075179952,105.13569183914848
10.886449884769787,111.07071057184191
10.726932878189926,116.33753621926257
11.097311624484282,117.77536675618222
11.192084332021315,115.23622232443427
11.345329679666927,111.69262789611764
11.50838124490608,110.95347314511076
11.675178162547018,112.01290932806847
11.675395778273943,113.81045900018864
11.502165777435177,113.62252340184136
11.29919380703535,115.04179808943945
11.25301213209641,116.99609938918752
11.129632618294773,121.57667681866559
11.005445574015607,125.53926698746989
11.914075646756151,125.08775075841851
12.510867850924251,126.97747165989591
12.378599778060577,128.03221662316105
12.316198611350538,129.22783094974142
12.223868338003319,129.76351001760537
12.50132085984781,129.92780550695466
12.783622338490606,130.96529847620906
13.057956770820656,131.1967781288535
13.517603675358032,130.8002085273191
13.89527623189766,132.5350844045738
14.082306384864731,134.9027644543254
14.208187448823303,136.84788533585663
13.617563518340752,136.90521483296232
13.690451695192465,135.81734213644927
13.85639573986605,134.65619816333333
13.985551994420884,134.55845570440476
13.850395186746766,132.57462210758877
13.769335665262323,130.24392702096964
13.779331466425937,128.49951373940115
13.764658079060274,128.34471692433453
13.90283059575265,129.4567643216875
14.184417559760826,131.19900498364206
14.503539278345132,131.53131836261537
14.766877170740772,131.5892665615179
13.375407136980467,130.9255478304243
13.963212964270195,131.96927064220893
13.926282242035452,133.00503135387407
13.735309069380074,134.79008241146266
13.332984601033333,135.39480845731725
12.957979182065582,134.37195950543844
12.761254732782353,133.20502609787508
12.595206573145397,132.78565160675748
12.444998938906704,131.09699273476252
12.512986037806334,130.4125330104559
12.548135880791378,131.07766970745274
12.573444205902662,131.99939389228075
11.166380058856992,131.06778625863535
10.969206190082055,130.96512359928562
9.597363372090546,136.6366431095954
6.923436455282715,154.3228426073622
8.630647780160896,190.61708502213293
13.889498995520967,204.70612396440956
17.189476940556325,205.91995296651638
17.362097423090447,202.97568871760922
17.002775664497687,200.80558159243978
15.984293912436979,197.4930974210251
16.828571338767002,198.60329061627854
16.20921736232599,197.75104964091227
15.665973099701308,200.99987598100876
16.3136657882323,198.1158874915966
16.34035077453251,197.659887911656
16.12227709163618,196.2363644721657
15.849017297415832,195.2156638955796
15.346095208774177,194.1537585568066
14.960344025140204,192.0093101260054
14.83249663425096,188.78987264439377
14.593440308266528,186.10876618339458
14.382068411816473,184.11277215230672
14.100764070219943,181.85192612449987
13.998110600717515,179.49135268386908
13.900068803310472,174.9859805013923
13.796190742382434,173.10596052952258
13.751180857325208,171.79786891498213
13.56087950405489,170.38219447944994
13.280382622730757,169.21300412512483
13.006920656311722,167.49137966309968
12.809538484652798,165.01737742118098
12.642299312219514,163.31744145343725
12.62077104840973,162.77262500028144
12.61201247341468,161.521362347293
12.508178322253524,160.81205132534626
12.371912758196325,160.72028492011827
11.44032540520793,156.93272941935345
11.9714272308206,155.40056434279904
11.964245463558703,156.15393758949017
11.721209615727648,156.57550205692633
11.477872904894008,157.02096473716028
11.251137919730297,156.7947461844435
10.932026306800813,155.960767695688
10.745093078501883,155.38684016112552
10.50911650272839,155.24795014012352
10.26742703628952,155.6936728501471
9.962567776756552,155.5748182270147
9.863502006900237,155.1882730032853
10.5680190123658,150.80214368447554
10.381671931834195,153.54619846688502
10.128197827884582,157.32073299712295
9.96190530370997,159.00379109276025
9.760723743246295,160.9107434239553
9.580528404399939,161.89388024312518
9.40318006573381,162.07279027994753
9.336418651492396,160.3450493113521
9.40440266085196,158.88183650017004
9.562235503563498,159.56876983424945
9.550806309665013,160.02706060646494
9.491268628703383,160.0759791989433
8.769753260418918,158.40063238224116
9.034326165800492,159.00883120950414
8.9706414726285,159.3280070860302
8.749798595084195,159.33459839067325
8.476254104987769,159.24609562044247
8.275298187093743,159.70479814262842
8.012836295088961,162.10033785931137
7.793719934367981,161.97881202950407
7.586677467096197,160.22812581640142
7.548744194088927,160.04760699967176
7.564321768554495,159.95885188049226
7.790894848057539,158.16706265971516
7.716916745640752,162.60850646776942
7.744778833513484,163.1949895524525
7.834448759082495,163.24382811625753
7.884550001633891,164.32547255687825
7.90625629019174,164.94282606494357
7.935803141924125,166.1206532646279
7.94249133686968,166.53393257165203
7.89184226495636,165.6294323123799
8.061681530611185,163.96159089828632
8.16604203386452,162.52656287540503
8.378926872509702,160.15854419955747
8.583592432351688,158.88433944781923
7.362763465799558,161.19744086574576
7.689444575285909,159.46551317740136
7.796144603917468,157.755722395544
7.608711855937225,154.74417705482688
7.638300855345954,152.14389954668763
8.068650259238778,150.11048214295215
8.508869063308646,150.75204953134482
9.216506393563243,153.36533558132805
9.779417539736404,156.06076589457007
10.005371129055883,157.8274357993089
9.939270368961596,157.18338792376233
10.085846934793455,156.0976240906224
10.014501242908414,152.09448620526211
10.37095143027146,148.69357728805306
11.094695501467221,145.97254960191987
11.89744522168978,145.26017001000235
12.140072356121978,144.19016241503664
12.32188412615441,142.92817077589234
12.552477085634413,143.53876366297982
12.567384728643432,143.80959852601882
12.408405444501723,142.93621696353188
12.166426591546166,141.41374437193588
11.99771752782891,141.76119635124417
11.988379165236157,144.1481871418655
10.632884229640046,143.92163587872824
10.792500703032001,145.62774420931396
10.571729941411041,146.5667060954005
10.295001348544643,147.01835054749506
10.222254482083844,146.22909204036523
10.414253009380941,146.1692301436898
10.559776337248175,147.99846194202746
10.490226807867232,151.83439212546273
10.160899820162877,155.86070574392977
9.686406675989678,159.20606950101137
9.219327599344284,161.60244545456237
8.894143756258138,163.82315045581663
9.185338016803955,168.83883894999724
8.823951034069848,172.9336519214163
8.572591919089875,176.9108465590557
8.521251727854319,176.47969666007043
8.676235372662603,173.57909912232753
8.957215187801085,171.59552760501026
9.328463987174432,171.92186682143574
9.530467368137685,173.95353703653313
9.825449412888245,176.9241900424878
9.942757775711112,180.12529999241877
9.81764655109065,183.3467206347031
9.529589716400176,186.63843567353118
7.343986093024647,194.9293386672917
7.322668740517182,190.8483786130847
7.542506924370521,189.1615831891548
7.664677419169446,189.37715054578325
7.785558830148611,189.07331211543158
7.810903636789672,189.99196476834237
7.917422048115465,192.05166088920112
7.882321044947861,194.10564706734755
7.967005354588197,195.7287912093694
8.252653823885172,197.39822375039574
8.707522989530172,198.8588824063106
9.197870759330783,200.6447663730865
9.532008195637912,194.98826476540242
9.735776808932346,196.64013646559485
9.608522146654856,196.7419830778435
9.62257163481831,197.0795509058924
9.428536533241765,199.2135972802411
9.08996552590301,200.92728975614583
8.859706518485249,201.4817049036252
8.891973522374313,201.2110010588559
9.041318218961235,201.30976509318089
8.997695700262652,201.04851954490775
8.893144601623671,199.41776864789574
8.958644625895431,197.24748277383947
8.909214280724337,196.92220233439474
8.594225242810415,198.59862448933984
8.42669436277073,197.4076288806823
8.004141175497367,194.50956849265503
7.719609760569358,190.15623491879433
7.490801388771391,189.25032134733368
6.964161709332456,189.55915716946907
6.625915833681783,186.6551458752315
6.635718646868443,182.581880681013
6.810987144134419,182.0362319994565
6.675626097304164,183.634319957724
6.626010805905679,184.77200212831832
6.715117431044684,185.57272878420733
6.917603152277023,187.16788994932688
6.574817354599922,189.84573480404637
6.575294607016498,190.70647108416165
6.614578271620255,190.2513053342548
6.876257181172296,189.15411972935445
7.108913375818328,189.11628852971157
7.265940220403206,190.5118660806019
7.374225893081483,192.45976631113908
7.319755877575047,195.48559054243827
7.231385116295538,199.1038617120591
7.248742690226663,202.73686500331866
7.118239894662042,211.33706749409703
7.211463868709299,215.22864393565285
7.480570902609305,213.93074525233018
7.719295334117628,211.22812985252716
8.132106959024053,209.1181642870226
8.879644674969336,208.45698144533935
9.308108956793157,210.46014911443325
9.376970880110045,212.94492471552059
9.337926620162474,215.21598587646037
9.186964713786342,216.5797046093715
9.00383357424388,217.2073198130964
8.835863448437598,217.46225248143003
8.50263219612673,218.74915611394107
8.569640246779105,217.05567312798948
8.646768516559217,212.92033418925416
8.73681034463758,210.5342567451405
8.54763230742678,211.37173141631158
7.856449326691549,213.66463570903665
7.351453836761654,212.91229005824644
7.286866877699082,210.72402385218143
7.349954287702696,210.5637411272123
7.218939181900077,212.3468193776663
6.985342629833414,213.35408489802649
7.12923566258818,211.75930153898582
7.502691181371455,222.13906253951157
6.844864739395896,233.01826574276896
5.8404241693229,244.39838840690925
5.058294116523079,248.13754595256935
4.297338667019643,252.15043937293288
3.634195499764552,260.2734513555423
2.9028779846797335,270.41592154645434
2.293767958868732,275.6735018812145
1.7289466475345887,258.13649953367724
1.946789072401245,241.5266661281146
1.907274485017928,256.49506725047615
1.5131262068862261,274.51139652538643
0.9079198298509215,266.91134726014513
0.34731406202439635,99.06959674454004
1.601461937930419,104.77521153867906
2.704528383682246,109.55273253739682
3.4540337108407915,118.79784147485486
3.8418232701623043,124.09356629211874
3.576636503902092,113.96911626928716
3.8878938464079025,92.95157780582326
5.178496714682209,84.94504479171678
6.5687703135546665,87.60853733110878
7.463667095565428,91.33558861578098
7.753436779549825,91.86523858681403
8.737945914609751,83.91259004892845
8.96406089386043,84.27061878478855
9.157374555257672,83.29658825571607
9.291802733723067,79.06504435257153
9.548441875318812,75.77404350707741
10.38602060307283,75.16928626329855
10.800797279898184,75.71963286135792
10.743796151018238,77.6146893135994
10.96140816620424,79.47606603426465
11.461275633961268,78.43510844919507
11.896494643375965,76.82947132903371
12.115692221263542,75.3344157494754
12.431286036550652,75.70256166185328
12.704370328762447,74.08552382790128
12.894538142955353,73.31202357726795
13.040819122981652,72.93973354879824
13.021241958894278,72.47679002785605
13.40748120412369,71.7402840670585
13.57267164847732,70.33849929683862
14.043524323971583,68.83528468938187
14.618621240907645,67.60225991027926
15.043889150435547,67.83140522556846
15.141647511846184,67.59449799960413
15.379054245287424,66.91967663368223
14.677011955206515,67.23615706383237
15.28832945562235,65.61790669823534
15.741265002390593,65.20795117174856
16.143897241689395,64.64478220452145
16.2983108658992,64.40684431970686
16.53674297499944,65.24419721258693
16.479656244265957,66.55183895788474
16.636328278325973,68.20607502339317
17.181709588539118,68.52427528473771
17.322790446506932,67.67254965898701
17.383334836276827,67.18494283213107
17.360132150128408,67.04568174086444
17.117533988255907,66.7615875812516
17.134397502928255,65.59199696484438
17.374147334234305,64.78982064333707
17.53121243162269,64.79204692094532
17.584268178627603,65.00100863408932
17.725994498569182,65.92743057504583
17.63619807100352,67.74133890908934
17.561878117120795,69.08285805881133
17.467501542014297,69.9743583383771
17.26630714291444,69.93111722007438
17.06126471293579,70.41743098855648
16.81323724274481,71.48844107447911
16.016528760466635,69.11754732018602
16.054316940468137,70.50705479466927
16.01248785059077,72.928461613997
15.993876248499904,75.15560034431252
15.924576071476183,76.20788013659893
15.54914659044665,78.45396080819296
15.018753267659902,82.10601879419153
14.513318330706015,83.09499614880588
13.935878999429674,84.43874260556555
13.11503727324949,88.21932583801066
11.96665390816615,90.53048440705709
10.883427043083648,90.14539720874643
10.059363763355067,87.1014288351924
9.894877170931938,88.4520046262756
9.441262136658093,89.19833256216259
9.091939475416615,89.33332039763309
8.847016465692981,90.63038697101024
8.885070359293803,92.06452046985004
8.948568733186208,92.33369196256831
9.129714280718742,92.4297840750396
9.226316095259966,94.30101425908697
9.183459553930915,97.02582819865302
8.793798673250281,100.42334412238517
8.258643295283447,103.1797468768682
7.521863943135091,102.58185758118384
6.8370241081597545,101.48655523973395
6.388856730717014,104.13956151341301
5.98208146489673,105.24769730843235
5.5502656745335175,104.80645108995031
5.127204857218308,103.92747740320414
4.588195928911368,103.53250182461807
4.1500902853569555,103.29220725590994
3.825940153337446,104.83860973647711
3.342194136772435,108.55199899720537
2.8322155726373794,113.59305572168984
2.1835954981193058,119.12172441910741
1.7201200743058522,133.23079066939033
0.7188496450054768,146.4387870554188
0.20327725845453595,338.2664741144391
0.7979375275987086,318.45435810483275
1.468918770247807,312.051888383622
1.9573769272775772,306.3040702962776
2.464068707803522,305.01727905428845
2.752631707755271,311.6110668779293
3.005458257800358,315.36284407652573
3.060388168534353,316.7253405743195
3.2253901304972783,316.5350477484599
3.6135895070298534,317.77713659689596
3.8521331389075453,335.07395561487436
4.079662640836079,351.801072176237
4.132658990230115,6.292930768842268
4.215139272137922,16.377309633289087
4.402210914019293,26.899353248978287
4.760815597730326,36.85179094839725
5.188925009288384,48.576104054286304
5.450850117586522,55.11953492973879
5.789250647195106,57.72600932706274
5.9771969042601665,57.22780104157772
6.224654376080664,57.53420579694176
6.4818289061037735,60.295720970354296
6.502219578046754,67.50446555795412
6.33909114836928,67.03203221255558
6.095408636403453,66.12343361601302
5.624001820877102,63.832538189450304
5.083812315188769,57.6777444997378
4.993815332080985,49.34185272117156
5.159986670723966,44.28378048504641
5.339158844629144,45.45180121501119
5.280226577222133,51.38376203072869
4.8433038028541935,56.4364950774584
4.279116664965745,58.2474612416496
3.96019935831067,54.16606469333601
5.049058367177992,79.12905031016419
4.647970475559117,82.93718237688529
4.235755611188482,83.74519182325912
4.058199022779262,81.8742847089245
3.7357645500222523,74.51243080839316
3.6982196295865233,67.5497988667326
3.9395563431301106,65.979444300549
4.025407975078791,65.89840784758951
3.892939223516609,66.05376846379124
3.5293164556844063,63.19743227631261
3.5747122944396015,56.65078653628649
3.8768197262902615,51.14124006295435
5.341841209894151,50.27780937488444
5.259213148917288,58.08955815774408
4.970433006696026,67.88712000866786
4.537125308405035,77.67860657890657
3.693695595408579,85.28832912800317
2.657983630514546,88.99838730594928
1.941510022140854,69.05705444090086
1.837517084829597,46.41012601682661
0.7712737622716184,53.63951848536419
0.7052474083105844,269.4545431157584
2.097311143470057,259.56704476419236
3.875847082231849,249.33140893617662
5.797703519766029,241.9184390729156
7.49258696369995,245.77008977147094
8.44319888555536,244.47868344525264
7.94919712555331,240.35486530850227
8.139924575276515,218.19890999619744
7.866776031863611,204.3939113756302
7.1847206767774905,192.9787746400908
6.402977719911643,186.50137961071235
5.1307561023398955,185.4215921064242
3.5451036709996844,194.8346412206301
2.5937778558153837,206.68684717881905
2.7035077076371077,229.3992662420079
3.909702121186104,280.2739053978519
5.132105465002254,295.8125633233208
6.589220365906875,305.3152964798704
6.9446542919135945,311.62436046959726
7.042604356081711,313.9923237855222
6.923240204640762,319.60910353166406
5.733230473930307,323.61383952926127
4.2853044717268265,329.17101822794467
2.5091554914292775,336.73584834182606
1.4460424868450679,355.8973683592998
0.7101975484448816,68.3931238082958
1.5164276826755505,135.50225193671645
4.468927066220262,153.0128982554702
4.455394711250176,152.4286109438732
4.628488305592452,146.02766564193132
4.570148769127316,146.89351374451348
4.224571950980399,148.40693700681624
3.627820521954089,141.3522352773287
3.6673904950554745,131.27594294046833
4.233925342016037,123.2718771912792
5.384873492258329,121.90697885987333
6.05268238204263,122.61672771997235
6.148306878285288,118.84307028050347
6.042788723230032,114.50001614743633
6.348965768740588,105.91552921515188
6.746599014698301,107.01616375567818
6.651425334488605,109.24433022257051
6.228180507728488,110.4383949536749
5.649958066152103,107.89810201920119
5.2059128308368505,106.51421415639163
4.9070263485912236,108.43500568529282
4.484231779811214,112.33560581715153
3.906893585362838,115.51190163759622
3.331637436856613,120.63621947139387
2.402245364215698,125.2214748119244
1.2844976496820946,127.91635343681111
0.3305466905378496,146.32680387008975
0.24748511619555025,245.48441719068452
0.633801837957795,251.54193312579872
1.4667563959376042,247.29182825090845
2.2970497634234053,258.76194835758105
2.668921132374736,269.3454966365199
2.5316343943223414,275.8876275428663
2.2102173056372014,274.87874495846535
2.00939363625551,280.943190841506
2.018476873017499,296.9464523644413
2.1897199476623217,315.5214495246356
2.458128297938521,325.014245138206
2.4537914085705412,329.64631185762397
2.873536068421025,322.04685790770844
3.5339709538575117,326.2926428984855
3.603654503038409,321.8203584804619
4.190475739528872,321.9894823260708
4.696295456535085,328.37497145259215
5.220424261263833,334.5441367427147
5.554872884092814,337.6916299604708
5.839164646368068,340.50995951578886
6.297401671748277,341.8455390782633
7.072196839483613,345.1176273594129
7.381809733342231,352.78340604487346
7.062015221026971,23.580678483851614
7.3428810430896485,30.610034361436988
6.838018837541708,26.883018057684694
6.274029467533118,23.06922962638083
5.90320725954902,22.78760506997355
5.607854317402277,23.415231335485146
5.720465253189791,28.008100164419886
5.96034567410318,38.80955605876602
6.045119636912455,49.110447712076166
5.589792517810875,48.325884429804546
5.175085344143427,37.51339339205572
5.498233893075415,22.17643583236253
6.4981126223057535,19.280192225772225
7.394567416963686,25.527230710490983
7.552240665384261,37.47321473410227
6.9484723593442475,51.28741211235274
6.218301955498604,67.96309572268825
5.653321087896485,85.11996535749955
4.8861041823466556,101.4805091794135
4.6088030110558575,117.28683685975466
4.603742343539244,134.76500627153172
4.872325039198764,150.8018055864485
5.055716010724372,163.65039258997103
5.323955216383144,172.68629272460635
5.37388961243709,189.73876620512272
5.623284316459184,191.37634173219158
5.664793312601479,193.43126944008696
5.454321094858557,196.8471082158448
5.290244649354587,198.5962224033525
5.208835104700666,200.7085468556665
5.370508990483618,200.84753970564162
5.639585232351474,201.22528564845243
5.713322671394929,204.2758872781454
5.677466980475552,210.57596619826643
5.548800836709311,214.6236954899075
5.469359604856365,215.15709871316304
5.535742334489296,220.10126589227266
4.984474432447482,226.90214501128716
4.428248815081503,232.81054173901447
3.9259661816371088,232.8479551594976
3.3215832770902627,228.10741905344534
3.0996781791408687,222.97127657188452
2.931365733844199,221.56696380930825
2.67277418837495,224.68312544676158
2.3821412466499234,232.99952082782383
1.768747643248143,246.68348126299293
1.0858653233758937,263.0475495544182
0.5440541393881725,258.6024563411018
1.6471507026869154,159.48700663412546
3.28483044799396,184.39368379113532
3.812184420462091,201.4292873123209
3.56463243258473,220.123459311948
3.1474437879509525,239.15424056924022
2.9263084434366484,260.85894656567797
2.885311328692939,290.4332690402592
2.9043308640716075,312.46749027955303
2.410779528504927,319.3023348863764
2.0084355726308076,310.7055455222984
2.2510987174406925,308.2175193188189
2.7711996828967953,310.85424105649287
3.039237591259145,300.89099085055716
3.0577315747568963,303.4069662448211
2.6493567506880797,307.2093282765403
2.600414931327324,305.55913424012095
2.4852500556233856,320.88924763611885
2.1240801182120306,354.1914823700199
2.3057159419124917,29.646116306972772
2.8165374563020973,36.115532884865445
3.4141248497473695,23.98050741571643
4.651642680734491,26.411318304042027
6.598830399931946,57.49608770498122
9.214568138850103,85.97840531703224
9.672505687547554,83.79277227851134
10.459055444164285,74.16038622988054
11.169850257364155,67.88102808033074
11.124828599638208,65.56572360861321
10.928477272439055,62.482534022718255
11.31948365640907,61.02799853082388
11.546940464856501,60.01767159523553
11.079778848370259,56.629342233053364
10.534240113874091,51.18953075772845
10.533457384047459,48.94555184121958
10.266008003760225,47.93504294495642
8.659209555946315,44.6386113327286
7.073585273082954,39.308112438243256
6.971192440378672,43.513751100379636
7.330353533174166,58.17665185231118
8.175302336128444,76.96690884774591
8.43185458034927,82.40173200761626
9.39572475693691,75.05952007899202
9.270491499061729,68.74914689647869
9.68582600782303,62.646164557363306
10.659975434914198,56.184688723239105
11.590352660872666,50.99500626432331
12.355909875815449,53.389794316613575
12.527170839219883,56.78288465610456
11.990346255642338,50.85184315254833
11.912104414465189,48.552474400149435
11.81440330596126,48.36627725475819
11.91592882451796,53.89124476847638
12.310098632464825,59.66519858288183
12.373048684702812,60.18227118395765
12.913702774305333,60.02315358038919
12.798536070110615,64.10508719569032
12.234822179521252,71.13744963441258
11.803514046788852,73.7710732810234
11.471092406517927,75.17574539847516
11.229066679597164,77.86193603357026
11.507944324395615,74.62264137553359
11.276489291890893,77.2077023293233
10.763250456796033,79.01381187112406
10.098637781058478,81.95874663014013
9.421410581906185,85.0674909550562
9.247462559619946,84.7033638362359
8.746311970618914,84.47043774956478
8.532887176582683,84.21264878155273
8.902159984095784,80.40476877739172
9.156756505888222,78.01534615039998
9.187743249683407,74.2822165436483
9.78840102318642,70.47229657219157
9.917827641257258,71.45630725039973
10.220028224256362,67.51144572543416
10.363347059482905,64.14760067817383
10.403589490497978,58.78789700147581
11.558277814915696,59.80229357369308
11.423104566267657,64.83187218631218
11.172288045603997,68.23958299978301
11.151846262551553,70.96107841257333
11.225931977337545,71.93764302969964
11.416865065245064,72.05275958771858
11.671040374734378,72.22149039279645
11.663212807137715,73.03968367385556
10.900990494523159,69.16044545512477
11.21747535211807,68.83032087888228
11.187676361235562,68.94271644196363
11.101850447844102,68.65984749058623
11.065097957588833,67.57246693311515
10.509108400138897,65.2617612317373
10.47857523408184,62.19357244370781
10.423813577561296,61.36323301366667
9.911994024950427,61.98063506134531
10.241871406398705,65.82535604516283
9.99152563157558,69.12076302079919
9.778181868118068,71.45173039632908
9.401621053584291,68.955517760735
9.368625213912617,72.71973132355834
9.244995478511173,76.27279328816667
9.062679193563072,78.00979805559581
8.543677525091708,77.50278102134422
8.60514728809689,75.62841378436002
9.00571942769082,73.07555614970732
9.072257566802353,70.41891365558337
9.09231967112535,67.08673759312421
8.702278701099717,63.2986796990881
8.890275418640234,58.66708164669177
8.645596083088517,55.42739066743974
8.684401635453778,51.488623617333076
8.760085803119567,49.732005871225965
8.656220457111626,50.29845017319485
8.841577705876562,52.64888195877961
8.136981808268246,57.06992973058931
7.837960626235195,60.4218597872711
7.521744953002883,61.91132914810083
7.403151664699991,62.92666989004948
7.195148557520269,65.12059624175322
6.957412484313956,65.19637080170821
6.460466708312411,60.312120843080095
6.375100204948277,54.347891854921386
6.531933952439303,63.57549376151002
5.866145197475244,64.23705001310611
5.037049083683042,56.59274853025482
4.828796314132609,45.015107270269596
4.679834472386657,31.783714627921654
4.893435918028644,24.428444855681903
5.0831839910907055,23.410403053046196
5.576184074628176,27.128236480619023
5.91086685828737,29.778343861148585
6.259265239225209,34.627901614098846
6.466339150707551,43.532340660059674
6.546213134064146,56.70634661193651
7.453316987860171,78.26664945756437
8.137161205628042,91.93795931885273
8.223506770627221,98.95198348358593
7.900452595776565,99.23018643676124
8.059661824608337,98.61895062456142
8.172797330863752,102.28481206645927
7.8528073241233285,116.34373988646911
7.526322406974623,133.64919645099712
7.45278488414723,149.16173957541372
7.308656755959812,160.3704920174505
6.70817208153852,166.89143365618406
6.0752083839535285,170.45430673276553
6.574783504098891,168.70464485914783
6.551171028068152,170.15805879587253
6.680672060839847,171.5940117507207
6.531560623211789,172.2923145954221
6.20386994665915,171.89433116761165
6.116924836173216,172.6156260894761
6.100664889425657,172.3062821591633
6.348160878662615,170.6935151656138
6.346139328363801,168.530257875673
6.31852201959305,167.3259910266986
6.385727323055033,167.76138997668863
6.518410398549188,170.57760932655788
6.6429227617641535,173.01669235791587
5.9372344166043,175.34661083371918
5.729314106148325,172.13576630509272
5.720868017865828,169.91334647736733
5.8713932728784375,173.4135495806637
6.00098767032747,175.82281304645903
6.040848731606198,178.04235292645387
6.085970170422472,181.463689808195
6.119380471135977,184.01187036209694
6.184340214408364,187.1751827097836
6.144096737164626,194.93402060255235
5.8534979202278565,204.47645191988326
5.263281010577009,210.75936134922586
5.0031514987104195,219.99990742181436
5.2088573016488215,222.52649061610907
5.602296802414171,227.2840214881564
6.027051388536535,233.96406224187456
6.704137740344897,241.36006577411314
7.184174924643331,248.70374907187386
7.437244313517557,253.36326805853975
7.3692781849276265,255.48918875552528
7.278723103196076,253.20997228650918
7.279657287800016,252.97106096228765
7.5630082028993675,258.6095194103765
7.408392158284552,260.8571316973243
7.080904203713478,268.6377740484361
6.990644392861576,272.7997522706733
7.121797085317051,278.3959136106528
7.169935651192157,283.1464591031305
7.2188677707112605,284.75775287743124
7.22377359042907,283.7886788159217
7.284083620307189,283.87532350028977
7.356491907846566,284.3250274529819
7.524920677488278,285.427857693993
7.688707739503686,286.61807184976607
7.681420460924394,289.3428026371997
7.39139392508409,290.43784736925994
7.606050597044978,293.7974523671988
7.420208076360793,294.86755267505515
7.149975478284541,292.53678421266017
7.12855376248009,288.0236515898061
7.380141121155379,283.00085871121036
7.828382414950185,279.18409598170376
8.45866035277055,277.6297288939138
8.825886387289657,276.38184761015907
8.803348392259382,275.88265424953795
8.715792660091692,274.03401047092575
8.682387981103716,271.302387421738
8.972851529732925,264.0005308674582
9.39598671212896,263.9892455819702
9.434128861129945,263.55863787052954
9.30661224833166,261.0765768094334
9.282077671678021,258.80871278308797
9.240552919797569,256.6121527789919
9.200863362679735,254.7970336017321
9.077278610716762,252.46631045650088
9.21836432376353,249.65569035508616
9.43862958275813,245.6672150540249
9.721712003849786,241.07399891120534
10.021710378046754,236.36323432451098
9.71000738066842,231.2047935543378
9.828452909422484,229.25833324423974
9.594030608030371,227.25073787047114
9.314747748907916,226.16197888956222
9.168572128553183,225.11374702961248
9.18192275681651,224.56923317230655
9.229364410345452,223.2988186031757
9.152003743915278,222.1691334691846
8.916023240203167,221.47323501295676
8.958193078197253,222.26122267899365
8.95040155000313,224.39508089516514
8.756602577163148,226.55941914309352
7.848648705597225,225.47188385296926
7.977110583961511,229.70630570599496
7.99360391653359,233.5493892033677
8.094190430670523,237.20783910559078
8.085251691358161,238.19118822541793
8.175663237937107,233.02699578206193
8.503727525193643,226.66718451620335
8.949811148323453,218.42932137470552
8.910114999459996,212.3503772528154
9.246554885703214,208.8061323103896
9.60705147005261,207.49543681237313
9.876222023214442,208.2897783820017
9.275969984680508,213.08404478060768
8.908931349488691,217.74000169930568
8.528448959336803,220.2947534874472
8.170430313873752,221.63576070162185
8.080287161514185,220.8629659794496
8.09423417394729,221.11939216175801
7.786926024367033,221.99087647675205
6.993602184604511,223.8119762117687
6.4066442146260165,225.92242065758705
5.982132352436399,230.38214971658343
5.200705134049128,234.82558665036024
4.293496470546165,239.90361982357587
3.503097494453623,242.69137846374883
3.2408718783553803,250.2604358793499
2.749446885030947,259.6644375425807
2.2007000263160093,273.8476356284034
2.166662413360577,291.55286778979695
2.4595362957184754,306.0048214625042
2.9953623276097603,308.43954982649046
3.2007307936145915,317.37498475814675
3.358669734648651,317.18772161309187
3.4977063897909515,315.4735022578172
3.9507085998659077,309.5765208404825
4.428655147133807,306.5638306204187
4.6632747437426785,301.58292548887925
5.445332651595883,298.9325165444343
5.850965207592355,300.06223191361966
6.053321418932435,299.9891213192501
6.045693158688834,302.08792779956457
5.825871974888648,304.25174835358297
5.555419953718463,303.6678947625121
5.352764832893745,303.09124308702707
5.588047831861749,300.5330819196275
6.006869896064236,301.0358180906439
6.05172271111579,303.91673018126454
5.769090846011536,307.50087269361984
5.21264236264749,307.7970944752418
5.183154924909361,308.5638697938705
5.241354586783047,309.35872015079167
5.213267240144442,309.6835915502761
5.301953186959552,310.4434398713629
5.188989681611302,310.58292770505795
4.999849437014092,311.399733300613
4.900634182164007,311.8412036831188
4.9943492930320765,310.5943077531907
5.168743228220376,307.83010971063294
5.343973392270901,307.4890640103873
5.539944544928789,307.38383151918015
5.235898657976498,310.4713487238357
5.653793461127614,307.1677226677155
6.47930482178429,304.4074163017732
7.023878102767342,306.2790510644094
7.510572217835811,302.62309053682424
8.059579260421202,301.2311989030144
8.119806107029035,304.4452507941583
7.787547200720713,307.34417460136956
7.622078838700175,309.3765595557904
7.4263232156998775,311.10016330902096
7.255468618554722,312.23719637720757
7.19370945453921,311.85109728296476
6.180519657780832,316.700651061237
6.223243402755687,314.2762111641761
6.45532310986209,315.96354304640414
6.456769312730883,318.63458926791526
6.528254644395974,321.35765520707554
6.523052678141001,325.1845040164987
6.391980074172926,328.66686739943134
6.066819622711413,329.1262766370554
5.898278827264836,329.2531284764044
5.774751725635784,330.1104332680316
5.650101382860711,331.76057316142544
5.677743304191376,333.3358576213133
4.554146336207417,319.50999995513007
5.53689262296188,320.7585885879839
6.197693615094735,332.8753734754308
6.253711012466145,341.5754844365436
6.5810324591014995,345.5011702427173
6.952874436823755,350.1150397488374
7.087521144985038,354.7027266076521
7.022254969730819,357.18456560504325
6.7229066907552015,358.406382671573
6.484246732019982,356.1750283139068
6.418510145875463,352.8604880001311
6.49794406186549,350.9371284419573
6.6305573911007905,354.5156084173394
6.259420972922168,354.2956051977287
5.973224653855306,351.6575258007631
5.793380925201049,348.2937224400516
5.564740715013946,342.3481614380371
5.62485646482148,329.4357905823845
6.012885499842292,317.234263648913
6.955701353153202,304.5436868386337
8.240970150653311,293.71088619898813
9.661112790209378,286.4221982767481
10.520078184104584,285.67938579099336
10.873162257542605,291.66508843207544
10.548828521490574,299.59181682834173
10.66873685575843,302.8511985415013
10.817440609125294,306.3325029867895
10.359440401786731,313.78289915767505
9.004517052013433,329.8351719093325
7.158034961524881,353.81455419510485
6.314524730514297,22.445254452036636
6.563883516713284,46.66612153886609
6.55257346918696,53.29864202496435
6.5253494468529585,46.610093676196925
6.654031041792061,35.03426785801764
7.322467576862224,21.490437078519847
6.936053705487389,20.290526706428523
7.588640516128391,7.8564809788268235
7.881573318370117,2.3699247112459716
8.089112525126449,4.828094315122939
7.889412537171802,8.945929929524084
7.766261785382558,8.564597800490333
7.771013230848241,6.144887793703958
7.802213522029521,2.445971262995215
7.774639838422916,359.3304528946987
7.575775664722652,357.9848859848475
7.415111167826944,356.49361521511076
7.286069189873127,356.4007769747038
7.519601178577399,359.54435382043647
7.417789823025254,3.641038684058003
6.901034543802419,13.433114173160845
5.921775000427008,27.320261892536394
4.206406542439426,42.02407304453658
2.5802139829752497,67.01082913156893
1.9843475860417206,111.03143752548851
2.722421544056019,142.21373625823082
4.113825889522824,149.24245957436472
5.724750299360397,148.97105473622912
6.9876395900210255,142.0581225046161
8.059016946974628,132.75361902771238
8.869976709866942,136.68931638268634
8.409410275229504,129.8428158499729
8.001256003624562,123.34625649174473
7.80121636711509,116.2412858736077
8.354095330721911,108.71042041182517
9.08505531939191,105.36759925697845
9.868802609609972,105.67027489367013
10.381682441577269,104.15989280769969
10.795812445727531,108.82159244195407
10.633817715259653,117.70599694493205
10.060050770015962,124.77683840646068
9.62582713281386,126.87785419997493
9.973571346840822,130.99482767478713
9.00465931449305,133.99280759529438
7.946900144933582,132.62100878284218
7.494368826688252,128.037356199138
7.330524139391969,124.96161427149565
7.067040320172544,124.36552914537617
6.718283580442924,124.4935768129497
6.323098625612712,125.98706767936824
5.836213070705096,127.15895318411918
5.274390595555586,128.7049027192632
4.542032554924854,127.48666354945755
4.000643616719939,121.65418860354652
5.020040874595287,121.44862871956752
4.971995613158911,124.4804859550996
4.853942769468677,135.0967938160494
4.796667663933736,144.54622617985615
4.9800965277495415,148.73971929872363
5.063808051365187,149.48648442900867
4.977868682333129,148.84982965571123
4.7507381665574835,146.80609804825934
4.785221866905572,143.7591180469616
5.171595120561435,136.5973439883943
6.1069203846850835,133.03749237579422
6.5162616903495705,131.38675589826937
7.476634127954236,119.24693251296753
8.301842046952165,118.18202123834408
8.124996976913243,118.25034691013167
7.802589419564828,116.13330385875861
8.223618669806996,112.54481733062426
8.791231114707712,112.35583097833273
9.084795296003646,112.2124441949195
9.186536617704231,113.64729550464415
9.260430821304267,113.27931525342603
9.555486707964016,113.32940914917742
9.85763336142271,112.85055276966756
10.142514106144787,114.4673682036867
9.778835872751776,119.19594907363035
9.591161085911876,117.67559696478884
9.480739370332884,116.261403102121
9.727272872499876,117.10487248052266
9.787946413324146,120.04875174964764
9.518528527786215,122.70029397546102
9.391114131472138,124.36803642212453
9.293646207142418,126.55844526037083
9.289215898364763,130.56046207696238
9.152636720431909,133.36165125635023
9.154202444016036,136.0178234728901
8.974884049597522,138.89193953484755
8.602272245997813,134.2092493919664
9.053615761283906,134.79645053516276
8.683983392670921,138.16685766546186
8.020416530401024,143.07948036911705
7.4072289091881345,144.99150347269142
6.385882737353329,148.7782292297514
5.093030041991751,152.05436935575517
4.277473901730886,143.07467210789065
3.5934722629388713,134.76345232425513
2.986994191004504,125.19681744437963
2.7200873906872034,107.45083282965169
2.865565262080173,94.37287223002795
3.167732225474529,98.48540382937995
2.778376522976323,103.82201836846582
1.8753464351068398,95.28614414013327
1.8469717511684558,101.77493084900442
1.9273993381833094,124.41799677395659
0.941865731808749,161.6252247797603
0.6586738648621718,275.0543115316085
1.3378250805074023,303.8506521010189
2.2158405414705475,298.8171208327516
3.259037169918517,289.48181951622075
4.878573923680826,291.1968458032339
6.697601679626278,297.7707906734538
6.274181664823071,314.45738484704106
5.859822151998656,306.55228746553047
6.380483584463037,295.35392459665735
7.601129435059671,288.1923848404655
8.415468576484155,286.28449867323593
8.382164109556216,283.94337865361393
8.03362224293333,280.2793346569437
7.617808389709091,275.093818471842
7.255165188480162,268.315375930572
7.49717813278291,259.91134938600476
7.6206918637171235,255.10139406027116
7.628706443446729,251.9195558880264
8.176363192117707,237.90301336509853
8.332182394209394,236.3586476351921
8.011752772433027,235.55258498123325
7.694269608711164,233.51277234170638
7.669208104491751,232.34639512303784
7.80725945898175,231.1951081762771
7.736637358996882,230.56391509842825
7.8494405299149035,229.09475096758268
7.8736720073351405,229.50131695792348
7.854405777346505,230.7078367501515
7.625134903053076,234.47976934992397
7.239971124088519,238.90057658023707
6.635809307242423,254.0374663948637
6.316607163540883,256.99061089443273
6.327393081432144,261.88517809977793
6.027697265349962,268.0270503373915
5.439281597628294,274.8942788210521
4.822723740783605,279.2342742928992
4.524531228819871,277.59110613655906
4.401414523331164,279.16581323443836
4.24477414166969,283.5442480141277
3.909459910745913,286.0406813663773
3.610561986036157,285.02626663062915
3.1971713618258075,282.2848258983403
3.381574839053829,285.86144327865077
3.736332139298177,273.72845304430626
5.10422928720831,268.53212130485895
6.110683211198385,270.8172517173792
6.5483125175496175,275.2774938038628
6.394964259052387,279.842335359756
5.9529457707673465,280.6523947820356
5.875623309372242,275.7461266571845
5.749926256714675,268.43720991032666
5.743232715064297,259.2271450210801
6.076550999414039,253.49568408863314
6.505934241538643,250.08050797654641
7.226391280629061,241.8160245837743
7.224439278868032,236.4241497945635
7.452394046291739,230.7506594565839
8.194760288843016,224.20583626131906
9.172954744418112,223.5942311433541
9.049781742239366,222.72177958464795
8.638037567021698,218.22118895355078
8.5782898377986,213.16738681563947
8.669289026085618,209.74341787571547
8.925044673217064,208.15949477733042
8.77754123137465,205.32187687627626
8.822345587730481,202.42993527732352
8.98844854408909,196.00476999351648
8.96320136988592,195.65562205745167
8.969418089416873,197.30042502032882
8.851758171865374,197.7319080141387
8.782777116561823,197.67922759302564
8.763995955853085,198.17964816544537
8.740688827091432,197.93531775737367
8.607516743846306,197.856825063578
8.551511936858606,197.57375361582007
8.329340950348067,197.6979022496559
8.01546053145843,197.01195209213216
7.793374496607274,195.26229127113675
7.502223715560564,190.96602019944353
7.928507129516187,185.5200837424969
7.969081135175002,181.72507451508716
7.808999789706461,176.646010867963
7.985958891752121,172.0501564700761
8.136018585079128,170.23315568979115
7.861488841961251,168.87442582644246
7.8529902637211135,168.34867853074195
7.756947782809473,166.75372332299742
7.837502106365239,165.46575674289636
7.910465344250995,165.0455382002226
8.220977771624243,165.62587168352616
8.280466432837196,167.53946919993757
8.322685405215122,168.93450147921226
8.208305222617815,169.92300875755836
8.352416958381381,169.68366631854326
8.453618687940297,171.5315605890114
8.391079208896672,175.1961244577318
8.09071425446024,178.4419397076415
7.833488248293123,181.35937687133915
7.481762204046077,183.01069326336852
7.363460996072834,183.31560633899701
7.073268968109787,183.5803359142432
6.748843442888487,184.29863535233085
6.448713956536387,177.78447466175635
7.0717117357542225,173.7351426062213
7.426270435364606,171.5365501732598
7.710997897282173,172.20384357556134
7.917920096011738,174.32661904404745
7.978910859288657,179.15473189635668
8.02486502929931,185.15544894572704
8.061014191892056,190.54538322405438
8.179186498372212,195.0960656228851
8.324558843660858,197.10350127075074
8.622361552795267,197.7537034418997
9.076588089424405,199.47632017508786
9.202218953826009,198.01259474968194
9.097698620865698,201.77594410023224
8.719163398225772,203.90969137808406
8.599944681613216,204.7543513142676
8.699837233118522,205.26963991420163
8.667445324551887,206.5515640067039
8.456530432397706,207.45334241327882
8.454036104988438,209.0642579920073
8.672732920758984,211.13293800206588
8.704057364891634,214.61042214258842
8.62540272147655,217.71017601356155
8.41116777293739,221.8417648813422
8.136801114036038,224.2642313671668
8.527470829055927,231.6842475790103
8.40905713477155,239.3529627581134
8.19537208411241,243.05070854343822
8.24850330068085,245.34701186143724
8.476799339178715,245.34778444576594
8.84089201246803,245.32969056632328
9.018411626412023,247.86066052775965
8.87827994086703,252.1274734272686
8.743485837247865,256.29941977797387
8.584055432913233,260.24039394614124
8.41977776139505,263.20356976744836
8.079106879136452,266.5450469186611
7.944272626658742,267.35456772373163
7.7050000436000206,265.5901728740092
7.469980130116771,261.117161930749
7.0937798833581684,255.5089300783782
6.765240264732768,247.79512174532724
6.6502444329421335,238.74325947693384
7.032746294235449,229.20579342394365
6.986202272173221,221.33044102315367
7.178230235113029,212.87767613407377
7.656981608700222,208.3388805237401
7.918143822671905,207.79688262618276
7.214256724191321,206.28686261128777
7.143080465101202,199.26312962021862
7.717121692558777,197.04931381274108
8.134068201415863,199.47162731447077
8.13629825668075,202.99009878328556
7.738840014529535,204.44748858784305
7.519487450679753,205.86230782017194
7.37320120885585,206.71400526936813
7.43845574509917,205.9576293120219
7.641631326494209,204.91885127705964
7.82103131505821,203.5628554610516
7.868753032045759,203.76237371811715
7.774040513129499,195.23776003564
8.024085569159597,195.71621884017847
8.308683537000146,198.60654509541746
8.221551674817839,200.89656856499053
8.120516525370018,202.7036344810523
7.951144180354575,203.91386982003579
7.934405597472961,205.98672823968477
7.799370031359899,209.89149454103324
7.674614424164719,213.4921885876769
7.7839164708439,218.93944615735322
7.97662117699431,224.94016945257027
8.322257668396693,230.86361750959327
8.41479031206959,233.16399302440283
9.176916428383931,236.85981989405104
9.940699353048457,239.45710682744686
10.404502396164894,239.51364493445396
10.679635161755153,239.29517119831775
10.510406984675118,238.0268426203752
10.166074495174708,235.53189179637505
10.010145267994112,231.09084078015763
10.316386627713019,226.31628422409167
10.719503107912983,223.41749608683463
10.788908718219702,224.14024796130792
10.352098434225372,227.68861789425392
9.832379764723695,222.9900819283907
9.742119570703098,224.48022308397404
10.32122652968459,226.35598706086145
10.930630339439112,226.72591254778422
10.932620457508161,225.60793946175792
10.597887391166836,219.96353173607363
10.228351789467544,214.47019635186155
9.795066227027004,217.8673441069594
8.903926796929593,239.08438679373245
10.22089678833499,274.8259673634644
11.641356039258637,286.7689824740863
11.912564598487755,284.10236964392726
11.589186229108495,288.8466511602761
11.7367316620367,285.15899579369386
11.712739434617092,284.1145946538761
11.530226249454477,280.6530843538396
11.618086503516855,277.59283321570695
11.457352246847327,275.72943812824946
11.144521972804178,272.74225140536146
10.506225819521388,268.3312418072609
9.758699841137844,260.6768593338795
9.388065422389056,251.5761541914444
9.747247052908387,248.38633386725422
9.879322442666016,248.39664136140303
9.600484249278917,239.87138569515974
10.297949530858315,237.26164103424134
10.570409509585865,236.22005650942734
10.568599792102688,234.7059713215127
10.68476383641775,233.55959816880903
10.895589520203725,233.32543895482252
10.948036567620013,232.79740612636488
10.818463333105361,232.3213377832687
10.366402837884474,230.95343083011173
10.090169630224905,227.77686764294612
10.04749358309224,223.75224523043445
9.907763126951474,221.37297012927235
9.016584132422045,217.38694396875167
8.711358356304151,212.02178647903497
8.87047884731108,210.5994333557715
8.828169080016592,212.82424240619125
8.427820074679548,216.0029685301569
7.946024575786211,218.6772314276786
7.802825821555474,220.54220691050048
7.781995926608878,222.06485643066787
7.962769791576037,223.746388543076
8.114180065765549,226.14677321265592
8.04033827532256,230.25730213180813
8.01448231013784,234.90121301309273
8.049257738122554,243.1659461797776
8.062583430375115,252.98243850302572
7.863966848137994,261.5278727394454
7.706331253924107,268.374986663203
7.850225743869886,272.38697327001694
8.053297717973626,275.3205589919629
8.302411167841546,277.2622375196658
8.391637009038831,281.173978277542
8.535061462864215,286.7084280287337
8.561738210139474,292.8727052180568
8.512243401097914,298.36615082622
8.515323514787328,303.6382422788676
7.241982754898344,314.9151503620045
6.903030350651499,314.177144909706
7.371221014041592,311.40446716432325
7.597290742191804,311.01156072763564
7.709923580036317,312.1234612086344
7.651347748435957,312.29960737766794
7.589318881585158,312.28510364146587
7.700991602465295,309.9064182566337
8.047711964880516,306.5954192004446
8.228264197899898,305.50892370111717
8.24449337181031,305.2396177230183
8.099600163006814,304.2046304827324
7.259130501962056,301.6589679667833
7.540560316069254,299.36687947430784
7.817091999581999,297.4727373603556
7.936376571198846,295.1492873020634
7.92834186888168,294.2132205462127
8.018861493633345,292.1206036905546
8.293945783037818,288.7817200703573
8.793777144803856,284.1513087903041
9.414473515017324,281.00835728682836
9.853819400897379,279.8408908953943
10.037579875520787,279.37099579950427
10.130898479750739,279.0497296339773
10.342383666431497,284.3090242140155
10.429924315183655,285.48765521536546
10.656168224132209,284.4918615635429
10.812161193654678,284.4442394685035
10.816321700893349,284.54951509314157
10.627385883734872,284.592999636907
10.49357995850993,284.22022507312954
10.417871095319283,282.62224324988125
10.5746784078833,280.24673894184843
10.837446562811918,278.7551786562283
10.800203480275592,278.889074654824
10.633128776787867,279.8511556850732
10.497554813217223,280.14664376651325
10.299997208751952,279.77485573358996
10.139224350556276,278.7921757527657
9.786207916279771,277.52398398964795
9.60093223106191,275.29769615761575
9.411110707803436,273.14949437094873
9.487221157090532,270.4299841922597
9.533239192457984,268.0566324425128
9.439486719498278,265.53417427992724
9.521777131694373,264.5963471715264
9.798915701161722,264.5908267175041
9.95946155298407,266.32484553337906
9.53833560676719,271.5180331371762
9.798507385422182,272.4227134441206
9.949889785098947,274.51213739552344
9.9336060252816,277.6325807427057
9.875248530524436,279.86505971704105
9.978891245199792,280.69423819739507
10.114696473180171,281.17520265085477
10.101213277891999,282.0369795412721
10.065933537013693,282.1714814468748
10.18984894429899,282.1716389981504
10.446335053542878,282.6606140943047
10.649860457752865,283.97663251551114
10.413328805452558,288.5782883063347
10.291529712826422,290.7184676264147
