valid_time,u10,v10,latitude,longitude
2025-01-01 00:00:00,-1.2938385,-9.929825,80.25,13.0
2025-01-01 01:00:00,-1.3288879,-10.098633,80.25,13.0
2025-01-01 02:00:00,-1.6864471,-10.409271,80.25,13.0
2025-01-01 03:00:00,-2.0127563,-10.697144,80.25,13.0
2025-01-01 04:00:00,-2.3495483,-10.934967,80.25,13.0
2025-01-01 05:00:00,-2.649765,-11.2473755,80.25,13.0
2025-01-01 06:00:00,-3.0044708,-11.321274,80.25,13.0
2025-01-01 07:00:00,-3.2216187,-11.551453,80.25,13.0
2025-01-01 08:00:00,-3.7608032,-11.753647,80.25,13.0
2025-01-01 09:00:00,-4.012558,-12.018417,80.25,13.0
2025-01-01 10:00:00,-4.1460114,-10.529114,80.25,13.0
2025-01-01 11:00:00,-3.77417,-11.552292,80.25,13.0
2025-01-01 12:00:00,-3.2085876,-12.332703,80.25,13.0
2025-01-01 13:00:00,-2.6577606,-12.909302,80.25,13.0
2025-01-01 14:00:00,-2.1661987,-13.392838,80.25,13.0
2025-01-01 15:00:00,-1.5492859,-13.741806,80.25,13.0
2025-01-01 16:00:00,-1.2405243,-14.181427,80.25,13.0
2025-01-01 17:00:00,-1.3100739,-14.272873,80.25,13.0
2025-01-01 18:00:00,-1.3808899,-14.276291,80.25,13.0
2025-01-01 19:00:00,-1.4446259,-14.634415,80.25,13.0
2025-01-01 20:00:00,-1.8634338,-14.533752,80.25,13.0
2025-01-01 21:00:00,-2.3462372,-14.017578,80.25,13.0
2025-01-01 22:00:00,-5.546585,-10.964035,80.25,13.0
2025-01-01 23:00:00,-5.873474,-10.504166,80.25,13.0
2025-01-02 00:00:00,-5.9279785,-10.526337,80.25,13.0
2025-01-02 01:00:00,-5.5527954,-11.223602,80.25,13.0
2025-01-02 02:00:00,-4.9982605,-12.334702,80.25,13.0
2025-01-02 03:00:00,-5.045807,-12.537872,80.25,13.0
2025-01-02 04:00:00,-5.304886,-12.190277,80.25,13.0
2025-01-02 05:00:00,-5.547104,-12.072235,80.25,13.0
2025-01-02 06:00:00,-5.91037,-11.639008,80.25,13.0
2025-01-02 07:00:00,-6.283966,-11.311859,80.25,13.0
2025-01-02 08:00:00,-6.576523,-12.098419,80.25,13.0
2025-01-02 09:00:00,-6.387436,-12.529541,80.25,13.0
2025-01-02 10:00:00,-6.0077515,-12.829315,80.25,13.0
2025-01-02 11:00:00,-6.465851,-12.654694,80.25,13.0
2025-01-02 12:00:00,-6.9217377,-12.759354,80.25,13.0
2025-01-02 13:00:00,-7.1939545,-12.713135,80.25,13.0
2025-01-02 14:00:00,-7.3967133,-12.334702,80.25,13.0
2025-01-02 15:00:00,-7.929077,-12.1631775,80.25,13.0
2025-01-02 16:00:00,-8.268494,-12.1489105,80.25,13.0
2025-01-02 17:00:00,-8.29393,-12.429657,80.25,13.0
2025-01-02 18:00:00,-8.44342,-12.194138,80.25,13.0
2025-01-02 19:00:00,-8.62645,-12.203003,80.25,13.0
2025-01-02 20:00:00,-8.714752,-12.103607,80.25,13.0
2025-01-02 21:00:00,-8.861816,-12.090958,80.25,13.0
2025-01-02 22:00:00,-8.920975,-10.1445465,80.25,13.0
2025-01-02 23:00:00,-8.593369,-10.806183,80.25,13.0
2025-01-03 00:00:00,-8.608673,-11.131302,80.25,13.0
2025-01-03 01:00:00,-8.219849,-11.248306,80.25,13.0
2025-01-03 02:00:00,-7.6346436,-11.372498,80.25,13.0
2025-01-03 03:00:00,-7.129883,-11.462967,80.25,13.0
2025-01-03 04:00:00,-6.8982697,-11.37854,80.25,13.0
2025-01-03 05:00:00,-6.845093,-11.026825,80.25,13.0
2025-01-03 06:00:00,-6.787506,-10.556686,80.25,13.0
2025-01-03 07:00:00,-6.7041626,-10.100525,80.25,13.0
2025-01-03 08:00:00,-6.491852,-9.688522,80.25,13.0
2025-01-03 09:00:00,-6.3201904,-9.616608,80.25,13.0
2025-01-03 10:00:00,-5.9959564,-8.81488,80.25,13.0
2025-01-03 11:00:00,-6.229477,-9.254715,80.25,13.0
2025-01-03 12:00:00,-6.9789886,-9.374832,80.25,13.0
2025-01-03 13:00:00,-7.6228333,-8.6974945,80.25,13.0
2025-01-03 14:00:00,-7.6150513,-8.405914,80.25,13.0
2025-01-03 15:00:00,-8.091232,-8.2114105,80.25,13.0
2025-01-03 16:00:00,-8.3871765,-7.9155426,80.25,13.0
2025-01-03 17:00:00,-8.022049,-8.370575,80.25,13.0
2025-01-03 18:00:00,-7.729019,-8.10376,80.25,13.0
2025-01-03 19:00:00,-7.731827,-6.2053833,80.25,13.0
2025-01-03 20:00:00,-8.678055,-3.1821747,80.25,13.0
2025-01-03 21:00:00,-9.584885,-0.72969055,80.25,13.0
2025-01-03 22:00:00,-9.918945,0.6516266,80.25,13.0
2025-01-03 23:00:00,-9.935944,-0.53134155,80.25,13.0
2025-01-04 00:00:00,-10.131775,-2.5628052,80.25,13.0
2025-01-04 01:00:00,-10.2153015,-4.088684,80.25,13.0
2025-01-04 02:00:00,-10.083878,-4.2209625,80.25,13.0
2025-01-04 03:00:00,-9.87294,-3.8229523,80.25,13.0
2025-01-04 04:00:00,-9.778183,-3.176529,80.25,13.0
2025-01-04 05:00:00,-9.461685,-2.7582397,80.25,13.0
2025-01-04 06:00:00,-9.3875885,-2.4660034,80.25,13.0
2025-01-04 07:00:00,-9.263626,-2.1579437,80.25,13.0
2025-01-04 08:00:00,-8.926117,-1.6114044,80.25,13.0
2025-01-04 09:00:00,-8.5829315,-1.0198822,80.25,13.0
2025-01-04 10:00:00,-8.161209,0.15196228,80.25,13.0
2025-01-04 11:00:00,-7.735367,-0.5761719,80.25,13.0
2025-01-04 12:00:00,-8.012192,-0.910614,80.25,13.0
2025-01-04 13:00:00,-8.117783,-0.7448273,80.25,13.0
2025-01-04 14:00:00,-7.978073,-0.48693848,80.25,13.0
2025-01-04 15:00:00,-7.6375275,-0.41197205,80.25,13.0
2025-01-04 16:00:00,-7.275406,-0.30680847,80.25,13.0
2025-01-04 17:00:00,-7.0516205,-0.29974365,80.25,13.0
2025-01-04 18:00:00,-6.7632294,-0.25933838,80.25,13.0
2025-01-04 19:00:00,-6.495346,-0.34036255,80.25,13.0
2025-01-04 20:00:00,-6.16539,-0.52423096,80.25,13.0
2025-01-04 21:00:00,-6.0411377,-0.8707733,80.25,13.0
2025-01-04 22:00:00,-6.7448425,-1.4146118,80.25,13.0
2025-01-04 23:00:00,-6.8433228,-2.7221375,80.25,13.0
2025-01-05 00:00:00,-7.337921,-3.2071533,80.25,13.0
2025-01-05 01:00:00,-7.656845,-3.180191,80.25,13.0
2025-01-05 02:00:00,-7.797241,-3.1974182,80.25,13.0
2025-01-05 03:00:00,-7.5088043,-3.7134857,80.25,13.0
2025-01-05 04:00:00,-7.259552,-4.9756775,80.25,13.0
2025-01-05 05:00:00,-6.9830933,-6.1722717,80.25,13.0
2025-01-05 06:00:00,-6.6963196,-7.224884,80.25,13.0
2025-01-05 07:00:00,-6.5224457,-8.007858,80.25,13.0
2025-01-05 08:00:00,-6.355728,-8.281708,80.25,13.0
2025-01-05 09:00:00,-5.8056793,-8.591339,80.25,13.0
2025-01-05 10:00:00,-4.3483276,-10.30069,80.25,13.0
2025-01-05 11:00:00,-3.8827972,-10.859192,80.25,13.0
2025-01-05 12:00:00,-3.8517914,-10.925949,80.25,13.0
2025-01-05 13:00:00,-4.076248,-10.886459,80.25,13.0
2025-01-05 14:00:00,-4.133316,-10.673798,80.25,13.0
2025-01-05 15:00:00,-4.074951,-10.331741,80.25,13.0
2025-01-05 16:00:00,-3.7848206,-10.111832,80.25,13.0
2025-01-05 17:00:00,-3.3077393,-10.071045,80.25,13.0
2025-01-05 18:00:00,-3.0018158,-10.168823,80.25,13.0
2025-01-05 19:00:00,-2.8609924,-10.191895,80.25,13.0
2025-01-05 20:00:00,-2.9227905,-9.57988,80.25,13.0
2025-01-05 21:00:00,-2.8354034,-9.149445,80.25,13.0
2025-01-05 22:00:00,-2.7556763,-7.8871,80.25,13.0
2025-01-05 23:00:00,-2.110489,-8.646851,80.25,13.0
2025-01-06 00:00:00,-1.9357147,-9.124374,80.25,13.0
2025-01-06 01:00:00,-1.824707,-9.333267,80.25,13.0
2025-01-06 02:00:00,-1.6947021,-9.448074,80.25,13.0
2025-01-06 03:00:00,-1.5254364,-9.402863,80.25,13.0
2025-01-06 04:00:00,-1.5195007,-9.263428,80.25,13.0
2025-01-06 05:00:00,-1.5202179,-9.243774,80.25,13.0
2025-01-06 06:00:00,-1.5869446,-9.288727,80.25,13.0
2025-01-06 07:00:00,-1.5283813,-9.304153,80.25,13.0
2025-01-06 08:00:00,-1.5166168,-9.330994,80.25,13.0
2025-01-06 09:00:00,-1.4315643,-9.251099,80.25,13.0
2025-01-06 10:00:00,-1.5675201,-9.514832,80.25,13.0
2025-01-06 11:00:00,-1.2350769,-9.445084,80.25,13.0
2025-01-06 12:00:00,-1.0855408,-9.137817,80.25,13.0
2025-01-06 13:00:00,-1.0223694,-8.895615,80.25,13.0
2025-01-06 14:00:00,-0.96939087,-8.661819,80.25,13.0
2025-01-06 15:00:00,-1.0791473,-8.375046,80.25,13.0
2025-01-06 16:00:00,-1.1078949,-7.9269714,80.25,13.0
2025-01-06 17:00:00,-1.076004,-7.582779,80.25,13.0
2025-01-06 18:00:00,-1.0648956,-7.400589,80.25,13.0
2025-01-06 19:00:00,-1.1427307,-7.2968903,80.25,13.0
2025-01-06 20:00:00,-1.2455902,-7.0269165,80.25,13.0
2025-01-06 21:00:00,-1.2793884,-6.699951,80.25,13.0
2025-01-06 22:00:00,-1.7658539,-5.9543,80.25,13.0
2025-01-06 23:00:00,-1.6578217,-5.821457,80.25,13.0
2025-01-07 00:00:00,-1.5350647,-5.808075,80.25,13.0
2025-01-07 01:00:00,-1.4413605,-5.78006,80.25,13.0
2025-01-07 02:00:00,-1.1339874,-5.5043945,80.25,13.0
2025-01-07 03:00:00,-0.7385864,-5.4625854,80.25,13.0
2025-01-07 04:00:00,-0.61169434,-5.4416656,80.25,13.0
2025-01-07 05:00:00,-0.76716614,-5.3717804,80.25,13.0
2025-01-07 06:00:00,-0.83392334,-5.154297,80.25,13.0
2025-01-07 07:00:00,-0.7202301,-5.001541,80.25,13.0
2025-01-07 08:00:00,-0.7094116,-4.787018,80.25,13.0
2025-01-07 09:00:00,-0.3882141,-4.5212708,80.25,13.0
2025-01-07 10:00:00,-0.39712524,-3.4727478,80.25,13.0
2025-01-07 11:00:00,0.40187073,-3.1374817,80.25,13.0
2025-01-07 12:00:00,0.9953003,-2.9115295,80.25,13.0
2025-01-07 13:00:00,1.3586578,-2.6064758,80.25,13.0
2025-01-07 14:00:00,1.6674347,-2.3604279,80.25,13.0
2025-01-07 15:00:00,1.9108276,-2.147522,80.25,13.0
2025-01-07 16:00:00,2.2996216,-2.2821045,80.25,13.0
2025-01-07 17:00:00,2.6637726,-2.6713104,80.25,13.0
2025-01-07 18:00:00,2.517624,-3.5719147,80.25,13.0
2025-01-07 19:00:00,1.8750305,-3.5905304,80.25,13.0
2025-01-07 20:00:00,1.2065582,-3.5098724,80.25,13.0
2025-01-07 21:00:00,0.6920166,-3.3490753,80.25,13.0
2025-01-07 22:00:00,1.2463837,-2.4729614,80.25,13.0
2025-01-07 23:00:00,1.4116516,-3.1237183,80.25,13.0
2025-01-08 00:00:00,1.7213287,-3.5083008,80.25,13.0
2025-01-08 01:00:00,1.6662292,-3.6378174,80.25,13.0
2025-01-08 02:00:00,1.4589386,-3.5880585,80.25,13.0
2025-01-08 03:00:00,1.1982727,-3.4879913,80.25,13.0
2025-01-08 04:00:00,0.8959961,-3.2595673,80.25,13.0
2025-01-08 05:00:00,0.9261627,-2.557953,80.25,13.0
2025-01-08 06:00:00,1.1261139,-2.0137482,80.25,13.0
2025-01-08 07:00:00,1.4551697,-1.6459808,80.25,13.0
2025-01-08 08:00:00,1.758194,-1.1781616,80.25,13.0
2025-01-08 09:00:00,2.1647797,-0.6869354,80.25,13.0
2025-01-08 10:00:00,1.7529144,0.24151611,80.25,13.0
2025-01-08 11:00:00,2.514267,1.3483124,80.25,13.0
2025-01-08 12:00:00,2.6428223,1.7754669,80.25,13.0
2025-01-08 13:00:00,2.1942902,1.8514099,80.25,13.0
2025-01-08 14:00:00,1.0111694,1.7256012,80.25,13.0
2025-01-08 15:00:00,0.016082764,2.3214722,80.25,13.0
2025-01-08 16:00:00,0.34048462,3.4575653,80.25,13.0
2025-01-08 17:00:00,2.7744904,4.8897095,80.25,13.0
2025-01-08 18:00:00,6.0976257,6.081375,80.25,13.0
2025-01-08 19:00:00,7.7232056,6.8733215,80.25,13.0
2025-01-08 20:00:00,7.9678802,7.2430115,80.25,13.0
2025-01-08 21:00:00,8.270782,7.475952,80.25,13.0
2025-01-08 22:00:00,9.635422,7.213211,80.25,13.0
2025-01-08 23:00:00,9.396713,5.357712,80.25,13.0
2025-01-09 00:00:00,9.091324,5.183502,80.25,13.0
2025-01-09 01:00:00,9.165558,6.0225677,80.25,13.0
2025-01-09 02:00:00,9.378235,6.567932,80.25,13.0
2025-01-09 03:00:00,9.726868,6.8724213,80.25,13.0
2025-01-09 04:00:00,9.281998,6.8683777,80.25,13.0
2025-01-09 05:00:00,8.404465,6.9903564,80.25,13.0
2025-01-09 06:00:00,7.664154,6.699295,80.25,13.0
2025-01-09 07:00:00,6.787018,5.7602844,80.25,13.0
2025-01-09 08:00:00,5.2329865,4.8132477,80.25,13.0
2025-01-09 09:00:00,3.7343903,4.2460175,80.25,13.0
2025-01-09 10:00:00,0.30274963,0.09199524,80.25,13.0
2025-01-09 11:00:00,-2.1960144,1.003891,80.25,13.0
2025-01-09 12:00:00,-3.264511,3.9428864,80.25,13.0
2025-01-09 13:00:00,-2.4055023,6.2700195,80.25,13.0
2025-01-09 14:00:00,-1.0028229,7.7607574,80.25,13.0
2025-01-09 15:00:00,0.27804565,8.27655,80.25,13.0
2025-01-09 16:00:00,0.85118103,8.832947,80.25,13.0
2025-01-09 17:00:00,0.7078705,9.589966,80.25,13.0
2025-01-09 18:00:00,0.872345,10.093536,80.25,13.0
2025-01-09 19:00:00,0.958313,9.901001,80.25,13.0
2025-01-09 20:00:00,0.27615356,9.870926,80.25,13.0
2025-01-09 21:00:00,-0.48498535,10.009064,80.25,13.0
2025-01-09 22:00:00,-1.0826111,8.11879,80.25,13.0
2025-01-09 23:00:00,-1.4241333,8.409882,80.25,13.0
2025-01-10 00:00:00,-0.28121948,8.79335,80.25,13.0
2025-01-10 01:00:00,0.9373474,8.306274,80.25,13.0
2025-01-10 02:00:00,1.846878,6.951004,80.25,13.0
2025-01-10 03:00:00,1.6116028,5.6607513,80.25,13.0
2025-01-10 04:00:00,0.33883667,5.033539,80.25,13.0
2025-01-10 05:00:00,-1.039093,4.735977,80.25,13.0
2025-01-10 06:00:00,-1.9992523,4.7154236,80.25,13.0
2025-01-10 07:00:00,-2.065628,4.437958,80.25,13.0
2025-01-10 08:00:00,-1.6166077,4.167389,80.25,13.0
2025-01-10 09:00:00,-0.8453369,3.3679657,80.25,13.0
2025-01-10 10:00:00,1.4652405,0.67100525,80.25,13.0
2025-01-10 11:00:00,0.9386444,-2.2293396,80.25,13.0
2025-01-10 12:00:00,-0.10430908,-4.187958,80.25,13.0
2025-01-10 13:00:00,-2.108429,-3.6365356,80.25,13.0
2025-01-10 14:00:00,-4.0699463,-1.2190094,80.25,13.0
2025-01-10 15:00:00,-5.6175995,1.5262604,80.25,13.0
2025-01-10 16:00:00,-6.0594177,5.1192627,80.25,13.0
2025-01-10 17:00:00,1.7310181,9.784058,80.25,13.0
2025-01-10 18:00:00,7.0484314,10.984772,80.25,13.0
2025-01-10 19:00:00,6.49588,11.316193,80.25,13.0
2025-01-10 20:00:00,5.1827087,11.101898,80.25,13.0
2025-01-10 21:00:00,4.121002,11.124115,80.25,13.0
2025-01-10 22:00:00,5.4228516,9.628815,80.25,13.0
2025-01-10 23:00:00,3.5723877,9.047638,80.25,13.0
2025-01-11 00:00:00,2.1490784,8.389801,80.25,13.0
2025-01-11 01:00:00,1.0158844,8.169159,80.25,13.0
2025-01-11 02:00:00,0.17790222,7.283615,80.25,13.0
2025-01-11 03:00:00,-1.1473846,6.081543,80.25,13.0
2025-01-11 04:00:00,-3.180954,4.922409,80.25,13.0
2025-01-11 05:00:00,-4.9555817,4.805008,80.25,13.0
2025-01-11 06:00:00,-5.5008087,4.703308,80.25,13.0
2025-01-11 07:00:00,-5.6898346,3.8194733,80.25,13.0
2025-01-11 08:00:00,-6.4369507,2.7282715,80.25,13.0
2025-01-11 09:00:00,-6.8663483,1.4659119,80.25,13.0
2025-01-11 10:00:00,-9.001968,0.7346649,80.25,13.0
2025-01-11 11:00:00,-8.879822,-0.8506317,80.25,13.0
2025-01-11 12:00:00,-8.421875,-1.9749298,80.25,13.0
2025-01-11 13:00:00,-7.391281,-3.146988,80.25,13.0
2025-01-11 14:00:00,-6.365143,-4.9938965,80.25,13.0
2025-01-11 15:00:00,-5.371567,-6.66156,80.25,13.0
2025-01-11 16:00:00,-4.268585,-7.678482,80.25,13.0
2025-01-11 17:00:00,-2.4579773,-8.609848,80.25,13.0
2025-01-11 18:00:00,-0.7518921,-9.750366,80.25,13.0
2025-01-11 19:00:00,1.1113892,-10.193619,80.25,13.0
2025-01-11 20:00:00,2.9295197,-9.038788,80.25,13.0
2025-01-11 21:00:00,4.966736,-7.2253723,80.25,13.0
2025-01-11 22:00:00,6.1095886,-7.6116333,80.25,13.0
2025-01-11 23:00:00,6.242981,-8.388916,80.25,13.0
2025-01-12 00:00:00,5.6125793,-10.881241,80.25,13.0
2025-01-12 01:00:00,5.3601837,-14.268494,80.25,13.0
2025-01-12 02:00:00,5.339096,-15.517624,80.25,13.0
2025-01-12 03:00:00,5.0789337,-16.583176,80.25,13.0
2025-01-12 04:00:00,4.4379425,-16.487122,80.25,13.0
2025-01-12 05:00:00,4.4376526,-16.448883,80.25,13.0
2025-01-12 06:00:00,4.720169,-15.956512,80.25,13.0
2025-01-12 07:00:00,4.6067963,-15.432312,80.25,13.0
2025-01-12 08:00:00,3.70578,-16.456116,80.25,13.0
2025-01-12 09:00:00,3.5813446,-15.96492,80.25,13.0
2025-01-12 10:00:00,2.917221,-14.502945,80.25,13.0
2025-01-12 11:00:00,4.931198,-13.799667,80.25,13.0
2025-01-12 12:00:00,4.675415,-13.801498,80.25,13.0
2025-01-12 13:00:00,4.2110596,-13.821228,80.25,13.0
2025-01-12 14:00:00,4.2039337,-13.246658,80.25,13.0
2025-01-12 15:00:00,4.159683,-12.470673,80.25,13.0
2025-01-12 16:00:00,4.326416,-11.665115,80.25,13.0
2025-01-12 17:00:00,4.3167725,-10.911316,80.25,13.0
2025-01-12 18:00:00,4.1394806,-9.822556,80.25,13.0
2025-01-12 19:00:00,4.391739,-8.624664,80.25,13.0
2025-01-12 20:00:00,4.807144,-7.8406067,80.25,13.0
2025-01-12 21:00:00,4.7295227,-7.5651245,80.25,13.0
2025-01-12 22:00:00,4.8350525,-6.6157074,80.25,13.0
2025-01-12 23:00:00,5.07312,-7.012329,80.25,13.0
2025-01-13 00:00:00,5.1228333,-6.828018,80.25,13.0
2025-01-13 01:00:00,5.1100616,-6.550812,80.25,13.0
2025-01-13 02:00:00,4.729004,-6.2252045,80.25,13.0
2025-01-13 03:00:00,3.9677887,-6.027725,80.25,13.0
2025-01-13 04:00:00,3.402832,-5.5098267,80.25,13.0
2025-01-13 05:00:00,3.2422028,-4.8557587,80.25,13.0
2025-01-13 06:00:00,3.0347137,-4.4363403,80.25,13.0
2025-01-13 07:00:00,2.7621307,-4.1934357,80.25,13.0
2025-01-13 08:00:00,2.4072418,-4.0310364,80.25,13.0
2025-01-13 09:00:00,2.122635,-3.8311615,80.25,13.0
2025-01-13 10:00:00,1.4268951,-3.9467316,80.25,13.0
2025-01-13 11:00:00,1.3578491,-3.5787811,80.25,13.0
2025-01-13 12:00:00,1.6042175,-3.6773224,80.25,13.0
2025-01-13 13:00:00,1.8006439,-3.7401428,80.25,13.0
2025-01-13 14:00:00,1.4294739,-3.7607574,80.25,13.0
2025-01-13 15:00:00,0.86343384,-3.8533478,80.25,13.0
2025-01-13 16:00:00,0.45051575,-3.7025452,80.25,13.0
2025-01-13 17:00:00,0.30273438,-3.4458923,80.25,13.0
2025-01-13 18:00:00,0.35864258,-3.1533356,80.25,13.0
2025-01-13 19:00:00,0.32624817,-3.2178955,80.25,13.0
2025-01-13 20:00:00,0.43623352,-3.288681,80.25,13.0
2025-01-13 21:00:00,0.62371826,-3.713379,80.25,13.0
2025-01-13 22:00:00,1.3887787,-4.7583923,80.25,13.0
2025-01-13 23:00:00,1.2196808,-4.885437,80.25,13.0
2025-01-14 00:00:00,1.1175079,-4.8812256,80.25,13.0
2025-01-14 01:00:00,0.8708191,-4.948532,80.25,13.0
2025-01-14 02:00:00,0.80088806,-4.592346,80.25,13.0
2025-01-14 03:00:00,0.7259674,-4.2308044,80.25,13.0
2025-01-14 04:00:00,0.2571869,-4.0329285,80.25,13.0
2025-01-14 05:00:00,0.18032837,-3.7131805,80.25,13.0
2025-01-14 06:00:00,-0.001953125,-3.7329254,80.25,13.0
2025-01-14 07:00:00,-0.5080414,-3.8047333,80.25,13.0
2025-01-14 08:00:00,-0.55766296,-3.5612183,80.25,13.0
2025-01-14 09:00:00,-0.832489,-3.866562,80.25,13.0
2025-01-14 10:00:00,-1.6650848,-5.490738,80.25,13.0
2025-01-14 11:00:00,-2.63031,-5.8135223,80.25,13.0
2025-01-14 12:00:00,-3.3599396,-5.739609,80.25,13.0
2025-01-14 13:00:00,-4.659622,-5.8968353,80.25,13.0
2025-01-14 14:00:00,-5.7597504,-6.0098114,80.25,13.0
2025-01-14 15:00:00,-6.4234314,-5.9351196,80.25,13.0
2025-01-14 16:00:00,-6.8962097,-5.8203735,80.25,13.0
2025-01-14 17:00:00,-7.059738,-5.807129,80.25,13.0
2025-01-14 18:00:00,-6.730011,-5.389572,80.25,13.0
2025-01-14 19:00:00,-5.928604,-4.385132,80.25,13.0
2025-01-14 20:00:00,-4.9198456,-3.915985,80.25,13.0
2025-01-14 21:00:00,-4.060684,-4.537857,80.25,13.0
2025-01-14 22:00:00,-4.9001617,-3.428482,80.25,13.0
2025-01-14 23:00:00,-4.604721,-4.219589,80.25,13.0
2025-01-15 00:00:00,-5.328354,-4.108612,80.25,13.0
2025-01-15 01:00:00,-6.1670227,-3.096634,80.25,13.0
2025-01-15 02:00:00,-7.0261993,-1.6045532,80.25,13.0
2025-01-15 03:00:00,-7.909027,-0.4125824,80.25,13.0
2025-01-15 04:00:00,-8.416061,0.69770813,80.25,13.0
2025-01-15 05:00:00,-8.505814,1.2436371,80.25,13.0
2025-01-15 06:00:00,-9.084564,1.1070251,80.25,13.0
2025-01-15 07:00:00,-9.441757,1.0470581,80.25,13.0
2025-01-15 08:00:00,-9.525116,1.0034637,80.25,13.0
2025-01-15 09:00:00,-9.629105,0.66918945,80.25,13.0
2025-01-15 10:00:00,-9.242081,0.20806885,80.25,13.0
2025-01-15 11:00:00,-9.165451,1.0106659,80.25,13.0
2025-01-15 12:00:00,-8.789673,1.2654114,80.25,13.0
2025-01-15 13:00:00,-8.681168,1.0852814,80.25,13.0
2025-01-15 14:00:00,-9.092529,0.9044342,80.25,13.0
2025-01-15 15:00:00,-9.421036,1.1342773,80.25,13.0
2025-01-15 16:00:00,-9.598785,1.0194855,80.25,13.0
2025-01-15 17:00:00,-10.229462,0.43000793,80.25,13.0
2025-01-15 18:00:00,-10.589996,0.95832825,80.25,13.0
2025-01-15 19:00:00,-10.387863,1.412796,80.25,13.0
2025-01-15 20:00:00,-10.352371,1.2954559,80.25,13.0
2025-01-15 21:00:00,-10.746811,1.1356812,80.25,13.0
2025-01-15 22:00:00,-11.770157,0.11149597,80.25,13.0
2025-01-15 23:00:00,-11.546112,0.8300781,80.25,13.0
2025-01-16 00:00:00,-11.555252,0.6889801,80.25,13.0
2025-01-16 01:00:00,-11.576569,0.8486481,80.25,13.0
2025-01-16 02:00:00,-11.455948,1.1436157,80.25,13.0
2025-01-16 03:00:00,-11.476715,1.1890259,80.25,13.0
2025-01-16 04:00:00,-11.665039,1.0254059,80.25,13.0
2025-01-16 05:00:00,-11.87262,0.80036926,80.25,13.0
2025-01-16 06:00:00,-12.240311,0.52827454,80.25,13.0
2025-01-16 07:00:00,-12.410065,0.5682068,80.25,13.0
2025-01-16 08:00:00,-12.464813,0.6530609,80.25,13.0
2025-01-16 09:00:00,-12.498016,0.8566284,80.25,13.0
2025-01-16 10:00:00,-11.797058,0.24285889,80.25,13.0
2025-01-16 11:00:00,-11.460693,0.5684967,80.25,13.0
2025-01-16 12:00:00,-11.257111,0.4429779,80.25,13.0
2025-01-16 13:00:00,-11.3984375,0.1741333,80.25,13.0
2025-01-16 14:00:00,-11.413437,0.08781433,80.25,13.0
2025-01-16 15:00:00,-11.341812,-0.17390442,80.25,13.0
2025-01-16 16:00:00,-11.646606,-0.29951477,80.25,13.0
2025-01-16 17:00:00,-11.968338,-0.3888855,80.25,13.0
2025-01-16 18:00:00,-12.193695,-0.33822632,80.25,13.0
2025-01-16 19:00:00,-12.1740265,-0.44125366,80.25,13.0
2025-01-16 20:00:00,-11.978409,-0.5154724,80.25,13.0
2025-01-16 21:00:00,-11.929703,-0.7608948,80.25,13.0
2025-01-16 22:00:00,-12.683792,-3.3675995,80.25,13.0
2025-01-16 23:00:00,-13.578812,-2.6472473,80.25,13.0
2025-01-17 00:00:00,-13.111404,-2.5440063,80.25,13.0
2025-01-17 01:00:00,-12.9002075,-2.7351837,80.25,13.0
2025-01-17 02:00:00,-12.821991,-3.1834412,80.25,13.0
2025-01-17 03:00:00,-12.933762,-3.6142426,80.25,13.0
2025-01-17 04:00:00,-13.004395,-3.9155884,80.25,13.0
2025-01-17 05:00:00,-13.129364,-3.9341736,80.25,13.0
2025-01-17 06:00:00,-13.141617,-4.0140533,80.25,13.0
2025-01-17 07:00:00,-13.169693,-4.226654,80.25,13.0
2025-01-17 08:00:00,-13.191925,-4.479431,80.25,13.0
2025-01-17 09:00:00,-13.0950165,-4.7019043,80.25,13.0
2025-01-17 10:00:00,-12.280167,-6.752548,80.25,13.0
2025-01-17 11:00:00,-11.898376,-6.291321,80.25,13.0
2025-01-17 12:00:00,-11.5383,-5.976486,80.25,13.0
2025-01-17 13:00:00,-11.206253,-5.749649,80.25,13.0
2025-01-17 14:00:00,-10.768692,-5.7519836,80.25,13.0
2025-01-17 15:00:00,-10.642288,-5.911072,80.25,13.0
2025-01-17 16:00:00,-10.492233,-5.9427032,80.25,13.0
2025-01-17 17:00:00,-10.249283,-6.0106964,80.25,13.0
2025-01-17 18:00:00,-10.050644,-6.352783,80.25,13.0
2025-01-17 19:00:00,-9.988281,-6.7573395,80.25,13.0
2025-01-17 20:00:00,-9.939819,-6.7908173,80.25,13.0
2025-01-17 21:00:00,-9.747787,-6.8565216,80.25,13.0
2025-01-17 22:00:00,-9.326218,-9.056366,80.25,13.0
2025-01-17 23:00:00,-9.439713,-8.281326,80.25,13.0
2025-01-18 00:00:00,-8.90065,-7.736023,80.25,13.0
2025-01-18 01:00:00,-8.147171,-7.8834686,80.25,13.0
2025-01-18 02:00:00,-7.7472687,-8.285782,80.25,13.0
2025-01-18 03:00:00,-7.331909,-8.722397,80.25,13.0
2025-01-18 04:00:00,-6.7759705,-8.93277,80.25,13.0
2025-01-18 05:00:00,-6.195862,-9.185669,80.25,13.0
2025-01-18 06:00:00,-5.5154114,-9.963715,80.25,13.0
2025-01-18 07:00:00,-5.2157745,-9.663544,80.25,13.0
2025-01-18 08:00:00,-4.7861786,-9.4839325,80.25,13.0
2025-01-18 09:00:00,-4.207794,-9.549225,80.25,13.0
2025-01-18 10:00:00,-3.9772797,-9.262192,80.25,13.0
2025-01-18 11:00:00,-4.2200623,-9.327774,80.25,13.0
2025-01-18 12:00:00,-4.229492,-9.440872,80.25,13.0
2025-01-18 13:00:00,-4.188278,-9.244904,80.25,13.0
2025-01-18 14:00:00,-3.8069,-9.202728,80.25,13.0
2025-01-18 15:00:00,-3.3633575,-9.786957,80.25,13.0
2025-01-18 16:00:00,-3.140564,-10.261536,80.25,13.0
2025-01-18 17:00:00,-3.147766,-10.8307495,80.25,13.0
2025-01-18 18:00:00,-3.003418,-11.128876,80.25,13.0
2025-01-18 19:00:00,-2.675354,-11.280548,80.25,13.0
2025-01-18 20:00:00,-2.5433197,-11.419083,80.25,13.0
2025-01-18 21:00:00,-2.4971771,-11.431442,80.25,13.0
2025-01-18 22:00:00,-2.6752167,-10.974319,80.25,13.0
2025-01-18 23:00:00,-2.70813,-11.5091095,80.25,13.0
2025-01-19 00:00:00,-2.4931488,-11.341095,80.25,13.0
2025-01-19 01:00:00,-2.0634308,-11.280258,80.25,13.0
2025-01-19 02:00:00,-1.4369354,-11.260101,80.25,13.0
2025-01-19 03:00:00,-0.8783264,-11.113266,80.25,13.0
2025-01-19 04:00:00,-0.28079224,-11.161758,80.25,13.0
2025-01-19 05:00:00,0.32832336,-10.934998,80.25,13.0
2025-01-19 06:00:00,0.8275604,-10.741043,80.25,13.0
2025-01-19 07:00:00,1.2134857,-10.485504,80.25,13.0
2025-01-19 08:00:00,1.5219574,-10.222809,80.25,13.0
2025-01-19 09:00:00,1.7662048,-9.823364,80.25,13.0
2025-01-19 10:00:00,1.759552,-8.742996,80.25,13.0
2025-01-19 11:00:00,2.6916962,-9.11998,80.25,13.0
2025-01-19 12:00:00,2.9811707,-9.191803,80.25,13.0
2025-01-19 13:00:00,2.688919,-9.315857,80.25,13.0
2025-01-19 14:00:00,2.4452972,-9.308517,80.25,13.0
2025-01-19 15:00:00,2.4015045,-9.288605,80.25,13.0
2025-01-19 16:00:00,2.484024,-9.20137,80.25,13.0
2025-01-19 17:00:00,2.4797363,-9.182068,80.25,13.0
2025-01-19 18:00:00,2.386734,-9.197845,80.25,13.0
2025-01-19 19:00:00,2.2165222,-9.100555,80.25,13.0
2025-01-19 20:00:00,2.1696472,-8.891586,80.25,13.0
2025-01-19 21:00:00,2.4526215,-8.639938,80.25,13.0
2025-01-19 22:00:00,2.9946594,-7.6654053,80.25,13.0
2025-01-19 23:00:00,3.0559387,-8.220215,80.25,13.0
2025-01-20 00:00:00,2.759369,-8.009399,80.25,13.0
2025-01-20 01:00:00,2.503296,-7.6705475,80.25,13.0
2025-01-20 02:00:00,2.285843,-7.42099,80.25,13.0
2025-01-20 03:00:00,2.2332916,-7.0827637,80.25,13.0
2025-01-20 04:00:00,2.5747375,-6.6292725,80.25,13.0
2025-01-20 05:00:00,3.0170746,-6.256607,80.25,13.0
2025-01-20 06:00:00,2.9317474,-6.280411,80.25,13.0
2025-01-20 07:00:00,2.6643524,-6.132614,80.25,13.0
2025-01-20 08:00:00,2.7056732,-5.6067047,80.25,13.0
2025-01-20 09:00:00,3.028061,-5.0877075,80.25,13.0
2025-01-20 10:00:00,2.5687256,-4.856842,80.25,13.0
2025-01-20 11:00:00,2.8146667,-4.2548065,80.25,13.0
2025-01-20 12:00:00,3.1307983,-3.773178,80.25,13.0
2025-01-20 13:00:00,3.5230103,-3.4402924,80.25,13.0
2025-01-20 14:00:00,3.476181,-3.1889343,80.25,13.0
2025-01-20 15:00:00,3.3732452,-3.0058289,80.25,13.0
2025-01-20 16:00:00,3.7179718,-2.4068604,80.25,13.0
2025-01-20 17:00:00,4.096939,-1.8821106,80.25,13.0
2025-01-20 18:00:00,4.1640167,-1.4826355,80.25,13.0
2025-01-20 19:00:00,3.9855347,-1.0502777,80.25,13.0
2025-01-20 20:00:00,3.93898,-0.42478943,80.25,13.0
2025-01-20 21:00:00,4.1237183,0.24291992,80.25,13.0
2025-01-20 22:00:00,4.5099487,1.2758789,80.25,13.0
2025-01-20 23:00:00,4.913147,2.6575317,80.25,13.0
2025-01-21 00:00:00,5.076996,3.9186401,80.25,13.0
2025-01-21 01:00:00,5.577606,4.9249725,80.25,13.0
2025-01-21 02:00:00,6.4543457,5.3548737,80.25,13.0
2025-01-21 03:00:00,7.0343323,4.979492,80.25,13.0
2025-01-21 04:00:00,7.245178,4.2355957,80.25,13.0
2025-01-21 05:00:00,6.411255,4.2416077,80.25,13.0
2025-01-21 06:00:00,5.5343018,5.001419,80.25,13.0
2025-01-21 07:00:00,5.1976013,6.591736,80.25,13.0
2025-01-21 08:00:00,4.7331696,8.752777,80.25,13.0
2025-01-21 09:00:00,4.0448914,10.397659,80.25,13.0
2025-01-21 10:00:00,4.4103394,10.880203,80.25,13.0
2025-01-21 11:00:00,3.509964,11.931549,80.25,13.0
2025-01-21 12:00:00,2.6273193,12.394928,80.25,13.0
2025-01-21 13:00:00,2.265091,12.259628,80.25,13.0
2025-01-21 14:00:00,2.104416,11.759888,80.25,13.0
2025-01-21 15:00:00,2.0634766,11.910202,80.25,13.0
2025-01-21 16:00:00,2.98378,11.49585,80.25,13.0
2025-01-21 17:00:00,3.4917297,9.872818,80.25,13.0
2025-01-21 18:00:00,3.2706146,8.473373,80.25,13.0
2025-01-21 19:00:00,3.0408783,6.979004,80.25,13.0
2025-01-21 20:00:00,2.8146667,5.0875244,80.25,13.0
2025-01-21 21:00:00,2.9972076,2.5413055,80.25,13.0
2025-01-21 22:00:00,2.8085632,-0.64038086,80.25,13.0
2025-01-21 23:00:00,2.1314697,-3.474945,80.25,13.0
2025-01-22 00:00:00,1.2965088,-5.4024506,80.25,13.0
2025-01-22 01:00:00,0.7244415,-6.3140106,80.25,13.0
2025-01-22 02:00:00,0.0038604736,-7.176132,80.25,13.0
2025-01-22 03:00:00,-0.37043762,-7.07547,80.25,13.0
2025-01-22 04:00:00,0.0038757324,-7.075058,80.25,13.0
2025-01-22 05:00:00,0.438797,-6.879959,80.25,13.0
2025-01-22 06:00:00,0.69892883,-6.7318726,80.25,13.0
2025-01-22 07:00:00,0.9019165,-6.44722,80.25,13.0
2025-01-22 08:00:00,0.9187012,-6.2941284,80.25,13.0
2025-01-22 09:00:00,0.6775818,-6.131714,80.25,13.0
2025-01-22 10:00:00,0.08998108,-6.2993927,80.25,13.0
2025-01-22 11:00:00,-0.25456238,-5.794342,80.25,13.0
2025-01-22 12:00:00,-0.26445007,-5.40213,80.25,13.0
2025-01-22 13:00:00,-0.047027588,-4.9094696,80.25,13.0
2025-01-22 14:00:00,-0.23413086,-4.6158295,80.25,13.0
2025-01-22 15:00:00,-0.72709656,-4.321686,80.25,13.0
2025-01-22 16:00:00,-1.1983032,-3.9390259,80.25,13.0
2025-01-22 17:00:00,-1.4929504,-3.3326569,80.25,13.0
2025-01-22 18:00:00,-1.7392426,-2.8289642,80.25,13.0
2025-01-22 19:00:00,-1.6214142,-2.2993927,80.25,13.0
2025-01-22 20:00:00,-1.3071442,-2.3053436,80.25,13.0
2025-01-22 21:00:00,-1.5839996,-2.8710785,80.25,13.0
2025-01-22 22:00:00,-2.6490326,-2.851944,80.25,13.0
2025-01-22 23:00:00,-3.0645294,-2.3685303,80.25,13.0
2025-01-23 00:00:00,-3.7994385,-1.7398682,80.25,13.0
2025-01-23 01:00:00,-4.189575,-0.8603821,80.25,13.0
2025-01-23 02:00:00,-3.330536,-0.15715027,80.25,13.0
2025-01-23 03:00:00,-3.039734,0.102752686,80.25,13.0
2025-01-23 04:00:00,-2.8967743,0.24580383,80.25,13.0
2025-01-23 05:00:00,-2.5361328,0.27453613,80.25,13.0
2025-01-23 06:00:00,-2.6772003,0.22853088,80.25,13.0
2025-01-23 07:00:00,-3.3891754,0.37968445,80.25,13.0
2025-01-23 08:00:00,-3.8901672,1.1246338,80.25,13.0
2025-01-23 09:00:00,-4.007614,1.9960938,80.25,13.0
2025-01-23 10:00:00,-3.6791687,4.1051636,80.25,13.0
2025-01-23 11:00:00,-2.7805786,4.6127014,80.25,13.0
2025-01-23 12:00:00,-1.2460175,4.377594,80.25,13.0
2025-01-23 13:00:00,0.10726929,3.7969208,80.25,13.0
2025-01-23 14:00:00,-0.07145691,3.4631805,80.25,13.0
2025-01-23 15:00:00,0.28936768,3.771515,80.25,13.0
2025-01-23 16:00:00,1.1060333,3.835968,80.25,13.0
2025-01-23 17:00:00,1.3479462,3.9004211,80.25,13.0
2025-01-23 18:00:00,1.3031464,4.216934,80.25,13.0
2025-01-23 19:00:00,1.2520447,4.851715,80.25,13.0
2025-01-23 20:00:00,1.0603638,5.6728973,80.25,13.0
2025-01-23 21:00:00,0.598526,6.538971,80.25,13.0
2025-01-23 22:00:00,1.1409454,6.43042,80.25,13.0
2025-01-23 23:00:00,1.0437317,6.788452,80.25,13.0
2025-01-24 00:00:00,0.7685394,7.301361,80.25,13.0
2025-01-24 01:00:00,0.55300903,7.95813,80.25,13.0
2025-01-24 02:00:00,0.97462463,8.213486,80.25,13.0
2025-01-24 03:00:00,1.845932,8.352692,80.25,13.0
2025-01-24 04:00:00,2.4539642,8.407715,80.25,13.0
2025-01-24 05:00:00,3.0620575,8.514389,80.25,13.0
2025-01-24 06:00:00,4.1345215,8.404144,80.25,13.0
2025-01-24 07:00:00,5.0900726,8.147934,80.25,13.0
2025-01-24 08:00:00,5.303299,8.040955,80.25,13.0
2025-01-24 09:00:00,4.5782623,8.379395,80.25,13.0
2025-01-24 10:00:00,5.6605377,8.1203,80.25,13.0
2025-01-24 11:00:00,5.016144,8.21994,80.25,13.0
2025-01-24 12:00:00,3.5559845,8.634033,80.25,13.0
2025-01-24 13:00:00,2.6994934,9.15657,80.25,13.0
2025-01-24 14:00:00,2.8675995,9.260178,80.25,13.0
2025-01-24 15:00:00,3.0944824,8.908981,80.25,13.0
2025-01-24 16:00:00,3.4238281,8.666428,80.25,13.0
2025-01-24 17:00:00,3.3545532,8.466232,80.25,13.0
2025-01-24 18:00:00,2.8418884,8.357574,80.25,13.0
2025-01-24 19:00:00,2.1813507,8.295395,80.25,13.0
2025-01-24 20:00:00,1.6214142,8.408447,80.25,13.0
2025-01-24 21:00:00,1.4273376,8.600952,80.25,13.0
2025-01-24 22:00:00,2.3919525,7.5407257,80.25,13.0
2025-01-24 23:00:00,2.5378876,7.705948,80.25,13.0
2025-01-25 00:00:00,2.4449005,8.175751,80.25,13.0
2025-01-25 01:00:00,2.7157745,8.554657,80.25,13.0
2025-01-25 02:00:00,2.799652,9.028442,80.25,13.0
2025-01-25 03:00:00,2.8350525,9.779129,80.25,13.0
2025-01-25 04:00:00,2.870285,10.317123,80.25,13.0
2025-01-25 05:00:00,2.7279053,10.545273,80.25,13.0
2025-01-25 06:00:00,2.6880188,10.305435,80.25,13.0
2025-01-25 07:00:00,3.0744019,10.141296,80.25,13.0
2025-01-25 08:00:00,3.3039856,9.689758,80.25,13.0
2025-01-25 09:00:00,3.3824615,9.357803,80.25,13.0
2025-01-25 10:00:00,5.3229218,8.27356,80.25,13.0
2025-01-25 11:00:00,4.22583,8.08136,80.25,13.0
2025-01-25 12:00:00,2.8162384,8.462952,80.25,13.0
2025-01-25 13:00:00,2.162613,8.841858,80.25,13.0
2025-01-25 14:00:00,2.213623,8.966095,80.25,13.0
2025-01-25 15:00:00,2.6796417,8.533325,80.25,13.0
2025-01-25 16:00:00,3.208908,8.089142,80.25,13.0
2025-01-25 17:00:00,3.5149994,7.6697235,80.25,13.0
2025-01-25 18:00:00,3.5465546,7.0999603,80.25,13.0
2025-01-25 19:00:00,3.5585938,6.5236053,80.25,13.0
2025-01-25 20:00:00,3.349823,6.2221985,80.25,13.0
2025-01-25 21:00:00,3.1506195,5.921753,80.25,13.0
2025-01-25 22:00:00,5.0044556,4.6814117,80.25,13.0
2025-01-25 23:00:00,4.806717,4.2348785,80.25,13.0
2025-01-26 00:00:00,4.0910797,4.0009613,80.25,13.0
2025-01-26 01:00:00,3.5971527,3.645874,80.25,13.0
2025-01-26 02:00:00,3.136963,3.0460052,80.25,13.0
2025-01-26 03:00:00,2.5787811,2.6034546,80.25,13.0
2025-01-26 04:00:00,1.6351318,2.6862793,80.25,13.0
2025-01-26 05:00:00,0.79244995,2.6216125,80.25,13.0
2025-01-26 06:00:00,-0.009063721,2.7655945,80.25,13.0
2025-01-26 07:00:00,-0.52490234,3.0623474,80.25,13.0
2025-01-26 08:00:00,-0.6628876,3.4250488,80.25,13.0
2025-01-26 09:00:00,-0.77737427,3.4957428,80.25,13.0
2025-01-26 10:00:00,-0.307312,2.7629852,80.25,13.0
2025-01-26 11:00:00,-0.56344604,3.045868,80.25,13.0
2025-01-26 12:00:00,-0.8654785,3.1092987,80.25,13.0
2025-01-26 13:00:00,-1.1463623,3.2143402,80.25,13.0
2025-01-26 14:00:00,-1.5229034,3.1615906,80.25,13.0
2025-01-26 15:00:00,-1.8064423,3.0870209,80.25,13.0
2025-01-26 16:00:00,-2.5348663,3.0584412,80.25,13.0
2025-01-26 17:00:00,-3.2294617,3.340042,80.25,13.0
2025-01-26 18:00:00,-3.9074554,3.698578,80.25,13.0
2025-01-26 19:00:00,-4.4583282,3.9083862,80.25,13.0
2025-01-26 20:00:00,-4.973892,4.192047,80.25,13.0
2025-01-26 21:00:00,-5.279007,4.51416,80.25,13.0
2025-01-26 22:00:00,-4.9464417,4.096817,80.25,13.0
2025-01-26 23:00:00,-5.4915314,4.512863,80.25,13.0
2025-01-27 00:00:00,-6.3383636,5.0298004,80.25,13.0
2025-01-27 01:00:00,-6.5772552,5.7256927,80.25,13.0
2025-01-27 02:00:00,-6.6222076,5.6976166,80.25,13.0
2025-01-27 03:00:00,-6.9663544,5.551697,80.25,13.0
2025-01-27 04:00:00,-7.2615967,5.425247,80.25,13.0
2025-01-27 05:00:00,-7.8525696,5.198593,80.25,13.0
2025-01-27 06:00:00,-8.415039,5.0572815,80.25,13.0
2025-01-27 07:00:00,-9.032883,4.889282,80.25,13.0
2025-01-27 08:00:00,-9.482727,4.9268494,80.25,13.0
2025-01-27 09:00:00,-9.869263,5.0476837,80.25,13.0
2025-01-27 10:00:00,-9.433151,5.0137634,80.25,13.0
2025-01-27 11:00:00,-10.284592,5.1306763,80.25,13.0
2025-01-27 12:00:00,-10.65834,5.1784515,80.25,13.0
2025-01-27 13:00:00,-10.795441,5.376343,80.25,13.0
2025-01-27 14:00:00,-10.862595,5.3898773,80.25,13.0
2025-01-27 15:00:00,-10.948242,5.529129,80.25,13.0
2025-01-27 16:00:00,-11.217514,5.6793976,80.25,13.0
2025-01-27 17:00:00,-11.416748,5.370514,80.25,13.0
2025-01-27 18:00:00,-11.671219,5.251938,80.25,13.0
2025-01-27 19:00:00,-11.722137,5.1223297,80.25,13.0
2025-01-27 20:00:00,-11.819992,4.535904,80.25,13.0
2025-01-27 21:00:00,-12.182556,4.609207,80.25,13.0
2025-01-27 22:00:00,-12.09967,4.4087677,80.25,13.0
2025-01-27 23:00:00,-12.590805,5.019394,80.25,13.0
2025-01-28 00:00:00,-12.293411,5.509598,80.25,13.0
2025-01-28 01:00:00,-11.394241,6.013336,80.25,13.0
2025-01-28 02:00:00,-10.495697,5.9808655,80.25,13.0
2025-01-28 03:00:00,-9.883209,5.73468,80.25,13.0
2025-01-28 04:00:00,-9.778137,5.274948,80.25,13.0
2025-01-28 05:00:00,-9.646439,5.097992,80.25,13.0
2025-01-28 06:00:00,-9.43161,4.783539,80.25,13.0
2025-01-28 07:00:00,-9.350983,4.5791626,80.25,13.0
2025-01-28 08:00:00,-9.489609,4.522217,80.25,13.0
2025-01-28 09:00:00,-9.740555,4.667053,80.25,13.0
2025-01-28 10:00:00,-10.035889,3.8975525,80.25,13.0
2025-01-28 11:00:00,-10.502518,4.4878693,80.25,13.0
2025-01-28 12:00:00,-10.588058,4.703949,80.25,13.0
2025-01-28 13:00:00,-11.010696,4.5670776,80.25,13.0
2025-01-28 14:00:00,-11.405289,4.515442,80.25,13.0
2025-01-28 15:00:00,-11.322571,4.477005,80.25,13.0
2025-01-28 16:00:00,-11.226105,4.3256073,80.25,13.0
2025-01-28 17:00:00,-11.4353485,4.435486,80.25,13.0
2025-01-28 18:00:00,-11.460892,4.670807,80.25,13.0
2025-01-28 19:00:00,-11.143173,4.9220276,80.25,13.0
2025-01-28 20:00:00,-10.814987,5.012665,80.25,13.0
2025-01-28 21:00:00,-10.568756,4.85083,80.25,13.0
2025-01-28 22:00:00,-10.758347,3.5334473,80.25,13.0
2025-01-28 23:00:00,-11.965546,3.7754974,80.25,13.0
2025-01-29 00:00:00,-12.176147,4.3287354,80.25,13.0
2025-01-29 01:00:00,-11.862381,4.5124207,80.25,13.0
2025-01-29 02:00:00,-11.495789,4.323807,80.25,13.0
2025-01-29 03:00:00,-11.316391,4.385254,80.25,13.0
2025-01-29 04:00:00,-11.072952,4.4698334,80.25,13.0
2025-01-29 05:00:00,-10.941513,4.3072815,80.25,13.0
2025-01-29 06:00:00,-11.0060425,3.837738,80.25,13.0
2025-01-29 07:00:00,-11.122696,3.2181702,80.25,13.0
2025-01-29 08:00:00,-11.448425,2.7922516,80.25,13.0
2025-01-29 09:00:00,-11.686447,2.704132,80.25,13.0
2025-01-29 10:00:00,-10.785217,3.3250885,80.25,13.0
2025-01-29 11:00:00,-11.312698,2.8938293,80.25,13.0
2025-01-29 12:00:00,-11.415298,2.6579895,80.25,13.0
2025-01-29 13:00:00,-11.53125,1.7902985,80.25,13.0
2025-01-29 14:00:00,-11.809341,0.87387085,80.25,13.0
2025-01-29 15:00:00,-12.048325,0.56959534,80.25,13.0
2025-01-29 16:00:00,-12.050949,0.051712036,80.25,13.0
2025-01-29 17:00:00,-12.175507,0.027832031,80.25,13.0
2025-01-29 18:00:00,-12.121033,-0.4449005,80.25,13.0
2025-01-29 19:00:00,-12.021988,-0.46798706,80.25,13.0
2025-01-29 20:00:00,-11.900101,-0.2582245,80.25,13.0
2025-01-29 21:00:00,-11.91835,-0.538147,80.25,13.0
2025-01-29 22:00:00,-11.547104,-0.6150665,80.25,13.0
2025-01-29 23:00:00,-11.8832855,-0.29885864,80.25,13.0
2025-01-30 00:00:00,-11.620178,-0.078445435,80.25,13.0
2025-01-30 01:00:00,-10.903717,0.6767731,80.25,13.0
2025-01-30 02:00:00,-10.021713,1.946518,80.25,13.0
2025-01-30 03:00:00,-9.236618,2.7184143,80.25,13.0
2025-01-30 04:00:00,-8.73938,3.2986908,80.25,13.0
2025-01-30 05:00:00,-8.313873,3.8032684,80.25,13.0
2025-01-30 06:00:00,-7.8119354,3.9476624,80.25,13.0
2025-01-30 07:00:00,-7.357437,3.7744293,80.25,13.0
2025-01-30 08:00:00,-7.110138,3.7963104,80.25,13.0
2025-01-30 09:00:00,-6.8309784,3.9546509,80.25,13.0
2025-01-30 10:00:00,-6.373764,3.5050507,80.25,13.0
2025-01-30 11:00:00,-5.9668427,4.0311127,80.25,13.0
2025-01-30 12:00:00,-5.570465,4.3459167,80.25,13.0
2025-01-30 13:00:00,-4.9881897,4.29805,80.25,13.0
2025-01-30 14:00:00,-4.607422,4.447174,80.25,13.0
2025-01-30 15:00:00,-4.53714,4.3854675,80.25,13.0
2025-01-30 16:00:00,-4.024643,4.569702,80.25,13.0
2025-01-30 17:00:00,-3.0015717,4.996811,80.25,13.0
2025-01-30 18:00:00,-1.752121,4.956497,80.25,13.0
2025-01-30 19:00:00,-1.0296783,4.5596466,80.25,13.0
2025-01-30 20:00:00,-0.6248932,4.2570953,80.25,13.0
2025-01-30 21:00:00,0.08187866,3.9172974,80.25,13.0
2025-01-30 22:00:00,1.2038269,1.3927917,80.25,13.0
2025-01-30 23:00:00,1.1559448,0.8722229,80.25,13.0
2025-01-31 00:00:00,1.4487152,0.44812012,80.25,13.0
2025-01-31 01:00:00,2.0441895,0.18919373,80.25,13.0
2025-01-31 02:00:00,3.0831604,-0.38787842,80.25,13.0
2025-01-31 03:00:00,4.0946655,-1.3327484,80.25,13.0
2025-01-31 04:00:00,5.559799,-2.2637482,80.25,13.0
2025-01-31 05:00:00,6.930252,-3.0962067,80.25,13.0
2025-01-31 06:00:00,6.7791443,-2.390625,80.25,13.0
2025-01-31 07:00:00,6.6183777,-0.5405121,80.25,13.0
2025-01-31 08:00:00,7.2484283,1.8064575,80.25,13.0
2025-01-31 09:00:00,7.9285736,4.2041626,80.25,13.0
2025-01-31 10:00:00,7.888397,6.33786,80.25,13.0
2025-01-31 11:00:00,8.355011,7.106125,80.25,13.0
2025-01-31 12:00:00,8.126923,7.186493,80.25,13.0
2025-01-31 13:00:00,7.684967,7.5199127,80.25,13.0
2025-01-31 14:00:00,6.9196014,7.8177032,80.25,13.0
2025-01-31 15:00:00,5.608261,8.544464,80.25,13.0
2025-01-31 16:00:00,3.5084534,9.494324,80.25,13.0
2025-01-31 17:00:00,0.8252411,9.925888,80.25,13.0
2025-01-31 18:00:00,-1.1472015,10.4144745,80.25,13.0
2025-01-31 19:00:00,-1.1161804,10.880737,80.25,13.0
2025-01-31 20:00:00,0.07949829,10.951752,80.25,13.0
2025-01-31 21:00:00,2.0998993,10.986221,80.25,13.0
2025-01-31 22:00:00,2.136444,10.000961,80.25,13.0
2025-01-31 23:00:00,1.613739,10.110962,80.25,13.0
2025-02-01 00:00:00,1.5479736,10.018814,80.25,13.0
2025-02-01 01:00:00,2.0819702,9.938629,80.25,13.0
2025-02-01 02:00:00,3.1383667,9.860062,80.25,13.0
2025-02-01 03:00:00,2.9648438,10.011108,80.25,13.0
2025-02-01 04:00:00,2.386917,10.207916,80.25,13.0
2025-02-01 05:00:00,2.079712,10.287872,80.25,13.0
2025-02-01 06:00:00,0.94407654,10.39653,80.25,13.0
2025-02-01 07:00:00,1.4060364,10.137985,80.25,13.0
2025-02-01 08:00:00,2.7695007,9.748581,80.25,13.0
2025-02-01 09:00:00,2.3988342,10.631302,80.25,13.0
2025-02-01 10:00:00,2.6767883,11.241287,80.25,13.0
2025-02-01 11:00:00,1.6031952,11.387482,80.25,13.0
2025-02-01 12:00:00,-0.17567444,11.385895,80.25,13.0
2025-02-01 13:00:00,-0.3675995,11.020981,80.25,13.0
2025-02-01 14:00:00,0.050476074,10.7845,80.25,13.0
2025-02-01 15:00:00,0.8197937,10.522888,80.25,13.0
2025-02-01 16:00:00,2.0759888,10.654236,80.25,13.0
2025-02-01 17:00:00,2.6975098,11.201965,80.25,13.0
2025-02-01 18:00:00,3.1679382,11.529648,80.25,13.0
2025-02-01 19:00:00,2.7164612,11.793671,80.25,13.0
2025-02-01 20:00:00,2.3831482,11.788559,80.25,13.0
2025-02-01 21:00:00,2.1556854,11.667709,80.25,13.0
2025-02-01 22:00:00,2.6598053,11.469894,80.25,13.0
2025-02-01 23:00:00,1.715271,11.75827,80.25,13.0
2025-02-02 00:00:00,0.49856567,11.650894,80.25,13.0
2025-02-02 01:00:00,0.0014190674,12.0980835,80.25,13.0
2025-02-02 02:00:00,-0.23440552,12.391449,80.25,13.0
2025-02-02 03:00:00,-0.3007202,12.518997,80.25,13.0
2025-02-02 04:00:00,-0.048080444,12.497162,80.25,13.0
2025-02-02 05:00:00,0.35946655,12.844574,80.25,13.0
2025-02-02 06:00:00,0.6426544,13.232285,80.25,13.0
2025-02-02 07:00:00,0.9712982,13.506012,80.25,13.0
2025-02-02 08:00:00,1.3309784,13.742203,80.25,13.0
2025-02-02 09:00:00,1.5269165,13.640869,80.25,13.0
2025-02-02 10:00:00,1.3773804,13.578232,80.25,13.0
2025-02-02 11:00:00,0.66238403,13.271637,80.25,13.0
2025-02-02 12:00:00,0.22976685,12.885391,80.25,13.0
2025-02-02 13:00:00,0.64912415,13.040787,80.25,13.0
2025-02-02 14:00:00,1.6693268,13.16246,80.25,13.0
2025-02-02 15:00:00,2.5101624,13.309616,80.25,13.0
2025-02-02 16:00:00,2.1320648,12.386459,80.25,13.0
2025-02-02 17:00:00,1.8396149,11.976471,80.25,13.0
2025-02-02 18:00:00,1.5181274,11.503006,80.25,13.0
2025-02-02 19:00:00,1.9996643,11.890213,80.25,13.0
2025-02-02 20:00:00,2.2197418,11.675812,80.25,13.0
2025-02-02 21:00:00,2.549759,11.533386,80.25,13.0
2025-02-02 22:00:00,2.652954,10.666916,80.25,13.0
2025-02-02 23:00:00,1.580307,10.502213,80.25,13.0
2025-02-03 00:00:00,1.0431519,10.522018,80.25,13.0
2025-02-03 01:00:00,0.6826019,10.082703,80.25,13.0
2025-02-03 02:00:00,0.30023193,10.03006,80.25,13.0
2025-02-03 03:00:00,0.016067505,10.294067,80.25,13.0
2025-02-03 04:00:00,-0.34280396,9.992432,80.25,13.0
2025-02-03 05:00:00,-0.92282104,9.635651,80.25,13.0
2025-02-03 06:00:00,-1.8765411,9.365295,80.25,13.0
2025-02-03 07:00:00,-2.68219,9.307724,80.25,13.0
2025-02-03 08:00:00,-3.0442352,9.244766,80.25,13.0
2025-02-03 09:00:00,-3.2911377,9.397415,80.25,13.0
2025-02-03 10:00:00,-2.7733154,10.356873,80.25,13.0
2025-02-03 11:00:00,-2.5684967,10.64859,80.25,13.0
2025-02-03 12:00:00,-2.8472748,10.407211,80.25,13.0
2025-02-03 13:00:00,-1.8339386,11.123032,80.25,13.0
2025-02-03 14:00:00,-0.6381073,11.468811,80.25,13.0
2025-02-03 15:00:00,0.61320496,11.131744,80.25,13.0
2025-02-03 16:00:00,0.4686737,10.4964905,80.25,13.0
2025-02-03 17:00:00,-0.51745605,10.086838,80.25,13.0
2025-02-03 18:00:00,-1.59021,9.90361,80.25,13.0
2025-02-03 19:00:00,-1.7045135,9.573181,80.25,13.0
2025-02-03 20:00:00,-0.9917145,9.410599,80.25,13.0
2025-02-03 21:00:00,-1.8008575,9.027084,80.25,13.0
2025-02-03 22:00:00,-1.0596619,6.7269287,80.25,13.0
2025-02-03 23:00:00,-3.3108978,6.9769745,80.25,13.0
2025-02-04 00:00:00,-6.1861267,7.9990234,80.25,13.0
2025-02-04 01:00:00,-6.534622,8.638611,80.25,13.0
2025-02-04 02:00:00,-6.16539,8.469589,80.25,13.0
2025-02-04 03:00:00,-6.0947723,8.498901,80.25,13.0
2025-02-04 04:00:00,-6.537674,8.316727,80.25,13.0
2025-02-04 05:00:00,-7.397232,8.254044,80.25,13.0
2025-02-04 06:00:00,-7.8143005,8.246323,80.25,13.0
2025-02-04 07:00:00,-7.89476,8.077225,80.25,13.0
2025-02-04 08:00:00,-8.141144,8.234039,80.25,13.0
2025-02-04 09:00:00,-8.143585,8.871323,80.25,13.0
2025-02-04 10:00:00,-7.485779,10.046982,80.25,13.0
2025-02-04 11:00:00,-7.23291,10.535263,80.25,13.0
2025-02-04 12:00:00,-8.186783,10.517197,80.25,13.0
2025-02-04 13:00:00,-8.044968,10.7331085,80.25,13.0
2025-02-04 14:00:00,-8.094238,10.400314,80.25,13.0
2025-02-04 15:00:00,-8.408417,9.996323,80.25,13.0
2025-02-04 16:00:00,-8.749252,9.790756,80.25,13.0
2025-02-04 17:00:00,-9.428238,9.1979065,80.25,13.0
2025-02-04 18:00:00,-10.071732,8.940353,80.25,13.0
2025-02-04 19:00:00,-10.428894,8.82785,80.25,13.0
2025-02-04 20:00:00,-10.336502,8.628433,80.25,13.0
2025-02-04 21:00:00,-9.78183,8.476242,80.25,13.0
2025-02-04 22:00:00,-8.456757,9.18306,80.25,13.0
2025-02-04 23:00:00,-7.9197083,9.389709,80.25,13.0
2025-02-05 00:00:00,-7.3348083,9.807983,80.25,13.0
2025-02-05 01:00:00,-6.7326508,9.524338,80.25,13.0
2025-02-05 02:00:00,-7.473358,8.9210205,80.25,13.0
2025-02-05 03:00:00,-7.825592,9.379059,80.25,13.0
2025-02-05 04:00:00,-7.7554016,9.848404,80.25,13.0
2025-02-05 05:00:00,-7.1184235,9.792465,80.25,13.0
2025-02-05 06:00:00,-7.169998,9.472992,80.25,13.0
2025-02-05 07:00:00,-7.1460876,9.774307,80.25,13.0
2025-02-05 08:00:00,-7.275772,9.324005,80.25,13.0
2025-02-05 09:00:00,-8.026184,8.208221,80.25,13.0
2025-02-05 10:00:00,-8.590225,6.6305084,80.25,13.0
2025-02-05 11:00:00,-8.684555,7.67572,80.25,13.0
2025-02-05 12:00:00,-8.77272,8.3754425,80.25,13.0
2025-02-05 13:00:00,-8.901871,8.36264,80.25,13.0
2025-02-05 14:00:00,-8.568207,8.823471,80.25,13.0
2025-02-05 15:00:00,-7.0699463,9.486954,80.25,13.0
2025-02-05 16:00:00,-5.398987,9.93634,80.25,13.0
2025-02-05 17:00:00,-4.0764465,9.953476,80.25,13.0
2025-02-05 18:00:00,-2.6348572,11.204269,80.25,13.0
2025-02-05 19:00:00,5.75914,12.666718,80.25,13.0
2025-02-05 20:00:00,12.751007,11.69281,80.25,13.0
2025-02-05 21:00:00,11.042618,9.617737,80.25,13.0
2025-02-05 22:00:00,10.154205,7.667923,80.25,13.0
2025-02-05 23:00:00,6.4731293,6.7910156,80.25,13.0
2025-02-06 00:00:00,1.2637024,6.5375214,80.25,13.0
2025-02-06 01:00:00,-2.3928986,7.4979706,80.25,13.0
2025-02-06 02:00:00,-4.046295,8.235107,80.25,13.0
2025-02-06 03:00:00,-0.64767456,10.424744,80.25,13.0
2025-02-06 04:00:00,4.4598846,10.882416,80.25,13.0
2025-02-06 05:00:00,3.4791107,10.992706,80.25,13.0
2025-02-06 06:00:00,1.3594513,11.153015,80.25,13.0
2025-02-06 07:00:00,0.200943,11.251022,80.25,13.0
2025-02-06 08:00:00,-0.46113586,11.025375,80.25,13.0
2025-02-06 09:00:00,-1.0083618,10.728867,80.25,13.0
2025-02-06 10:00:00,-3.3399658,8.1091,80.25,13.0
2025-02-06 11:00:00,-4.7750854,7.646469,80.25,13.0
2025-02-06 12:00:00,-6.693619,6.6218414,80.25,13.0
2025-02-06 13:00:00,-8.121414,5.580002,80.25,13.0
2025-02-06 14:00:00,-9.492874,4.711746,80.25,13.0
2025-02-06 15:00:00,-10.066498,4.6846466,80.25,13.0
2025-02-06 16:00:00,-10.726471,4.7480774,80.25,13.0
2025-02-06 17:00:00,-11.296661,4.667328,80.25,13.0
2025-02-06 18:00:00,-11.352066,5.3116302,80.25,13.0
2025-02-06 19:00:00,-10.581818,5.901718,80.25,13.0
2025-02-06 20:00:00,-8.465057,6.5425262,80.25,13.0
2025-02-06 21:00:00,-5.7478943,5.9987946,80.25,13.0
2025-02-06 22:00:00,-1.9866028,4.318405,80.25,13.0
2025-02-06 23:00:00,-1.3876038,3.928131,80.25,13.0
2025-02-07 00:00:00,-1.4338989,4.453949,80.25,13.0
2025-02-07 01:00:00,-1.1238861,4.3664703,80.25,13.0
2025-02-07 02:00:00,-1.22258,4.4196167,80.25,13.0
2025-02-07 03:00:00,-1.7280884,2.859726,80.25,13.0
2025-02-07 04:00:00,-1.601059,1.2830963,80.25,13.0
2025-02-07 05:00:00,-0.7292633,0.7095947,80.25,13.0
2025-02-07 06:00:00,0.99461365,0.45378113,80.25,13.0
2025-02-07 07:00:00,3.458496,0.5998688,80.25,13.0
2025-02-07 08:00:00,5.9371643,0.87812805,80.25,13.0
2025-02-07 09:00:00,7.3104553,0.6044922,80.25,13.0
2025-02-07 10:00:00,6.9484406,0.29768372,80.25,13.0
2025-02-07 11:00:00,9.818115,1.0933685,80.25,13.0
2025-02-07 12:00:00,14.857025,1.2433624,80.25,13.0
2025-02-07 13:00:00,14.3741455,1.6963501,80.25,13.0
2025-02-07 14:00:00,14.354675,3.23172,80.25,13.0
2025-02-07 15:00:00,13.879318,3.4968567,80.25,13.0
2025-02-07 16:00:00,14.074173,3.519699,80.25,13.0
2025-02-07 17:00:00,12.843658,3.4609375,80.25,13.0
2025-02-07 18:00:00,12.07225,3.1387024,80.25,13.0
2025-02-07 19:00:00,11.774628,3.2007751,80.25,13.0
2025-02-07 20:00:00,11.368011,3.4387817,80.25,13.0
2025-02-07 21:00:00,11.555511,3.1258087,80.25,13.0
2025-02-07 22:00:00,9.54126,2.883194,80.25,13.0
2025-02-07 23:00:00,10.342361,2.1319427,80.25,13.0
2025-02-08 00:00:00,11.241119,1.1202393,80.25,13.0
2025-02-08 01:00:00,11.078323,1.4035187,80.25,13.0
2025-02-08 02:00:00,10.750366,2.6978302,80.25,13.0
2025-02-08 03:00:00,10.676727,4.305084,80.25,13.0
2025-02-08 04:00:00,10.43454,5.8166656,80.25,13.0
2025-02-08 05:00:00,9.856476,6.5535126,80.25,13.0
2025-02-08 06:00:00,10.054932,6.7806396,80.25,13.0
2025-02-08 07:00:00,10.754715,6.85553,80.25,13.0
2025-02-08 08:00:00,10.955307,6.953964,80.25,13.0
2025-02-08 09:00:00,11.094009,7.0429688,80.25,13.0
2025-02-08 10:00:00,10.327133,5.7552643,80.25,13.0
2025-02-08 11:00:00,10.335861,7.14946,80.25,13.0
2025-02-08 12:00:00,10.929474,8.271973,80.25,13.0
2025-02-08 13:00:00,11.825363,8.245316,80.25,13.0
2025-02-08 14:00:00,12.306793,7.940094,80.25,13.0
2025-02-08 15:00:00,12.479019,7.5047455,80.25,13.0
2025-02-08 16:00:00,12.308365,6.5164795,80.25,13.0
2025-02-08 17:00:00,12.059036,5.631378,80.25,13.0
2025-02-08 18:00:00,11.96936,4.6539,80.25,13.0
2025-02-08 19:00:00,11.74939,3.2651367,80.25,13.0
2025-02-08 20:00:00,11.336609,1.8351288,80.25,13.0
2025-02-08 21:00:00,10.698074,0.65919495,80.25,13.0
2025-02-08 22:00:00,9.320679,-1.767334,80.25,13.0
2025-02-08 23:00:00,8.074478,-3.6131897,80.25,13.0
2025-02-09 00:00:00,6.4978333,-6.5225983,80.25,13.0
2025-02-09 01:00:00,5.0269012,-8.374115,80.25,13.0
2025-02-09 02:00:00,4.20105,-8.7339325,80.25,13.0
2025-02-09 03:00:00,4.0803223,-8.619598,80.25,13.0
2025-02-09 04:00:00,4.0919495,-8.619202,80.25,13.0
2025-02-09 05:00:00,4.140442,-8.48204,80.25,13.0
2025-02-09 06:00:00,4.3027496,-8.059799,80.25,13.0
2025-02-09 07:00:00,4.4125214,-7.2397003,80.25,13.0
2025-02-09 08:00:00,4.6093597,-6.466202,80.25,13.0
2025-02-09 09:00:00,5.0942383,-5.2295685,80.25,13.0
2025-02-09 10:00:00,6.5970306,-4.0197144,80.25,13.0
2025-02-09 11:00:00,6.4697113,-4.360565,80.25,13.0
2025-02-09 12:00:00,5.741699,-4.4927216,80.25,13.0
2025-02-09 13:00:00,5.325119,-4.4742126,80.25,13.0
2025-02-09 14:00:00,5.209717,-4.2757416,80.25,13.0
2025-02-09 15:00:00,5.157257,-4.246277,80.25,13.0
2025-02-09 16:00:00,5.3697357,-4.085373,80.25,13.0
2025-02-09 17:00:00,5.823868,-4.1318817,80.25,13.0
2025-02-09 18:00:00,6.5026855,-4.4145813,80.25,13.0
2025-02-09 19:00:00,7.1609497,-5.1867676,80.25,13.0
2025-02-09 20:00:00,7.503845,-5.5350037,80.25,13.0
2025-02-09 21:00:00,7.213318,-5.708496,80.25,13.0
2025-02-09 22:00:00,8.089172,-3.9410248,80.25,13.0
2025-02-09 23:00:00,9.00148,-3.36763,80.25,13.0
2025-02-10 00:00:00,8.893875,-3.505188,80.25,13.0
2025-02-10 01:00:00,8.347641,-3.8579712,80.25,13.0
2025-02-10 02:00:00,8.35968,-3.938507,80.25,13.0
2025-02-10 03:00:00,7.3025208,-3.8930664,80.25,13.0
2025-02-10 04:00:00,4.630295,-3.2068787,80.25,13.0
2025-02-10 05:00:00,4.1442566,-0.9744873,80.25,13.0
2025-02-10 06:00:00,3.9683228,0.57522583,80.25,13.0
2025-02-10 07:00:00,3.4069214,1.8588257,80.25,13.0
2025-02-10 08:00:00,2.1933746,2.7499084,80.25,13.0
2025-02-10 09:00:00,-0.23728943,3.3696442,80.25,13.0
2025-02-10 10:00:00,-1.4010925,3.492157,80.25,13.0
2025-02-10 11:00:00,-3.247818,4.212326,80.25,13.0
2025-02-10 12:00:00,-6.062256,4.024582,80.25,13.0
2025-02-10 13:00:00,-8.554642,3.6212006,80.25,13.0
2025-02-10 14:00:00,-10.987778,2.9561462,80.25,13.0
2025-02-10 15:00:00,-12.041534,3.1440582,80.25,13.0
2025-02-10 16:00:00,-11.675476,2.9496002,80.25,13.0
2025-02-10 17:00:00,-12.169922,1.6436005,80.25,13.0
2025-02-10 18:00:00,-12.631424,1.9615021,80.25,13.0
2025-02-10 19:00:00,-12.65361,2.3434906,80.25,13.0
2025-02-10 20:00:00,-12.511978,1.9794159,80.25,13.0
2025-02-10 21:00:00,-12.648682,2.193863,80.25,13.0
2025-02-10 22:00:00,-12.34639,0.848526,80.25,13.0
2025-02-10 23:00:00,-11.702652,1.7140045,80.25,13.0
2025-02-11 00:00:00,-11.358017,1.7024536,80.25,13.0
2025-02-11 01:00:00,-11.838745,0.7314148,80.25,13.0
2025-02-11 02:00:00,-12.933029,-1.2549744,80.25,13.0
2025-02-11 03:00:00,-13.405655,-2.8483887,80.25,13.0
2025-02-11 04:00:00,-12.711594,-3.6244202,80.25,13.0
2025-02-11 05:00:00,-11.624298,-4.135086,80.25,13.0
2025-02-11 06:00:00,-10.2933655,-4.675583,80.25,13.0
2025-02-11 07:00:00,-9.0164795,-5.7538147,80.25,13.0
2025-02-11 08:00:00,-7.9099884,-8.249542,80.25,13.0
2025-02-11 09:00:00,-6.5476074,-10.505447,80.25,13.0
2025-02-11 10:00:00,-4.983124,-11.078735,80.25,13.0
2025-02-11 11:00:00,-3.1766205,-11.854034,80.25,13.0
2025-02-11 12:00:00,-2.0817566,-11.795441,80.25,13.0
2025-02-11 13:00:00,-1.2842865,-11.171356,80.25,13.0
2025-02-11 14:00:00,-0.5402832,-10.7109375,80.25,13.0
2025-02-11 15:00:00,0.21162415,-10.595947,80.25,13.0
2025-02-11 16:00:00,0.84147644,-10.56134,80.25,13.0
2025-02-11 17:00:00,1.1185455,-10.62352,80.25,13.0
2025-02-11 18:00:00,1.2294006,-10.675781,80.25,13.0
2025-02-11 19:00:00,1.3593292,-10.663803,80.25,13.0
2025-02-11 20:00:00,1.9364471,-10.509705,80.25,13.0
2025-02-11 21:00:00,2.3606567,-10.577438,80.25,13.0
2025-02-11 22:00:00,1.4421997,-10.6011505,80.25,13.0
2025-02-11 23:00:00,1.7071228,-10.1418915,80.25,13.0
2025-02-12 00:00:00,1.6497498,-9.97403,80.25,13.0
2025-02-12 01:00:00,1.7382202,-9.519226,80.25,13.0
2025-02-12 02:00:00,1.8539124,-9.231247,80.25,13.0
2025-02-12 03:00:00,2.0331573,-8.922714,80.25,13.0
2025-02-12 04:00:00,2.3390808,-8.735977,80.25,13.0
2025-02-12 05:00:00,2.350708,-8.600998,80.25,13.0
2025-02-12 06:00:00,2.255661,-8.454071,80.25,13.0
2025-02-12 07:00:00,2.203308,-8.3125305,80.25,13.0
2025-02-12 08:00:00,1.8441772,-7.9229584,80.25,13.0
2025-02-12 09:00:00,1.58284,-7.3532104,80.25,13.0
2025-02-12 10:00:00,1.1203003,-6.7748566,80.25,13.0
2025-02-12 11:00:00,1.7046661,-6.5902405,80.25,13.0
2025-02-12 12:00:00,2.3413544,-6.5703735,80.25,13.0
2025-02-12 13:00:00,2.3723297,-6.701538,80.25,13.0
2025-02-12 14:00:00,2.5481567,-6.8479156,80.25,13.0
2025-02-12 15:00:00,2.3903809,-7.0022583,80.25,13.0
2025-02-12 16:00:00,1.8114319,-6.8334045,80.25,13.0
2025-02-12 17:00:00,1.9192352,-6.629425,80.25,13.0
2025-02-12 18:00:00,2.2656403,-6.7994995,80.25,13.0
2025-02-12 19:00:00,2.1305084,-7.101532,80.25,13.0
2025-02-12 20:00:00,1.5364685,-7.3912354,80.25,13.0
2025-02-12 21:00:00,1.0444336,-7.4942017,80.25,13.0
2025-02-12 22:00:00,-0.2264862,-7.5296783,80.25,13.0
2025-02-12 23:00:00,0.27720642,-7.586624,80.25,13.0
2025-02-13 00:00:00,0.7955017,-7.788559,80.25,13.0
2025-02-13 01:00:00,1.1850128,-7.866791,80.25,13.0
2025-02-13 02:00:00,1.221817,-8.102829,80.25,13.0
2025-02-13 03:00:00,0.70391846,-8.472565,80.25,13.0
2025-02-13 04:00:00,0.5674591,-8.714127,80.25,13.0
2025-02-13 05:00:00,0.19599915,-9.073624,80.25,13.0
2025-02-13 06:00:00,-1.0086517,-9.291428,80.25,13.0
2025-02-13 07:00:00,-2.305481,-8.934555,80.25,13.0
2025-02-13 08:00:00,-2.797348,-8.4522705,80.25,13.0
2025-02-13 09:00:00,-2.9278412,-8.16806,80.25,13.0
2025-02-13 10:00:00,-2.7024841,-7.825882,80.25,13.0
2025-02-13 11:00:00,-2.9338684,-8.06839,80.25,13.0
2025-02-13 12:00:00,-3.220642,-8.036346,80.25,13.0
2025-02-13 13:00:00,-3.6799927,-7.9577484,80.25,13.0
2025-02-13 14:00:00,-4.255539,-7.7167664,80.25,13.0
2025-02-13 15:00:00,-4.865219,-7.3614044,80.25,13.0
2025-02-13 16:00:00,-5.261505,-6.904724,80.25,13.0
2025-02-13 17:00:00,-5.403,-6.5072327,80.25,13.0
2025-02-13 18:00:00,-5.337204,-6.1539,80.25,13.0
2025-02-13 19:00:00,-5.29541,-5.858246,80.25,13.0
2025-02-13 20:00:00,-5.1049194,-5.6000366,80.25,13.0
2025-02-13 21:00:00,-4.9105225,-5.4361115,80.25,13.0
2025-02-13 22:00:00,-5.382416,-6.100754,80.25,13.0
2025-02-13 23:00:00,-5.026932,-5.417145,80.25,13.0
2025-02-14 00:00:00,-4.3182526,-4.853485,80.25,13.0
2025-02-14 01:00:00,-3.4875793,-4.75325,80.25,13.0
2025-02-14 02:00:00,-2.9444885,-4.921158,80.25,13.0
2025-02-14 03:00:00,-2.303894,-4.978409,80.25,13.0
2025-02-14 04:00:00,-1.7080078,-5.2828217,80.25,13.0
2025-02-14 05:00:00,-0.9304657,-5.6095734,80.25,13.0
2025-02-14 06:00:00,0.042877197,-5.820633,80.25,13.0
2025-02-14 07:00:00,1.0462799,-6.0841827,80.25,13.0
2025-02-14 08:00:00,1.113266,-6.7104645,80.25,13.0
2025-02-14 09:00:00,1.1251068,-6.977112,80.25,13.0
2025-02-14 10:00:00,1.708725,-6.862686,80.25,13.0
2025-02-14 11:00:00,2.049179,-7.2129974,80.25,13.0
2025-02-14 12:00:00,2.056778,-7.623062,80.25,13.0
2025-02-14 13:00:00,2.113205,-7.482834,80.25,13.0
2025-02-14 14:00:00,2.522583,-7.5007935,80.25,13.0
2025-02-14 15:00:00,2.771515,-7.7657776,80.25,13.0
2025-02-14 16:00:00,2.6133423,-8.053055,80.25,13.0
2025-02-14 17:00:00,2.4456024,-8.190735,80.25,13.0
2025-02-14 18:00:00,2.3401642,-8.418945,80.25,13.0
2025-02-14 19:00:00,2.1219482,-8.46022,80.25,13.0
2025-02-14 20:00:00,1.499939,-8.505615,80.25,13.0
2025-02-14 21:00:00,0.7132416,-8.389725,80.25,13.0
2025-02-14 22:00:00,0.091781616,-7.5462494,80.25,13.0
2025-02-14 23:00:00,0.1048584,-8.294296,80.25,13.0
2025-02-15 00:00:00,0.29301453,-7.981613,80.25,13.0
2025-02-15 01:00:00,0.35136414,-8.028885,80.25,13.0
2025-02-15 02:00:00,-0.22221375,-8.129257,80.25,13.0
2025-02-15 03:00:00,-0.7739105,-7.9971924,80.25,13.0
2025-02-15 04:00:00,-1.2324982,-8.097031,80.25,13.0
2025-02-15 05:00:00,-1.8294983,-7.984329,80.25,13.0
2025-02-15 06:00:00,-2.5482635,-7.7410583,80.25,13.0
2025-02-15 07:00:00,-3.0581512,-7.3555603,80.25,13.0
2025-02-15 08:00:00,-3.2705383,-6.8839417,80.25,13.0
2025-02-15 09:00:00,-3.3674011,-6.6449738,80.25,13.0
2025-02-15 10:00:00,-4.372818,-6.234009,80.25,13.0
2025-02-15 11:00:00,-4.819336,-5.847473,80.25,13.0
2025-02-15 12:00:00,-5.1002045,-5.6088257,80.25,13.0
2025-02-15 13:00:00,-5.264618,-5.398041,80.25,13.0
2025-02-15 14:00:00,-5.242737,-5.180649,80.25,13.0
2025-02-15 15:00:00,-5.273514,-5.2348785,80.25,13.0
2025-02-15 16:00:00,-5.4982758,-5.3032837,80.25,13.0
2025-02-15 17:00:00,-5.6349335,-4.9959717,80.25,13.0
2025-02-15 18:00:00,-5.7515717,-4.715744,80.25,13.0
2025-02-15 19:00:00,-5.681717,-4.4056396,80.25,13.0
2025-02-15 20:00:00,-5.4511566,-4.3148193,80.25,13.0
2025-02-15 21:00:00,-5.1648865,-4.493759,80.25,13.0
2025-02-15 22:00:00,-5.7679443,-5.799515,80.25,13.0
2025-02-15 23:00:00,-5.3766174,-6.640579,80.25,13.0
2025-02-16 00:00:00,-5.1824646,-6.869095,80.25,13.0
2025-02-16 01:00:00,-4.736923,-6.990906,80.25,13.0
2025-02-16 02:00:00,-4.4414673,-7.208603,80.25,13.0
2025-02-16 03:00:00,-4.2410736,-7.335663,80.25,13.0
2025-02-16 04:00:00,-3.816864,-7.2604675,80.25,13.0
2025-02-16 05:00:00,-3.3624268,-7.4608307,80.25,13.0
2025-02-16 06:00:00,-2.839737,-8.005829,80.25,13.0
2025-02-16 07:00:00,-2.3838806,-8.5703125,80.25,13.0
2025-02-16 08:00:00,-2.0596466,-8.938858,80.25,13.0
2025-02-16 09:00:00,-1.8644409,-9.25737,80.25,13.0
2025-02-16 10:00:00,-1.9780121,-8.534042,80.25,13.0
2025-02-16 11:00:00,-1.7698517,-9.35408,80.25,13.0
2025-02-16 12:00:00,-2.1833649,-9.4814,80.25,13.0
2025-02-16 13:00:00,-2.8587189,-9.163101,80.25,13.0
2025-02-16 14:00:00,-3.5401611,-8.679703,80.25,13.0
2025-02-16 15:00:00,-3.8313751,-8.064102,80.25,13.0
2025-02-16 16:00:00,-3.682785,-7.5470123,80.25,13.0
2025-02-16 17:00:00,-3.3389435,-7.0871887,80.25,13.0
2025-02-16 18:00:00,-2.9672394,-6.6992645,80.25,13.0
2025-02-16 19:00:00,-2.7834625,-6.167633,80.25,13.0
2025-02-16 20:00:00,-2.5426483,-5.574341,80.25,13.0
2025-02-16 21:00:00,-2.1984558,-5.323761,80.25,13.0
2025-02-16 22:00:00,-2.1286316,-3.5551758,80.25,13.0
2025-02-16 23:00:00,-0.6348877,-4.299179,80.25,13.0
2025-02-17 00:00:00,0.14189148,-5.299698,80.25,13.0
2025-02-17 01:00:00,0.1060791,-5.404648,80.25,13.0
2025-02-17 02:00:00,-0.16694641,-4.7165375,80.25,13.0
2025-02-17 03:00:00,-0.33085632,-3.8699036,80.25,13.0
2025-02-17 04:00:00,-0.11824036,-3.8403473,80.25,13.0
2025-02-17 05:00:00,0.31866455,-4.0673065,80.25,13.0
2025-02-17 06:00:00,0.6129608,-4.249115,80.25,13.0
2025-02-17 07:00:00,0.5489044,-3.9711914,80.25,13.0
2025-02-17 08:00:00,0.35627747,-3.3539429,80.25,13.0
2025-02-17 09:00:00,0.42152405,-2.5853882,80.25,13.0
2025-02-17 10:00:00,1.2000122,-1.912796,80.25,13.0
2025-02-17 11:00:00,1.3457031,-2.3387146,80.25,13.0
2025-02-17 12:00:00,1.2973938,-2.3502197,80.25,13.0
2025-02-17 13:00:00,1.3860016,-1.5722351,80.25,13.0
2025-02-17 14:00:00,1.1882629,-1.0191193,80.25,13.0
2025-02-17 15:00:00,1.0136414,-0.32531738,80.25,13.0
2025-02-17 16:00:00,0.68800354,0.32447815,80.25,13.0
2025-02-17 17:00:00,0.42356873,0.82366943,80.25,13.0
2025-02-17 18:00:00,0.41041565,1.2321625,80.25,13.0
2025-02-17 19:00:00,0.7188721,1.3653564,80.25,13.0
2025-02-17 20:00:00,1.1121674,1.3289032,80.25,13.0
2025-02-17 21:00:00,1.4615021,1.2136841,80.25,13.0
2025-02-17 22:00:00,1.9973145,0.3861847,80.25,13.0
2025-02-17 23:00:00,1.7828369,0.25361633,80.25,13.0
2025-02-18 00:00:00,1.4506073,0.4207611,80.25,13.0
2025-02-18 01:00:00,1.3271942,0.7482605,80.25,13.0
2025-02-18 02:00:00,1.3255768,1.038681,80.25,13.0
2025-02-18 03:00:00,1.3061676,1.2742157,80.25,13.0
2025-02-18 04:00:00,1.3520508,1.4156342,80.25,13.0
2025-02-18 05:00:00,1.5512543,1.3772888,80.25,13.0
2025-02-18 06:00:00,1.5622101,1.2606049,80.25,13.0
2025-02-18 07:00:00,1.349884,1.2964935,80.25,13.0
2025-02-18 08:00:00,1.268631,1.4547119,80.25,13.0
2025-02-18 09:00:00,1.2429199,1.6389313,80.25,13.0
2025-02-18 10:00:00,1.3113251,1.4520416,80.25,13.0
2025-02-18 11:00:00,1.1716766,1.7242432,80.25,13.0
2025-02-18 12:00:00,1.1575928,1.6752625,80.25,13.0
2025-02-18 13:00:00,1.1551971,1.786499,80.25,13.0
2025-02-18 14:00:00,1.0388336,1.6477051,80.25,13.0
2025-02-18 15:00:00,0.59562683,1.2379456,80.25,13.0
2025-02-18 16:00:00,-0.21861267,0.90534973,80.25,13.0
2025-02-18 17:00:00,-1.1560669,0.9809723,80.25,13.0
2025-02-18 18:00:00,-2.1756744,1.3563995,80.25,13.0
2025-02-18 19:00:00,-3.0669708,1.8388824,80.25,13.0
2025-02-18 20:00:00,-3.8647308,2.2295532,80.25,13.0
2025-02-18 21:00:00,-4.6765747,2.260498,80.25,13.0
2025-02-18 22:00:00,-5.345703,1.0727692,80.25,13.0
2025-02-18 23:00:00,-6.049591,1.6018066,80.25,13.0
2025-02-19 00:00:00,-6.0127106,1.9866638,80.25,13.0
2025-02-19 01:00:00,-5.6427307,2.1085968,80.25,13.0
2025-02-19 02:00:00,-5.4516907,1.9543304,80.25,13.0
2025-02-19 03:00:00,-5.39328,1.6299896,80.25,13.0
2025-02-19 04:00:00,-5.656479,1.4214783,80.25,13.0
2025-02-19 05:00:00,-6.127838,1.2942047,80.25,13.0
2025-02-19 06:00:00,-6.635437,1.3578949,80.25,13.0
2025-02-19 07:00:00,-6.8521423,1.5007172,80.25,13.0
2025-02-19 08:00:00,-6.977478,1.7147217,80.25,13.0
2025-02-19 09:00:00,-6.849869,1.9002686,80.25,13.0
2025-02-19 10:00:00,-6.452133,-0.16186523,80.25,13.0
2025-02-19 11:00:00,-7.143265,0.19972229,80.25,13.0
2025-02-19 12:00:00,-7.266876,0.551651,80.25,13.0
2025-02-19 13:00:00,-6.742676,1.0623169,80.25,13.0
2025-02-19 14:00:00,-5.931961,1.4141998,80.25,13.0
2025-02-19 15:00:00,-5.2678833,1.30867,80.25,13.0
2025-02-19 16:00:00,-5.075577,1.0037079,80.25,13.0
2025-02-19 17:00:00,-5.0068817,0.5018463,80.25,13.0
2025-02-19 18:00:00,-5.141403,0.28604126,80.25,13.0
2025-02-19 19:00:00,-5.377487,0.23123169,80.25,13.0
2025-02-19 20:00:00,-5.3537903,0.21958923,80.25,13.0
2025-02-19 21:00:00,-5.0930634,0.3566742,80.25,13.0
2025-02-19 22:00:00,-4.8296814,-1.0596313,80.25,13.0
2025-02-19 23:00:00,-4.5666046,-0.6333771,80.25,13.0
2025-02-20 00:00:00,-4.13002,-0.460495,80.25,13.0
2025-02-20 01:00:00,-3.4180756,-1.0278168,80.25,13.0
2025-02-20 02:00:00,-3.3014069,-1.7764435,80.25,13.0
2025-02-20 03:00:00,-3.8330383,-1.8494263,80.25,13.0
2025-02-20 04:00:00,-3.5602722,-1.369873,80.25,13.0
2025-02-20 05:00:00,-2.9921722,-1.4193573,80.25,13.0
2025-02-20 06:00:00,-2.7089386,-1.3306427,80.25,13.0
2025-02-20 07:00:00,-2.565384,-1.0771484,80.25,13.0
2025-02-20 08:00:00,-2.230774,-0.3270874,80.25,13.0
2025-02-20 09:00:00,-1.5320129,0.5444641,80.25,13.0
2025-02-20 10:00:00,-0.08155823,0.28269958,80.25,13.0
2025-02-20 11:00:00,1.4563446,0.16061401,80.25,13.0
2025-02-20 12:00:00,3.7159576,-0.16557312,80.25,13.0
2025-02-20 13:00:00,6.2599945,-1.9889374,80.25,13.0
2025-02-20 14:00:00,7.632019,-4.2154694,80.25,13.0
2025-02-20 15:00:00,7.819229,-5.3682556,80.25,13.0
2025-02-20 16:00:00,7.5144653,-4.8184204,80.25,13.0
2025-02-20 17:00:00,7.2626495,-3.961792,80.25,13.0
2025-02-20 18:00:00,7.426834,-3.0034332,80.25,13.0
2025-02-20 19:00:00,7.3870697,-2.774994,80.25,13.0
2025-02-20 20:00:00,6.8520203,-2.8369446,80.25,13.0
2025-02-20 21:00:00,6.2307587,-2.8828888,80.25,13.0
2025-02-20 22:00:00,5.695114,-3.01062,80.25,13.0
2025-02-20 23:00:00,5.151535,-2.8558807,80.25,13.0
2025-02-21 00:00:00,4.303711,-2.2458038,80.25,13.0
2025-02-21 01:00:00,3.141693,-1.8930969,80.25,13.0
2025-02-21 02:00:00,2.0228577,-1.2940674,80.25,13.0
2025-02-21 03:00:00,1.8086853,0.017044067,80.25,13.0
2025-02-21 04:00:00,2.1520386,1.5211029,80.25,13.0
2025-02-21 05:00:00,1.6183319,2.484024,80.25,13.0
2025-02-21 06:00:00,1.0857544,3.6674957,80.25,13.0
2025-02-21 07:00:00,0.9850769,4.7974854,80.25,13.0
2025-02-21 08:00:00,1.0739899,5.4526215,80.25,13.0
2025-02-21 09:00:00,0.6465454,5.4284973,80.25,13.0
2025-02-21 10:00:00,1.8203888,4.0800476,80.25,13.0
2025-02-21 11:00:00,0.45794678,3.9069366,80.25,13.0
2025-02-21 12:00:00,-1.5257416,4.6187897,80.25,13.0
2025-02-21 13:00:00,-3.1546173,5.4387054,80.25,13.0
2025-02-21 14:00:00,-4.113632,6.2078705,80.25,13.0
2025-02-21 15:00:00,-4.5215607,6.0953217,80.25,13.0
2025-02-21 16:00:00,-5.0629272,5.561722,80.25,13.0
2025-02-21 17:00:00,-5.599121,4.954315,80.25,13.0
2025-02-21 18:00:00,-6.4533234,4.2404633,80.25,13.0
2025-02-21 19:00:00,-7.368927,3.8751678,80.25,13.0
2025-02-21 20:00:00,-7.6238556,3.9419708,80.25,13.0
2025-02-21 21:00:00,-7.836014,3.7312317,80.25,13.0
2025-02-21 22:00:00,-6.6981964,3.2464142,80.25,13.0
2025-02-21 23:00:00,-6.2591705,3.8562622,80.25,13.0
2025-02-22 00:00:00,-5.299988,4.6504517,80.25,13.0
2025-02-22 01:00:00,-4.49765,5.0071106,80.25,13.0
2025-02-22 02:00:00,-4.192093,4.895584,80.25,13.0
2025-02-22 03:00:00,-4.2940063,4.689865,80.25,13.0
2025-02-22 04:00:00,-4.4940186,4.5055237,80.25,13.0
2025-02-22 05:00:00,-4.139801,4.4010315,80.25,13.0
2025-02-22 06:00:00,-3.9497986,4.1002045,80.25,13.0
2025-02-22 07:00:00,-4.482147,3.8441925,80.25,13.0
2025-02-22 08:00:00,-4.7733307,4.150955,80.25,13.0
2025-02-22 09:00:00,-4.85614,4.151779,80.25,13.0
2025-02-22 10:00:00,-4.3896637,3.3118134,80.25,13.0
2025-02-22 11:00:00,-3.5147095,3.8992004,80.25,13.0
2025-02-22 12:00:00,-2.544632,4.5859375,80.25,13.0
2025-02-22 13:00:00,-1.9865112,4.6821747,80.25,13.0
2025-02-22 14:00:00,-1.5340424,4.423416,80.25,13.0
2025-02-22 15:00:00,-1.1742401,4.17807,80.25,13.0
2025-02-22 16:00:00,-1.0559235,3.947281,80.25,13.0
2025-02-22 17:00:00,-1.2142029,3.7881775,80.25,13.0
2025-02-22 18:00:00,-1.5252075,3.7748108,80.25,13.0
2025-02-22 19:00:00,-1.8808746,3.4161987,80.25,13.0
2025-02-22 20:00:00,-2.3161926,2.9472656,80.25,13.0
2025-02-22 21:00:00,-2.4937286,2.7876282,80.25,13.0
2025-02-22 22:00:00,-1.8306885,1.9343567,80.25,13.0
2025-02-22 23:00:00,-1.4949646,1.5868988,80.25,13.0
2025-02-23 00:00:00,-1.3118591,0.95121765,80.25,13.0
2025-02-23 01:00:00,-1.6859741,0.0087890625,80.25,13.0
2025-02-23 02:00:00,-2.350174,-0.73483276,80.25,13.0
2025-02-23 03:00:00,-3.3489227,-0.9083252,80.25,13.0
2025-02-23 04:00:00,-4.4248505,-0.85432434,80.25,13.0
2025-02-23 05:00:00,-5.1990204,-0.4961548,80.25,13.0
2025-02-23 06:00:00,-5.486328,0.6127167,80.25,13.0
2025-02-23 07:00:00,-4.7566833,2.225586,80.25,13.0
2025-02-23 08:00:00,-3.2749481,3.1033478,80.25,13.0
2025-02-23 09:00:00,-1.9127655,3.187439,80.25,13.0
2025-02-23 10:00:00,-1.9391632,2.22435,80.25,13.0
2025-02-23 11:00:00,-2.2456665,1.4742737,80.25,13.0
2025-02-23 12:00:00,-2.84729,1.3048553,80.25,13.0
2025-02-23 13:00:00,-3.0265503,1.5401611,80.25,13.0
2025-02-23 14:00:00,-2.9282227,1.5774231,80.25,13.0
2025-02-23 15:00:00,-2.9507904,1.2436981,80.25,13.0
2025-02-23 16:00:00,-2.9454346,0.9400482,80.25,13.0
2025-02-23 17:00:00,-2.848175,0.77464294,80.25,13.0
2025-02-23 18:00:00,-2.493988,0.4350586,80.25,13.0
2025-02-23 19:00:00,-2.1661224,-0.33303833,80.25,13.0
2025-02-23 20:00:00,-2.1919098,-1.362915,80.25,13.0
2025-02-23 21:00:00,-2.7995758,-2.10083,80.25,13.0
2025-02-23 22:00:00,-3.9762726,-2.5185547,80.25,13.0
2025-02-23 23:00:00,-4.1582336,-2.3869476,80.25,13.0
2025-02-24 00:00:00,-4.255829,-2.2671204,80.25,13.0
2025-02-24 01:00:00,-4.3597717,-2.3335419,80.25,13.0
2025-02-24 02:00:00,-4.487259,-2.3834991,80.25,13.0
2025-02-24 03:00:00,-4.685379,-2.3828278,80.25,13.0
2025-02-24 04:00:00,-4.746643,-2.202423,80.25,13.0
2025-02-24 05:00:00,-5.030304,-1.9073334,80.25,13.0
2025-02-24 06:00:00,-4.921402,-1.5001068,80.25,13.0
2025-02-24 07:00:00,-4.86586,-1.2150116,80.25,13.0
2025-02-24 08:00:00,-4.9001617,-0.9439697,80.25,13.0
2025-02-24 09:00:00,-4.630783,-0.72865295,80.25,13.0
2025-02-24 10:00:00,-5.072113,-1.3968506,80.25,13.0
2025-02-24 11:00:00,-5.1876984,-1.0704956,80.25,13.0
2025-02-24 12:00:00,-5.2612915,-0.6442108,80.25,13.0
2025-02-24 13:00:00,-5.41803,-0.18688965,80.25,13.0
2025-02-24 14:00:00,-5.5345306,0.042907715,80.25,13.0
2025-02-24 15:00:00,-5.6581573,0.22215271,80.25,13.0
2025-02-24 16:00:00,-5.608795,0.23222351,80.25,13.0
2025-02-24 17:00:00,-5.7074738,-0.19958496,80.25,13.0
2025-02-24 18:00:00,-6.646103,-1.2332458,80.25,13.0
2025-02-24 19:00:00,-8.093201,-2.2298126,80.25,13.0
2025-02-24 20:00:00,-8.623566,-1.9099731,80.25,13.0
2025-02-24 21:00:00,-8.215622,-0.31129456,80.25,13.0
2025-02-24 22:00:00,-7.1414337,-1.3404236,80.25,13.0
2025-02-24 23:00:00,-7.284775,-1.3930664,80.25,13.0
2025-02-25 00:00:00,-7.0421906,-0.33314514,80.25,13.0
2025-02-25 01:00:00,-6.340149,0.3169403,80.25,13.0
2025-02-25 02:00:00,-6.059128,0.57058716,80.25,13.0
2025-02-25 03:00:00,-6.3637543,1.1368408,80.25,13.0
2025-02-25 04:00:00,-6.721985,1.905899,80.25,13.0
2025-02-25 05:00:00,-6.9678955,2.5576782,80.25,13.0
2025-02-25 06:00:00,-7.345825,3.0473785,80.25,13.0
2025-02-25 07:00:00,-7.5218506,2.9156036,80.25,13.0
2025-02-25 08:00:00,-7.6489716,3.020584,80.25,13.0
2025-02-25 09:00:00,-7.5459747,3.2723236,80.25,13.0
2025-02-25 10:00:00,-7.0575104,3.3088837,80.25,13.0
2025-02-25 11:00:00,-7.1738434,3.2271118,80.25,13.0
2025-02-25 12:00:00,-7.35585,3.5007477,80.25,13.0
2025-02-25 13:00:00,-7.5947723,3.7439423,80.25,13.0
2025-02-25 14:00:00,-7.6861877,3.780487,80.25,13.0
2025-02-25 15:00:00,-7.9100037,4.0826416,80.25,13.0
2025-02-25 16:00:00,-8.063492,4.2132874,80.25,13.0
2025-02-25 17:00:00,-8.519333,4.378586,80.25,13.0
2025-02-25 18:00:00,-9.099365,4.748169,80.25,13.0
2025-02-25 19:00:00,-9.2022705,5.0379333,80.25,13.0
2025-02-25 20:00:00,-9.153458,4.9477844,80.25,13.0
2025-02-25 21:00:00,-9.171661,4.5016937,80.25,13.0
2025-02-25 22:00:00,-8.689377,3.023407,80.25,13.0
2025-02-25 23:00:00,-9.54097,3.059845,80.25,13.0
2025-02-26 00:00:00,-9.775177,3.2864075,80.25,13.0
2025-02-26 01:00:00,-9.725815,3.7223358,80.25,13.0
2025-02-26 02:00:00,-9.392639,3.7616577,80.25,13.0
2025-02-26 03:00:00,-9.362213,3.6438599,80.25,13.0
2025-02-26 04:00:00,-9.866699,4.1660614,80.25,13.0
2025-02-26 05:00:00,-9.698654,4.615387,80.25,13.0
2025-02-26 06:00:00,-9.260712,4.593918,80.25,13.0
2025-02-26 07:00:00,-9.01886,4.217743,80.25,13.0
2025-02-26 08:00:00,-8.791061,3.8413239,80.25,13.0
2025-02-26 09:00:00,-9.003876,3.2229004,80.25,13.0
2025-02-26 10:00:00,-9.326096,2.6499176,80.25,13.0
2025-02-26 11:00:00,-9.717712,2.8638763,80.25,13.0
2025-02-26 12:00:00,-9.609085,3.3247986,80.25,13.0
2025-02-26 13:00:00,-9.511566,3.9535065,80.25,13.0
2025-02-26 14:00:00,-8.852585,4.5562744,80.25,13.0
2025-02-26 15:00:00,-8.80986,4.4867706,80.25,13.0
2025-02-26 16:00:00,-8.796234,4.2169037,80.25,13.0
2025-02-26 17:00:00,-8.503952,4.190262,80.25,13.0
2025-02-26 18:00:00,-8.023666,4.206009,80.25,13.0
2025-02-26 19:00:00,-7.6527405,4.3706207,80.25,13.0
2025-02-26 20:00:00,-7.172806,4.392563,80.25,13.0
2025-02-26 21:00:00,-6.7480927,4.6645813,80.25,13.0
2025-02-26 22:00:00,-6.112915,2.8656006,80.25,13.0
2025-02-26 23:00:00,-5.836197,3.3594513,80.25,13.0
2025-02-27 00:00:00,-5.2452087,3.2418365,80.25,13.0
2025-02-27 01:00:00,-5.1151276,3.1399841,80.25,13.0
2025-02-27 02:00:00,-5.322113,3.0956268,80.25,13.0
2025-02-27 03:00:00,-5.5869904,3.23909,80.25,13.0
2025-02-27 04:00:00,-5.8496246,3.5171204,80.25,13.0
2025-02-27 05:00:00,-5.6303253,4.086838,80.25,13.0
2025-02-27 06:00:00,-5.0703735,4.805252,80.25,13.0
2025-02-27 07:00:00,-4.067566,5.303314,80.25,13.0
2025-02-27 08:00:00,-2.9276276,5.2731934,80.25,13.0
2025-02-27 09:00:00,-2.2021332,4.6038055,80.25,13.0
2025-02-27 10:00:00,-1.9344482,2.563675,80.25,13.0
2025-02-27 11:00:00,-2.4889069,2.2595062,80.25,13.0
2025-02-27 12:00:00,-2.772583,2.33844,80.25,13.0
2025-02-27 13:00:00,-2.7927399,2.3976746,80.25,13.0
2025-02-27 14:00:00,-2.7151337,2.410797,80.25,13.0
2025-02-27 15:00:00,-3.03891,2.4725342,80.25,13.0
2025-02-27 16:00:00,-3.3590088,2.9979706,80.25,13.0
2025-02-27 17:00:00,-3.1068878,3.5234985,80.25,13.0
2025-02-27 18:00:00,-2.53862,3.6393585,80.25,13.0
2025-02-27 19:00:00,-1.8756714,3.3719482,80.25,13.0
2025-02-27 20:00:00,-1.1783142,2.834198,80.25,13.0
2025-02-27 21:00:00,-0.5849304,2.1240845,80.25,13.0
2025-02-27 22:00:00,1.3891144,-0.7284241,80.25,13.0
2025-02-27 23:00:00,1.5393372,-1.766098,80.25,13.0
2025-02-28 00:00:00,0.47485352,-1.96315,80.25,13.0
2025-02-28 01:00:00,-1.3084106,-1.7129364,80.25,13.0
2025-02-28 02:00:00,-2.6783752,-0.5338135,80.25,13.0
2025-02-28 03:00:00,-2.7531586,0.8132019,80.25,13.0
2025-02-28 04:00:00,-2.1154022,1.6893005,80.25,13.0
2025-02-28 05:00:00,-1.4827118,1.8252106,80.25,13.0
2025-02-28 06:00:00,-1.2994385,1.7066345,80.25,13.0
2025-02-28 07:00:00,-1.5617828,1.7301178,80.25,13.0
2025-02-28 08:00:00,-1.8117371,2.1696777,80.25,13.0
2025-02-28 09:00:00,-1.5936584,2.671646,80.25,13.0
2025-02-28 10:00:00,-0.6079254,1.6592255,80.25,13.0
2025-02-28 11:00:00,0.17828369,1.4413452,80.25,13.0
2025-02-28 12:00:00,0.5051575,1.2002258,80.25,13.0
2025-02-28 13:00:00,0.3876953,1.1763763,80.25,13.0
2025-02-28 14:00:00,-0.2499237,1.2351074,80.25,13.0
2025-02-28 15:00:00,-1.6143036,1.9560394,80.25,13.0
2025-02-28 16:00:00,-2.8433685,3.359558,80.25,13.0
2025-02-28 17:00:00,-3.0205383,4.558914,80.25,13.0
2025-02-28 18:00:00,-2.5912018,5.208557,80.25,13.0
2025-02-28 19:00:00,-2.064621,5.419327,80.25,13.0
2025-02-28 20:00:00,-1.1654968,5.3486176,80.25,13.0
2025-02-28 21:00:00,-0.6922455,5.122345,80.25,13.0
2025-02-28 22:00:00,0.5324249,2.0227203,80.25,13.0
2025-02-28 23:00:00,-0.07984924,1.6911926,80.25,13.0
2025-03-01 00:00:00,-0.4814148,2.2269135,80.25,13.0
2025-03-01 01:00:00,-0.44337463,2.826065,80.25,13.0
2025-03-01 02:00:00,-0.6446228,3.2369232,80.25,13.0
2025-03-01 03:00:00,-1.5574646,3.7571259,80.25,13.0
2025-03-01 04:00:00,-2.6143188,4.5425415,80.25,13.0
2025-03-01 05:00:00,-3.1120758,5.22847,80.25,13.0
2025-03-01 06:00:00,-3.4234009,5.44014,80.25,13.0
2025-03-01 07:00:00,-3.9396057,5.6392517,80.25,13.0
2025-03-01 08:00:00,-4.106491,6.136673,80.25,13.0
2025-03-01 09:00:00,-4.1537476,6.2504425,80.25,13.0
2025-03-01 10:00:00,-3.6916351,5.049347,80.25,13.0
2025-03-01 11:00:00,-3.5659943,5.1362457,80.25,13.0
2025-03-01 12:00:00,-3.3695679,5.2280884,80.25,13.0
2025-03-01 13:00:00,-3.566208,5.3043976,80.25,13.0
2025-03-01 14:00:00,-4.3302307,5.5373535,80.25,13.0
2025-03-01 15:00:00,-5.0749817,6.0244293,80.25,13.0
2025-03-01 16:00:00,-5.554611,6.4981384,80.25,13.0
2025-03-01 17:00:00,-5.737564,6.690628,80.25,13.0
2025-03-01 18:00:00,-5.9174194,6.468231,80.25,13.0
2025-03-01 19:00:00,-6.4763947,6.1531677,80.25,13.0
2025-03-01 20:00:00,-7.0700226,5.9230347,80.25,13.0
2025-03-01 21:00:00,-7.51947,5.9392242,80.25,13.0
2025-03-01 22:00:00,-7.6417236,5.765503,80.25,13.0
2025-03-01 23:00:00,-7.1745605,6.1021576,80.25,13.0
2025-03-02 00:00:00,-7.321411,5.8663483,80.25,13.0
2025-03-02 01:00:00,-7.7642365,5.586563,80.25,13.0
2025-03-02 02:00:00,-8.179016,5.3231964,80.25,13.0
2025-03-02 03:00:00,-8.100006,5.5335236,80.25,13.0
2025-03-02 04:00:00,-7.833496,5.714569,80.25,13.0
2025-03-02 05:00:00,-7.8858337,5.696106,80.25,13.0
2025-03-02 06:00:00,-8.233246,5.4209747,80.25,13.0
2025-03-02 07:00:00,-8.762711,5.081085,80.25,13.0
2025-03-02 08:00:00,-9.063889,4.800125,80.25,13.0
2025-03-02 09:00:00,-9.235458,4.5501556,80.25,13.0
2025-03-02 10:00:00,-8.807175,4.233444,80.25,13.0
2025-03-02 11:00:00,-8.518982,4.5126495,80.25,13.0
2025-03-02 12:00:00,-8.159515,4.745682,80.25,13.0
2025-03-02 13:00:00,-7.5106964,5.1394043,80.25,13.0
2025-03-02 14:00:00,-6.696823,5.446823,80.25,13.0
2025-03-02 15:00:00,-6.1870117,5.535858,80.25,13.0
2025-03-02 16:00:00,-5.897812,5.540695,80.25,13.0
2025-03-02 17:00:00,-5.989517,5.414398,80.25,13.0
2025-03-02 18:00:00,-6.041733,5.8079834,80.25,13.0
2025-03-02 19:00:00,-6.2947083,5.9080353,80.25,13.0
2025-03-02 20:00:00,-6.871277,6.1605835,80.25,13.0
2025-03-02 21:00:00,-7.4282837,6.320633,80.25,13.0
2025-03-02 22:00:00,-7.3130035,5.977005,80.25,13.0
2025-03-02 23:00:00,-6.8862915,6.1708374,80.25,13.0
2025-03-03 00:00:00,-6.730438,5.883209,80.25,13.0
2025-03-03 01:00:00,-6.9054413,5.6205597,80.25,13.0
2025-03-03 02:00:00,-7.276428,5.5754547,80.25,13.0
2025-03-03 03:00:00,-7.655258,5.8398895,80.25,13.0
2025-03-03 04:00:00,-7.9786835,5.9487762,80.25,13.0
2025-03-03 05:00:00,-8.421875,5.850113,80.25,13.0
2025-03-03 06:00:00,-8.925659,5.6283875,80.25,13.0
2025-03-03 07:00:00,-9.3815155,5.5592957,80.25,13.0
2025-03-03 08:00:00,-9.450333,5.661316,80.25,13.0
2025-03-03 09:00:00,-9.45903,5.7435913,80.25,13.0
2025-03-03 10:00:00,-8.7365265,5.869995,80.25,13.0
2025-03-03 11:00:00,-8.76442,6.417511,80.25,13.0
2025-03-03 12:00:00,-8.553268,6.5433044,80.25,13.0
2025-03-03 13:00:00,-8.833038,6.81369,80.25,13.0
2025-03-03 14:00:00,-8.8181,7.231018,80.25,13.0
2025-03-03 15:00:00,-8.513336,7.4658813,80.25,13.0
2025-03-03 16:00:00,-8.466568,7.5332336,80.25,13.0
2025-03-03 17:00:00,-8.56633,7.5499725,80.25,13.0
2025-03-03 18:00:00,-8.690414,7.7078247,80.25,13.0
2025-03-03 19:00:00,-8.74791,7.6650696,80.25,13.0
2025-03-03 20:00:00,-8.847748,7.421112,80.25,13.0
2025-03-03 21:00:00,-9.167114,6.9878693,80.25,13.0
2025-03-03 22:00:00,-9.69194,6.092209,80.25,13.0
2025-03-03 23:00:00,-9.752396,6.113449,80.25,13.0
2025-03-04 00:00:00,-9.598816,6.1685333,80.25,13.0
2025-03-04 01:00:00,-9.572037,6.063324,80.25,13.0
2025-03-04 02:00:00,-9.836685,5.7404785,80.25,13.0
2025-03-04 03:00:00,-10.020905,5.4635468,80.25,13.0
2025-03-04 04:00:00,-10.023697,5.281311,80.25,13.0
2025-03-04 05:00:00,-9.866943,5.2171783,80.25,13.0
2025-03-04 06:00:00,-9.539795,5.2249756,80.25,13.0
2025-03-04 07:00:00,-9.159805,5.079834,80.25,13.0
2025-03-04 08:00:00,-8.884888,4.9001617,80.25,13.0
2025-03-04 09:00:00,-8.752411,4.8542023,80.25,13.0
2025-03-04 10:00:00,-9.596878,3.9754791,80.25,13.0
2025-03-04 11:00:00,-9.408386,4.5639496,80.25,13.0
2025-03-04 12:00:00,-9.08699,5.0391083,80.25,13.0
2025-03-04 13:00:00,-8.46788,5.2695312,80.25,13.0
2025-03-04 14:00:00,-7.8905334,5.1881256,80.25,13.0
2025-03-04 15:00:00,-7.6855774,4.987549,80.25,13.0
2025-03-04 16:00:00,-7.4947815,4.812393,80.25,13.0
2025-03-04 17:00:00,-7.5151215,4.482605,80.25,13.0
2025-03-04 18:00:00,-7.7743835,4.1852417,80.25,13.0
2025-03-04 19:00:00,-8.053757,3.9544983,80.25,13.0
2025-03-04 20:00:00,-8.400162,3.8374481,80.25,13.0
2025-03-04 21:00:00,-8.781708,3.8269806,80.25,13.0
2025-03-04 22:00:00,-8.570801,3.658966,80.25,13.0
2025-03-04 23:00:00,-8.411758,3.5895844,80.25,13.0
2025-03-05 00:00:00,-8.213486,3.6491547,80.25,13.0
2025-03-05 01:00:00,-8.248016,3.27182,80.25,13.0
2025-03-05 02:00:00,-8.383316,2.9674835,80.25,13.0
2025-03-05 03:00:00,-8.693314,2.810257,80.25,13.0
2025-03-05 04:00:00,-8.901062,2.8391266,80.25,13.0
2025-03-05 05:00:00,-9.0460205,2.875763,80.25,13.0
2025-03-05 06:00:00,-8.864639,2.8694153,80.25,13.0
2025-03-05 07:00:00,-8.860733,2.8161316,80.25,13.0
2025-03-05 08:00:00,-8.826263,2.9457092,80.25,13.0
2025-03-05 09:00:00,-8.895508,3.05513,80.25,13.0
2025-03-05 10:00:00,-9.459274,2.6565704,80.25,13.0
2025-03-05 11:00:00,-9.012314,3.2003326,80.25,13.0
2025-03-05 12:00:00,-8.752899,2.6481628,80.25,13.0
2025-03-05 13:00:00,-8.971985,2.071457,80.25,13.0
2025-03-05 14:00:00,-9.255157,2.0132751,80.25,13.0
2025-03-05 15:00:00,-9.47644,2.4592438,80.25,13.0
2025-03-05 16:00:00,-9.319366,2.9749146,80.25,13.0
2025-03-05 17:00:00,-8.9145355,3.2870789,80.25,13.0
2025-03-05 18:00:00,-8.735413,3.3469543,80.25,13.0
2025-03-05 19:00:00,-8.759018,2.9655151,80.25,13.0
2025-03-05 20:00:00,-8.955917,2.5238953,80.25,13.0
2025-03-05 21:00:00,-9.145645,2.3321838,80.25,13.0
2025-03-05 22:00:00,-8.135681,1.4898529,80.25,13.0
2025-03-05 23:00:00,-8.500473,1.5253143,80.25,13.0
2025-03-06 00:00:00,-8.529846,1.1312714,80.25,13.0
2025-03-06 01:00:00,-8.589752,1.031189,80.25,13.0
2025-03-06 02:00:00,-8.741516,0.99572754,80.25,13.0
2025-03-06 03:00:00,-8.823853,1.1900024,80.25,13.0
2025-03-06 04:00:00,-8.601593,1.2550354,80.25,13.0
2025-03-06 05:00:00,-8.495636,1.0822601,80.25,13.0
2025-03-06 06:00:00,-8.240158,0.82492065,80.25,13.0
2025-03-06 07:00:00,-8.167877,0.4814453,80.25,13.0
2025-03-06 08:00:00,-7.9602356,0.2965088,80.25,13.0
2025-03-06 09:00:00,-7.3709717,-0.047561646,80.25,13.0
2025-03-06 10:00:00,-9.228546,-0.071777344,80.25,13.0
2025-03-06 11:00:00,-8.458923,1.7983551,80.25,13.0
2025-03-06 12:00:00,-6.248291,3.0102386,80.25,13.0
2025-03-06 13:00:00,-3.41893,4.4909515,80.25,13.0
2025-03-06 14:00:00,-0.7836609,5.0825806,80.25,13.0
2025-03-06 15:00:00,0.35765076,4.6752777,80.25,13.0
2025-03-06 16:00:00,0.39988708,4.4359283,80.25,13.0
2025-03-06 17:00:00,-0.064315796,4.4541473,80.25,13.0
2025-03-06 18:00:00,-0.37371826,4.549286,80.25,13.0
2025-03-06 19:00:00,-0.6680908,4.265335,80.25,13.0
2025-03-06 20:00:00,-1.1855927,4.3893585,80.25,13.0
2025-03-06 21:00:00,-1.0240784,4.608429,80.25,13.0
2025-03-06 22:00:00,-0.09169006,4.7238464,80.25,13.0
2025-03-06 23:00:00,0.24835205,5.3275757,80.25,13.0
2025-03-07 00:00:00,0.032714844,5.8726654,80.25,13.0
2025-03-07 01:00:00,-0.021987915,6.5246277,80.25,13.0
2025-03-07 02:00:00,0.21043396,7.1579895,80.25,13.0
2025-03-07 03:00:00,0.92141724,7.567093,80.25,13.0
2025-03-07 04:00:00,2.0436096,7.8499146,80.25,13.0
2025-03-07 05:00:00,3.384674,7.747467,80.25,13.0
2025-03-07 06:00:00,4.317856,7.1401215,80.25,13.0
2025-03-07 07:00:00,4.6726685,6.6745605,80.25,13.0
2025-03-07 08:00:00,4.8180237,6.267212,80.25,13.0
2025-03-07 09:00:00,4.848526,6.055359,80.25,13.0
2025-03-07 10:00:00,5.273102,5.3134155,80.25,13.0
2025-03-07 11:00:00,5.5376434,4.991562,80.25,13.0
2025-03-07 12:00:00,5.6245117,4.733734,80.25,13.0
2025-03-07 13:00:00,5.702072,4.340332,80.25,13.0
2025-03-07 14:00:00,5.923767,3.6665344,80.25,13.0
2025-03-07 15:00:00,5.9573517,2.9958496,80.25,13.0
2025-03-07 16:00:00,5.9414062,2.7863922,80.25,13.0
2025-03-07 17:00:00,5.966858,2.954483,80.25,13.0
2025-03-07 18:00:00,6.009247,3.2220001,80.25,13.0
2025-03-07 19:00:00,6.2459717,3.1070862,80.25,13.0
2025-03-07 20:00:00,6.331482,2.7930298,80.25,13.0
2025-03-07 21:00:00,6.189453,2.4711304,80.25,13.0
2025-03-07 22:00:00,6.392761,1.1547394,80.25,13.0
2025-03-07 23:00:00,6.143585,1.056961,80.25,13.0
2025-03-08 00:00:00,5.798874,1.2832642,80.25,13.0
2025-03-08 01:00:00,5.5586243,1.4977722,80.25,13.0
2025-03-08 02:00:00,5.507904,1.6251678,80.25,13.0
2025-03-08 03:00:00,5.5248566,1.6254883,80.25,13.0
2025-03-08 04:00:00,5.2743073,1.6070251,80.25,13.0
2025-03-08 05:00:00,4.95224,1.5671387,80.25,13.0
2025-03-08 06:00:00,4.781067,1.6373749,80.25,13.0
2025-03-08 07:00:00,4.717041,1.6533661,80.25,13.0
2025-03-08 08:00:00,4.5640717,1.6017914,80.25,13.0
2025-03-08 09:00:00,4.283676,1.4751282,80.25,13.0
2025-03-08 10:00:00,4.5679626,0.86898804,80.25,13.0
2025-03-08 11:00:00,3.8836823,-0.07191467,80.25,13.0
2025-03-08 12:00:00,2.9965668,-0.5542145,80.25,13.0
2025-03-08 13:00:00,2.1721344,-0.6535492,80.25,13.0
2025-03-08 14:00:00,1.6151276,-0.7335663,80.25,13.0
2025-03-08 15:00:00,1.858429,-0.7079315,80.25,13.0
2025-03-08 16:00:00,2.2101593,-0.8069458,80.25,13.0
2025-03-08 17:00:00,2.1823425,-1.3414917,80.25,13.0
2025-03-08 18:00:00,2.0179749,-2.028778,80.25,13.0
2025-03-08 19:00:00,2.272873,-2.7931213,80.25,13.0
2025-03-08 20:00:00,2.9989014,-3.4804535,80.25,13.0
2025-03-08 21:00:00,3.7324219,-3.8685608,80.25,13.0
2025-03-08 22:00:00,5.13002,-4.1012115,80.25,13.0
2025-03-08 23:00:00,6.071274,-3.7580261,80.25,13.0
2025-03-09 00:00:00,6.2339935,-3.0926514,80.25,13.0
2025-03-09 01:00:00,5.370514,-2.4308624,80.25,13.0
2025-03-09 02:00:00,3.3780212,-1.7615204,80.25,13.0
2025-03-09 03:00:00,0.9360504,-1.6759186,80.25,13.0
2025-03-09 04:00:00,-1.9558868,-2.6525574,80.25,13.0
2025-03-09 05:00:00,-6.428055,-4.6277924,80.25,13.0
2025-03-09 06:00:00,-10.044678,-6.042938,80.25,13.0
2025-03-09 07:00:00,-11.59877,-7.2823486,80.25,13.0
2025-03-09 08:00:00,-11.759415,-8.0069275,80.25,13.0
2025-03-09 09:00:00,-11.127029,-8.80838,80.25,13.0
2025-03-09 10:00:00,-9.510544,-9.063004,80.25,13.0
2025-03-09 11:00:00,-9.268494,-9.989792,80.25,13.0
2025-03-09 12:00:00,-8.392197,-10.481903,80.25,13.0
2025-03-09 13:00:00,-7.4825134,-10.253281,80.25,13.0
2025-03-09 14:00:00,-6.8484344,-9.7344055,80.25,13.0
2025-03-09 15:00:00,-6.2238007,-9.018433,80.25,13.0
2025-03-09 16:00:00,-5.424225,-8.220398,80.25,13.0
2025-03-09 17:00:00,-4.452484,-7.9309845,80.25,13.0
2025-03-09 18:00:00,-3.6414032,-7.7078857,80.25,13.0
2025-03-09 19:00:00,-3.2650604,-7.11911,80.25,13.0
2025-03-09 20:00:00,-2.603119,-6.269821,80.25,13.0
2025-03-09 21:00:00,-1.8580322,-5.762451,80.25,13.0
2025-03-09 22:00:00,-0.94447327,-5.8193665,80.25,13.0
2025-03-09 23:00:00,-0.004638672,-5.752121,80.25,13.0
2025-03-10 00:00:00,0.37097168,-5.632019,80.25,13.0
2025-03-10 01:00:00,0.53167725,-5.4405975,80.25,13.0
2025-03-10 02:00:00,0.55036926,-5.0840607,80.25,13.0
2025-03-10 03:00:00,0.72883606,-4.544632,80.25,13.0
2025-03-10 04:00:00,0.89901733,-4.171768,80.25,13.0
2025-03-10 05:00:00,1.0135803,-3.984024,80.25,13.0
2025-03-10 06:00:00,1.0953064,-3.89151,80.25,13.0
2025-03-10 07:00:00,0.7822418,-4.0226746,80.25,13.0
2025-03-10 08:00:00,0.43141174,-4.0598297,80.25,13.0
2025-03-10 09:00:00,0.09977722,-4.1202087,80.25,13.0
2025-03-10 10:00:00,-0.18301392,-4.5903473,80.25,13.0
2025-03-10 11:00:00,-0.47288513,-4.0218964,80.25,13.0
2025-03-10 12:00:00,-0.66960144,-4.0531006,80.25,13.0
2025-03-10 13:00:00,-0.87809753,-4.315613,80.25,13.0
2025-03-10 14:00:00,-1.1252289,-4.3029175,80.25,13.0
2025-03-10 15:00:00,-0.9686737,-4.0040283,80.25,13.0
2025-03-10 16:00:00,-0.48477173,-3.7619476,80.25,13.0
2025-03-10 17:00:00,0.007827759,-3.8726196,80.25,13.0
2025-03-10 18:00:00,0.35118103,-4.2175903,80.25,13.0
2025-03-10 19:00:00,0.73443604,-4.2905273,80.25,13.0
2025-03-10 20:00:00,1.2615662,-4.1501007,80.25,13.0
2025-03-10 21:00:00,1.8791046,-4.2467194,80.25,13.0
2025-03-10 22:00:00,2.502594,-4.927719,80.25,13.0
2025-03-10 23:00:00,2.6926575,-5.3638763,80.25,13.0
2025-03-11 00:00:00,2.9102783,-5.523224,80.25,13.0
2025-03-11 01:00:00,3.014267,-5.488327,80.25,13.0
2025-03-11 02:00:00,3.1271057,-5.3343964,80.25,13.0
2025-03-11 03:00:00,3.266739,-5.084503,80.25,13.0
2025-03-11 04:00:00,3.6251068,-4.796829,80.25,13.0
2025-03-11 05:00:00,4.339493,-4.776703,80.25,13.0
2025-03-11 06:00:00,4.7259674,-5.199692,80.25,13.0
2025-03-11 07:00:00,4.6949615,-5.363022,80.25,13.0
2025-03-11 08:00:00,4.4637604,-5.286255,80.25,13.0
2025-03-11 09:00:00,4.4259033,-5.214676,80.25,13.0
2025-03-11 10:00:00,4.024002,-4.9979706,80.25,13.0
2025-03-11 11:00:00,4.018326,-4.6173553,80.25,13.0
2025-03-11 12:00:00,4.2213135,-4.5270386,80.25,13.0
2025-03-11 13:00:00,4.251236,-4.389267,80.25,13.0
2025-03-11 14:00:00,3.975006,-4.0399017,80.25,13.0
2025-03-11 15:00:00,3.8973083,-3.5326233,80.25,13.0
2025-03-11 16:00:00,3.7917633,-3.0122375,80.25,13.0
2025-03-11 17:00:00,3.9698792,-2.5193024,80.25,13.0
2025-03-11 18:00:00,4.5813904,-2.173462,80.25,13.0
2025-03-11 19:00:00,5.266861,-1.833847,80.25,13.0
2025-03-11 20:00:00,5.852188,-1.7537689,80.25,13.0
2025-03-11 21:00:00,6.3038025,-1.9270477,80.25,13.0
2025-03-11 22:00:00,5.8349,-2.7279968,80.25,13.0
2025-03-11 23:00:00,5.786621,-3.6242065,80.25,13.0
2025-03-12 00:00:00,5.189026,-4.805649,80.25,13.0
2025-03-12 01:00:00,4.068985,-6.2095184,80.25,13.0
2025-03-12 02:00:00,3.0059052,-7.6499176,80.25,13.0
2025-03-12 03:00:00,2.2797546,-8.277786,80.25,13.0
2025-03-12 04:00:00,1.9551697,-8.374863,80.25,13.0
2025-03-12 05:00:00,1.3986511,-8.672302,80.25,13.0
2025-03-12 06:00:00,0.8409271,-9.096497,80.25,13.0
2025-03-12 07:00:00,0.25785828,-9.679413,80.25,13.0
2025-03-12 08:00:00,-0.05683899,-10.102661,80.25,13.0
2025-03-12 09:00:00,-0.23269653,-10.53064,80.25,13.0
2025-03-12 10:00:00,0.0922699,-9.666199,80.25,13.0
2025-03-12 11:00:00,-0.1352539,-10.7230835,80.25,13.0
2025-03-12 12:00:00,-0.8313751,-10.949097,80.25,13.0
2025-03-12 13:00:00,-1.211853,-11.012756,80.25,13.0
2025-03-12 14:00:00,-1.2311401,-10.814774,80.25,13.0
2025-03-12 15:00:00,-1.1635437,-10.83902,80.25,13.0
2025-03-12 16:00:00,-0.7374878,-10.775864,80.25,13.0
2025-03-12 17:00:00,-0.18515015,-11.117249,80.25,13.0
2025-03-12 18:00:00,0.42344666,-11.443924,80.25,13.0
2025-03-12 19:00:00,0.884552,-11.937347,80.25,13.0
2025-03-12 20:00:00,1.1477356,-12.190323,80.25,13.0
2025-03-12 21:00:00,1.330719,-12.423798,80.25,13.0
2025-03-12 22:00:00,1.4801178,-11.526627,80.25,13.0
2025-03-12 23:00:00,1.1260223,-12.791092,80.25,13.0
2025-03-13 00:00:00,1.3383484,-12.504074,80.25,13.0
2025-03-13 01:00:00,1.7127075,-12.36232,80.25,13.0
2025-03-13 02:00:00,2.1328125,-12.428955,80.25,13.0
2025-03-13 03:00:00,2.303955,-12.349152,80.25,13.0
2025-03-13 04:00:00,2.4207,-12.398087,80.25,13.0
2025-03-13 05:00:00,2.4065094,-12.310364,80.25,13.0
2025-03-13 06:00:00,2.4003906,-12.289871,80.25,13.0
2025-03-13 07:00:00,2.5231323,-12.133102,80.25,13.0
2025-03-13 08:00:00,2.6914215,-11.548294,80.25,13.0
2025-03-13 09:00:00,2.7235413,-11.338577,80.25,13.0
2025-03-13 10:00:00,1.9410706,-9.5082245,80.25,13.0
2025-03-13 11:00:00,2.2720184,-9.378906,80.25,13.0
2025-03-13 12:00:00,2.6472015,-9.300247,80.25,13.0
2025-03-13 13:00:00,3.0078278,-9.248566,80.25,13.0
2025-03-13 14:00:00,3.0852356,-9.066727,80.25,13.0
2025-03-13 15:00:00,3.0451508,-8.718811,80.25,13.0
2025-03-13 16:00:00,2.8144226,-8.1405945,80.25,13.0
2025-03-13 17:00:00,2.6115265,-7.222183,80.25,13.0
2025-03-13 18:00:00,2.6466064,-6.2292633,80.25,13.0
2025-03-13 19:00:00,2.8689728,-5.6828003,80.25,13.0
2025-03-13 20:00:00,3.1028748,-5.633774,80.25,13.0
2025-03-13 21:00:00,2.9203644,-6.0298767,80.25,13.0
2025-03-13 22:00:00,0.8009491,-6.6988373,80.25,13.0
2025-03-13 23:00:00,-0.52882385,-6.3451233,80.25,13.0
2025-03-14 00:00:00,-1.6018524,-6.1148224,80.25,13.0
2025-03-14 01:00:00,-2.0944366,-6.351654,80.25,13.0
2025-03-14 02:00:00,-2.3595886,-6.8248444,80.25,13.0
2025-03-14 03:00:00,-2.6493073,-7.922577,80.25,13.0
2025-03-14 04:00:00,-2.956131,-9.392853,80.25,13.0
2025-03-14 05:00:00,-3.2939758,-10.803253,80.25,13.0
2025-03-14 06:00:00,-3.423523,-10.858078,80.25,13.0
2025-03-14 07:00:00,-3.139145,-10.919846,80.25,13.0
2025-03-14 08:00:00,-2.9378662,-11.43573,80.25,13.0
2025-03-14 09:00:00,-2.5439453,-11.431824,80.25,13.0
2025-03-14 10:00:00,-2.378479,-10.34819,80.25,13.0
2025-03-14 11:00:00,-1.1828461,-10.202133,80.25,13.0
2025-03-14 12:00:00,0.11633301,-9.949371,80.25,13.0
2025-03-14 13:00:00,1.4756927,-9.8954315,80.25,13.0
2025-03-14 14:00:00,2.5259552,-9.553543,80.25,13.0
2025-03-14 15:00:00,3.2749329,-8.902649,80.25,13.0
2025-03-14 16:00:00,3.4635468,-7.824524,80.25,13.0
2025-03-14 17:00:00,3.2097473,-6.2706146,80.25,13.0
2025-03-14 18:00:00,2.1086426,-4.419632,80.25,13.0
2025-03-14 19:00:00,0.6636505,-2.838562,80.25,13.0
2025-03-14 20:00:00,-0.50756836,-1.6821289,80.25,13.0
2025-03-14 21:00:00,-0.6515503,-1.1497192,80.25,13.0
2025-03-14 22:00:00,-0.30822754,1.2961731,80.25,13.0
2025-03-14 23:00:00,0.9155121,0.9706726,80.25,13.0
2025-03-15 00:00:00,1.5993652,-0.40748596,80.25,13.0
2025-03-15 01:00:00,1.3842621,-1.6672211,80.25,13.0
2025-03-15 02:00:00,-0.1706543,-3.1172485,80.25,13.0
2025-03-15 03:00:00,-2.5391388,-4.7151947,80.25,13.0
2025-03-15 04:00:00,-4.5714417,-7.2186127,80.25,13.0
2025-03-15 05:00:00,-6.1147766,-9.52684,80.25,13.0
2025-03-15 06:00:00,-6.050812,-10.639496,80.25,13.0
2025-03-15 07:00:00,-5.367569,-10.530319,80.25,13.0
2025-03-15 08:00:00,-5.2246246,-10.50795,80.25,13.0
2025-03-15 09:00:00,-4.685486,-10.633118,80.25,13.0
2025-03-15 10:00:00,-5.250473,-9.868301,80.25,13.0
2025-03-15 11:00:00,-4.3459015,-10.449097,80.25,13.0
2025-03-15 12:00:00,-4.4604645,-10.624023,80.25,13.0
2025-03-15 13:00:00,-4.312744,-10.652374,80.25,13.0
2025-03-15 14:00:00,-4.0144196,-10.474213,80.25,13.0
2025-03-15 15:00:00,-3.5167694,-10.344131,80.25,13.0
2025-03-15 16:00:00,-2.847168,-10.086853,80.25,13.0
2025-03-15 17:00:00,-2.1316376,-10.124298,80.25,13.0
2025-03-15 18:00:00,-1.7108307,-10.235062,80.25,13.0
2025-03-15 19:00:00,-1.3739624,-10.2308655,80.25,13.0
2025-03-15 20:00:00,-1.0128479,-10.364029,80.25,13.0
2025-03-15 21:00:00,-1.0398865,-10.291931,80.25,13.0
2025-03-15 22:00:00,-1.2278137,-10.226944,80.25,13.0
2025-03-15 23:00:00,-0.8164673,-9.954056,80.25,13.0
2025-03-16 00:00:00,-0.108673096,-9.852936,80.25,13.0
2025-03-16 01:00:00,0.6307373,-9.641434,80.25,13.0
2025-03-16 02:00:00,1.4675446,-9.471344,80.25,13.0
2025-03-16 03:00:00,2.3551178,-9.19548,80.25,13.0
2025-03-16 04:00:00,3.3656921,-9.05127,80.25,13.0
2025-03-16 05:00:00,3.9633484,-9.169464,80.25,13.0
2025-03-16 06:00:00,4.0402985,-9.373535,80.25,13.0
2025-03-16 07:00:00,3.760666,-9.458328,80.25,13.0
2025-03-16 08:00:00,3.401825,-9.347305,80.25,13.0
2025-03-16 09:00:00,3.1720428,-9.229218,80.25,13.0
2025-03-16 10:00:00,2.9257202,-8.384079,80.25,13.0
2025-03-16 11:00:00,2.8537598,-8.664459,80.25,13.0
2025-03-16 12:00:00,2.2663727,-8.856277,80.25,13.0
2025-03-16 13:00:00,1.8887482,-8.903015,80.25,13.0
2025-03-16 14:00:00,1.8639221,-8.931839,80.25,13.0
2025-03-16 15:00:00,2.10083,-9.016327,80.25,13.0
2025-03-16 16:00:00,2.453888,-9.004456,80.25,13.0
2025-03-16 17:00:00,2.7329865,-9.1697235,80.25,13.0
2025-03-16 18:00:00,2.6632538,-9.260345,80.25,13.0
2025-03-16 19:00:00,2.456604,-9.20401,80.25,13.0
2025-03-16 20:00:00,2.2989502,-9.025558,80.25,13.0
2025-03-16 21:00:00,2.1941528,-8.948364,80.25,13.0
2025-03-16 22:00:00,2.5804138,-9.387024,80.25,13.0
2025-03-16 23:00:00,2.6151428,-8.898712,80.25,13.0
2025-03-17 00:00:00,2.973053,-8.556519,80.25,13.0
2025-03-17 01:00:00,3.154831,-8.402679,80.25,13.0
2025-03-17 02:00:00,3.3007812,-8.349045,80.25,13.0
2025-03-17 03:00:00,3.404129,-8.272049,80.25,13.0
2025-03-17 04:00:00,3.4935303,-8.256439,80.25,13.0
2025-03-17 05:00:00,3.4028778,-8.398727,80.25,13.0
2025-03-17 06:00:00,3.1936035,-8.378723,80.25,13.0
2025-03-17 07:00:00,2.8415985,-8.346542,80.25,13.0
2025-03-17 08:00:00,2.69458,-8.18367,80.25,13.0
2025-03-17 09:00:00,2.9611359,-7.9789124,80.25,13.0
2025-03-17 10:00:00,3.5750122,-7.6156616,80.25,13.0
2025-03-17 11:00:00,3.6365814,-7.631668,80.25,13.0
2025-03-17 12:00:00,3.5538635,-8.0173645,80.25,13.0
2025-03-17 13:00:00,3.5741425,-8.236496,80.25,13.0
2025-03-17 14:00:00,3.721634,-8.290604,80.25,13.0
2025-03-17 15:00:00,3.7641144,-8.280273,80.25,13.0
2025-03-17 16:00:00,3.6171875,-8.422699,80.25,13.0
2025-03-17 17:00:00,3.4651947,-8.630707,80.25,13.0
2025-03-17 18:00:00,3.3587646,-8.962097,80.25,13.0
2025-03-17 19:00:00,3.1652527,-8.951126,80.25,13.0
2025-03-17 20:00:00,3.3937988,-8.819916,80.25,13.0
2025-03-17 21:00:00,3.6409454,-8.876633,80.25,13.0
2025-03-17 22:00:00,4.052124,-9.453796,80.25,13.0
2025-03-17 23:00:00,4.1915436,-9.483749,80.25,13.0
2025-03-18 00:00:00,4.2363586,-9.390732,80.25,13.0
2025-03-18 01:00:00,4.4236298,-9.300079,80.25,13.0
2025-03-18 02:00:00,4.7109375,-9.346848,80.25,13.0
2025-03-18 03:00:00,4.9397125,-9.4743805,80.25,13.0
2025-03-18 04:00:00,4.9699554,-9.648315,80.25,13.0
2025-03-18 05:00:00,4.64917,-9.977295,80.25,13.0
2025-03-18 06:00:00,4.3297577,-10.164993,80.25,13.0
2025-03-18 07:00:00,4.153366,-10.337418,80.25,13.0
2025-03-18 08:00:00,4.080841,-10.663757,80.25,13.0
2025-03-18 09:00:00,4.025055,-10.964111,80.25,13.0
2025-03-18 10:00:00,2.8859863,-10.162628,80.25,13.0
2025-03-18 11:00:00,3.4500885,-10.727005,80.25,13.0
2025-03-18 12:00:00,3.4326935,-11.060837,80.25,13.0
2025-03-18 13:00:00,3.3392181,-11.081116,80.25,13.0
2025-03-18 14:00:00,3.285614,-11.025436,80.25,13.0
2025-03-18 15:00:00,3.4203339,-10.825836,80.25,13.0
2025-03-18 16:00:00,3.4461212,-10.831116,80.25,13.0
2025-03-18 17:00:00,3.211197,-10.849121,80.25,13.0
2025-03-18 18:00:00,3.03833,-10.724869,80.25,13.0
2025-03-18 19:00:00,2.9954987,-10.614426,80.25,13.0
2025-03-18 20:00:00,3.110321,-10.51712,80.25,13.0
2025-03-18 21:00:00,3.0606384,-10.545746,80.25,13.0
2025-03-18 22:00:00,1.5577087,-10.2165985,80.25,13.0
2025-03-18 23:00:00,2.0238342,-9.922424,80.25,13.0
2025-03-19 00:00:00,2.4747772,-9.802551,80.25,13.0
2025-03-19 01:00:00,2.9597626,-9.901566,80.25,13.0
2025-03-19 02:00:00,3.3462372,-9.948776,80.25,13.0
2025-03-19 03:00:00,3.60083,-10.009247,80.25,13.0
2025-03-19 04:00:00,3.8912354,-9.997421,80.25,13.0
2025-03-19 05:00:00,4.074707,-9.991486,80.25,13.0
2025-03-19 06:00:00,4.1456757,-9.927887,80.25,13.0
2025-03-19 07:00:00,4.2400513,-9.663773,80.25,13.0
2025-03-19 08:00:00,4.4504547,-9.521027,80.25,13.0
2025-03-19 09:00:00,4.4963684,-9.556976,80.25,13.0
2025-03-19 10:00:00,4.279373,-8.72493,80.25,13.0
2025-03-19 11:00:00,4.2339325,-9.433884,80.25,13.0
2025-03-19 12:00:00,3.78331,-9.399597,80.25,13.0
2025-03-19 13:00:00,3.5967255,-9.153656,80.25,13.0
2025-03-19 14:00:00,3.541504,-9.081863,80.25,13.0
2025-03-19 15:00:00,3.5546875,-9.171371,80.25,13.0
2025-03-19 16:00:00,3.558258,-9.245163,80.25,13.0
2025-03-19 17:00:00,3.7526245,-9.226242,80.25,13.0
2025-03-19 18:00:00,3.9150696,-9.260757,80.25,13.0
2025-03-19 19:00:00,3.9595032,-9.410965,80.25,13.0
2025-03-19 20:00:00,4.015564,-9.432434,80.25,13.0
2025-03-19 21:00:00,4.060272,-9.4049225,80.25,13.0
2025-03-19 22:00:00,3.283142,-9.665665,80.25,13.0
2025-03-19 23:00:00,3.6107025,-9.558914,80.25,13.0
2025-03-20 00:00:00,4.142441,-8.954819,80.25,13.0
2025-03-20 01:00:00,5.3513336,-8.421982,80.25,13.0
2025-03-20 02:00:00,6.6304016,-8.411011,80.25,13.0
2025-03-20 03:00:00,7.4749756,-8.583679,80.25,13.0
2025-03-20 04:00:00,8.026428,-8.689758,80.25,13.0
2025-03-20 05:00:00,8.67807,-8.484467,80.25,13.0
2025-03-20 06:00:00,9.638397,-8.105087,80.25,13.0
2025-03-20 07:00:00,10.148209,-8.17865,80.25,13.0
2025-03-20 08:00:00,10.242996,-8.5905,80.25,13.0
2025-03-20 09:00:00,10.109283,-8.859787,80.25,13.0
2025-03-20 10:00:00,9.489731,-7.623657,80.25,13.0
2025-03-20 11:00:00,10.340225,-7.470398,80.25,13.0
2025-03-20 12:00:00,10.911545,-7.8972473,80.25,13.0
2025-03-20 13:00:00,11.082809,-8.46347,80.25,13.0
2025-03-20 14:00:00,10.75058,-9.084824,80.25,13.0
2025-03-20 15:00:00,10.34787,-9.238861,80.25,13.0
2025-03-20 16:00:00,10.130783,-9.284103,80.25,13.0
2025-03-20 17:00:00,9.968384,-9.165253,80.25,13.0
2025-03-20 18:00:00,9.806534,-9.059525,80.25,13.0
2025-03-20 19:00:00,9.504501,-9.016861,80.25,13.0
2025-03-20 20:00:00,9.327362,-8.756454,80.25,13.0
2025-03-20 21:00:00,9.305679,-8.510254,80.25,13.0
2025-03-20 22:00:00,8.817398,-9.015884,80.25,13.0
2025-03-20 23:00:00,8.523071,-8.562088,80.25,13.0
2025-03-21 00:00:00,8.474731,-8.059738,80.25,13.0
2025-03-21 01:00:00,8.568985,-7.914032,80.25,13.0
2025-03-21 02:00:00,8.292053,-8.012405,80.25,13.0
2025-03-21 03:00:00,7.9559937,-8.084091,80.25,13.0
2025-03-21 04:00:00,7.6562653,-7.992157,80.25,13.0
2025-03-21 05:00:00,7.462311,-7.9033356,80.25,13.0
2025-03-21 06:00:00,7.2759094,-7.987976,80.25,13.0
2025-03-21 07:00:00,6.9142456,-8.238647,80.25,13.0
2025-03-21 08:00:00,6.333908,-8.318802,80.25,13.0
2025-03-21 09:00:00,5.9594574,-8.170578,80.25,13.0
2025-03-21 10:00:00,6.166977,-7.528122,80.25,13.0
2025-03-21 11:00:00,5.784256,-7.8049164,80.25,13.0
2025-03-21 12:00:00,5.3107758,-8.020248,80.25,13.0
2025-03-21 13:00:00,4.6892242,-8.121338,80.25,13.0
2025-03-21 14:00:00,3.706665,-8.175095,80.25,13.0
2025-03-21 15:00:00,2.8042755,-7.678116,80.25,13.0
2025-03-21 16:00:00,2.1730042,-6.966385,80.25,13.0
2025-03-21 17:00:00,1.602951,-6.361969,80.25,13.0
2025-03-21 18:00:00,1.0625458,-5.6215057,80.25,13.0
2025-03-21 19:00:00,0.65782166,-4.9436035,80.25,13.0
2025-03-21 20:00:00,0.6807709,-4.112671,80.25,13.0
2025-03-21 21:00:00,0.43974304,-4.1352386,80.25,13.0
2025-03-21 22:00:00,0.01687622,-5.4957123,80.25,13.0
2025-03-21 23:00:00,-1.0680542,-5.3812714,80.25,13.0
2025-03-22 00:00:00,-1.7554016,-4.9162292,80.25,13.0
2025-03-22 01:00:00,-2.2375488,-4.6300354,80.25,13.0
2025-03-22 02:00:00,-2.7882233,-4.484421,80.25,13.0
2025-03-22 03:00:00,-3.4432373,-4.092621,80.25,13.0
2025-03-22 04:00:00,-4.067108,-3.5702667,80.25,13.0
2025-03-22 05:00:00,-4.675354,-2.927185,80.25,13.0
2025-03-22 06:00:00,-5.2220154,-2.3216705,80.25,13.0
2025-03-22 07:00:00,-5.6744385,-1.7780457,80.25,13.0
2025-03-22 08:00:00,-5.945053,-1.2174835,80.25,13.0
2025-03-22 09:00:00,-6.2325897,-0.891098,80.25,13.0
2025-03-22 10:00:00,-7.2316437,0.08578491,80.25,13.0
2025-03-22 11:00:00,-7.8654785,0.75827026,80.25,13.0
2025-03-22 12:00:00,-8.024399,1.0514679,80.25,13.0
2025-03-22 13:00:00,-8.522476,1.3087616,80.25,13.0
2025-03-22 14:00:00,-9.54834,1.407196,80.25,13.0
2025-03-22 15:00:00,-10.547241,1.7504578,80.25,13.0
2025-03-22 16:00:00,-11.354172,2.5785828,80.25,13.0
2025-03-22 17:00:00,-11.954575,3.7683868,80.25,13.0
2025-03-22 18:00:00,-12.466049,4.3175507,80.25,13.0
2025-03-22 19:00:00,-13.5225525,3.9283752,80.25,13.0
2025-03-22 20:00:00,-14.184143,4.233734,80.25,13.0
2025-03-22 21:00:00,-14.946762,4.3160553,80.25,13.0
2025-03-22 22:00:00,-15.549774,4.211014,80.25,13.0
2025-03-22 23:00:00,-16.275406,3.9562683,80.25,13.0
2025-03-23 00:00:00,-16.809341,4.4710846,80.25,13.0
2025-03-23 01:00:00,-16.74472,4.4811554,80.25,13.0
2025-03-23 02:00:00,-17.318253,3.9605865,80.25,13.0
2025-03-23 03:00:00,-17.485275,4.1256714,80.25,13.0
2025-03-23 04:00:00,-17.14952,4.389923,80.25,13.0
2025-03-23 05:00:00,-16.619385,4.654663,80.25,13.0
2025-03-23 06:00:00,-16.32515,4.4013977,80.25,13.0
2025-03-23 07:00:00,-15.867294,3.9694214,80.25,13.0
2025-03-23 08:00:00,-15.447403,3.060089,80.25,13.0
2025-03-23 09:00:00,-15.092331,2.058258,80.25,13.0
2025-03-23 10:00:00,-14.209854,1.9071198,80.25,13.0
2025-03-23 11:00:00,-12.302628,1.116806,80.25,13.0
2025-03-23 12:00:00,-10.584503,0.29615784,80.25,13.0
2025-03-23 13:00:00,-8.51886,-0.13583374,80.25,13.0
2025-03-23 14:00:00,-5.444702,0.005584717,80.25,13.0
2025-03-23 15:00:00,-1.5106812,0.37478638,80.25,13.0
2025-03-23 16:00:00,1.5633392,0.61502075,80.25,13.0
2025-03-23 17:00:00,3.0546112,0.95651245,80.25,13.0
2025-03-23 18:00:00,3.738678,1.7792969,80.25,13.0
2025-03-23 19:00:00,4.0864563,2.932022,80.25,13.0
2025-03-23 20:00:00,4.493332,3.7243805,80.25,13.0
2025-03-23 21:00:00,4.973877,3.955017,80.25,13.0
2025-03-23 22:00:00,5.408661,0.7599182,80.25,13.0
2025-03-23 23:00:00,4.5256653,0.5951233,80.25,13.0
2025-03-24 00:00:00,4.3535767,1.0972443,80.25,13.0
2025-03-24 01:00:00,4.2626495,1.5534515,80.25,13.0
2025-03-24 02:00:00,3.9090424,1.4633179,80.25,13.0
2025-03-24 03:00:00,3.2965088,1.4142303,80.25,13.0
2025-03-24 04:00:00,2.690155,1.5303802,80.25,13.0
2025-03-24 05:00:00,2.0695038,1.5746155,80.25,13.0
2025-03-24 06:00:00,1.7691345,1.2838898,80.25,13.0
2025-03-24 07:00:00,1.5479584,0.7138672,80.25,13.0
2025-03-24 08:00:00,1.6468353,-0.18843079,80.25,13.0
2025-03-24 09:00:00,1.900589,-1.1475067,80.25,13.0
2025-03-24 10:00:00,2.458847,-2.8932953,80.25,13.0
2025-03-24 11:00:00,3.473404,-3.602295,80.25,13.0
2025-03-24 12:00:00,3.8278503,-4.2843323,80.25,13.0
2025-03-24 13:00:00,3.2330017,-4.497223,80.25,13.0
2025-03-24 14:00:00,2.2961426,-4.3641357,80.25,13.0
2025-03-24 15:00:00,1.3512726,-4.304245,80.25,13.0
2025-03-24 16:00:00,0.8953247,-4.333786,80.25,13.0
2025-03-24 17:00:00,0.7234192,-4.5913086,80.25,13.0
2025-03-24 18:00:00,0.66838074,-4.581436,80.25,13.0
2025-03-24 19:00:00,0.7322693,-4.002121,80.25,13.0
2025-03-24 20:00:00,1.1745758,-2.7409363,80.25,13.0
2025-03-24 21:00:00,1.5986633,-0.6898804,80.25,13.0
2025-03-24 22:00:00,2.9638672,-0.52186584,80.25,13.0
2025-03-24 23:00:00,2.815979,0.84643555,80.25,13.0
2025-03-25 00:00:00,2.6262665,2.6997375,80.25,13.0
2025-03-25 01:00:00,2.7031555,3.597519,80.25,13.0
2025-03-25 02:00:00,2.4971924,3.7678375,80.25,13.0
2025-03-25 03:00:00,1.9900818,3.6799774,80.25,13.0
2025-03-25 04:00:00,1.5556183,3.585785,80.25,13.0
2025-03-25 05:00:00,1.1577759,3.3277283,80.25,13.0
2025-03-25 06:00:00,1.049118,2.6478882,80.25,13.0
2025-03-25 07:00:00,0.676178,1.7815552,80.25,13.0
2025-03-25 08:00:00,-0.083847046,1.1508636,80.25,13.0
2025-03-25 09:00:00,-0.85723877,1.1142273,80.25,13.0
2025-03-25 10:00:00,-1.3994293,2.5009613,80.25,13.0
2025-03-25 11:00:00,-0.91722107,1.8063354,80.25,13.0
2025-03-25 12:00:00,-1.3671112,1.1094666,80.25,13.0
2025-03-25 13:00:00,-1.9259949,0.34735107,80.25,13.0
2025-03-25 14:00:00,-3.253128,-0.33654785,80.25,13.0
2025-03-25 15:00:00,-4.8040466,-0.3977356,80.25,13.0
2025-03-25 16:00:00,-5.6755524,-0.29180908,80.25,13.0
2025-03-25 17:00:00,-5.5060883,-0.47164917,80.25,13.0
2025-03-25 18:00:00,-4.9895782,-0.91856384,80.25,13.0
2025-03-25 19:00:00,-4.83197,-1.5450287,80.25,13.0
2025-03-25 20:00:00,-4.4361877,-2.4355316,80.25,13.0
2025-03-25 21:00:00,-3.893814,-3.6529846,80.25,13.0
2025-03-25 22:00:00,-2.6655426,-3.292923,80.25,13.0
2025-03-25 23:00:00,-2.027588,-4.727249,80.25,13.0
2025-03-26 00:00:00,-1.5047302,-5.7319183,80.25,13.0
2025-03-26 01:00:00,-1.2195587,-6.296051,80.25,13.0
2025-03-26 02:00:00,-2.463684,-6.4277496,80.25,13.0
2025-03-26 03:00:00,-4.562851,-6.3049164,80.25,13.0
2025-03-26 04:00:00,-6.2359467,-6.3311615,80.25,13.0
2025-03-26 05:00:00,-6.5157623,-6.746338,80.25,13.0
2025-03-26 06:00:00,-6.054764,-7.5715027,80.25,13.0
2025-03-26 07:00:00,-6.102112,-8.132721,80.25,13.0
2025-03-26 08:00:00,-5.8957214,-8.518875,80.25,13.0
2025-03-26 09:00:00,-5.6373444,-8.617035,80.25,13.0
2025-03-26 10:00:00,-5.6372986,-9.11026,80.25,13.0
2025-03-26 11:00:00,-5.042862,-9.73407,80.25,13.0
2025-03-26 12:00:00,-4.7571564,-9.902664,80.25,13.0
2025-03-26 13:00:00,-4.502777,-9.652756,80.25,13.0
2025-03-26 14:00:00,-4.2413635,-9.470428,80.25,13.0
2025-03-26 15:00:00,-3.993988,-9.440903,80.25,13.0
2025-03-26 16:00:00,-3.7981567,-9.307617,80.25,13.0
2025-03-26 17:00:00,-3.3676758,-9.011551,80.25,13.0
2025-03-26 18:00:00,-2.950653,-8.789215,80.25,13.0
2025-03-26 19:00:00,-2.6635132,-8.827744,80.25,13.0
2025-03-26 20:00:00,-2.59346,-8.850647,80.25,13.0
2025-03-26 21:00:00,-2.6403198,-8.632751,80.25,13.0
2025-03-26 22:00:00,-1.2859497,-7.9144745,80.25,13.0
2025-03-26 23:00:00,-1.0005188,-7.6827087,80.25,13.0
2025-03-27 00:00:00,-1.1737671,-7.4434357,80.25,13.0
2025-03-27 01:00:00,-1.6962433,-7.0707245,80.25,13.0
2025-03-27 02:00:00,-2.5006714,-6.675995,80.25,13.0
2025-03-27 03:00:00,-3.3142853,-6.0626526,80.25,13.0
2025-03-27 04:00:00,-3.960434,-5.705124,80.25,13.0
2025-03-27 05:00:00,-4.3558807,-5.4067535,80.25,13.0
2025-03-27 06:00:00,-4.4725647,-5.657669,80.25,13.0
2025-03-27 07:00:00,-4.597061,-6.1660767,80.25,13.0
2025-03-27 08:00:00,-4.426117,-7.0557556,80.25,13.0
2025-03-27 09:00:00,-4.224106,-7.5833435,80.25,13.0
2025-03-27 10:00:00,-3.2071838,-8.0112,80.25,13.0
2025-03-27 11:00:00,-3.454422,-7.7406616,80.25,13.0
2025-03-27 12:00:00,-4.015625,-7.21344,80.25,13.0
2025-03-27 13:00:00,-4.764923,-6.601944,80.25,13.0
2025-03-27 14:00:00,-5.5830383,-6.1220245,80.25,13.0
2025-03-27 15:00:00,-6.0967407,-5.8006897,80.25,13.0
2025-03-27 16:00:00,-6.3700714,-5.751831,80.25,13.0
2025-03-27 17:00:00,-6.449234,-5.770279,80.25,13.0
2025-03-27 18:00:00,-6.590988,-5.7989044,80.25,13.0
2025-03-27 19:00:00,-6.6759644,-5.775833,80.25,13.0
2025-03-27 20:00:00,-6.4181213,-5.977295,80.25,13.0
2025-03-27 21:00:00,-6.2358856,-6.3978577,80.25,13.0
2025-03-27 22:00:00,-5.4904785,-7.089859,80.25,13.0
2025-03-27 23:00:00,-5.4019165,-7.381775,80.25,13.0
2025-03-28 00:00:00,-5.449951,-7.6871643,80.25,13.0
2025-03-28 01:00:00,-5.6451416,-7.9596405,80.25,13.0
2025-03-28 02:00:00,-6.0131836,-8.082642,80.25,13.0
2025-03-28 03:00:00,-6.278885,-7.9887543,80.25,13.0
2025-03-28 04:00:00,-6.4051056,-7.9045715,80.25,13.0
2025-03-28 05:00:00,-6.41803,-7.8400726,80.25,13.0
2025-03-28 06:00:00,-6.2931824,-7.824585,80.25,13.0
2025-03-28 07:00:00,-6.176117,-7.852066,80.25,13.0
2025-03-28 08:00:00,-5.873474,-7.996216,80.25,13.0
2025-03-28 09:00:00,-5.5960083,-8.33577,80.25,13.0
2025-03-28 10:00:00,-5.069565,-8.050171,80.25,13.0
2025-03-28 11:00:00,-4.769989,-8.852066,80.25,13.0
2025-03-28 12:00:00,-4.752411,-9.192673,80.25,13.0
2025-03-28 13:00:00,-4.744995,-9.188736,80.25,13.0
2025-03-28 14:00:00,-4.671234,-9.167191,80.25,13.0
2025-03-28 15:00:00,-4.609421,-9.131958,80.25,13.0
2025-03-28 16:00:00,-4.3972473,-9.059067,80.25,13.0
2025-03-28 17:00:00,-4.031601,-8.97818,80.25,13.0
2025-03-28 18:00:00,-3.5703888,-9.01474,80.25,13.0
2025-03-28 19:00:00,-3.1943665,-9.072357,80.25,13.0
2025-03-28 20:00:00,-2.8854675,-9.198639,80.25,13.0
2025-03-28 21:00:00,-2.7216187,-9.32753,80.25,13.0
2025-03-28 22:00:00,-2.5223541,-9.61969,80.25,13.0
2025-03-28 23:00:00,-2.478531,-9.277161,80.25,13.0
2025-03-29 00:00:00,-2.5114899,-8.924011,80.25,13.0
2025-03-29 01:00:00,-2.63385,-8.637344,80.25,13.0
2025-03-29 02:00:00,-2.7453918,-8.382782,80.25,13.0
2025-03-29 03:00:00,-2.7698212,-8.087616,80.25,13.0
2025-03-29 04:00:00,-2.6587982,-7.839386,80.25,13.0
2025-03-29 05:00:00,-2.4762878,-7.675583,80.25,13.0
2025-03-29 06:00:00,-2.0895386,-7.697113,80.25,13.0
2025-03-29 07:00:00,-1.77742,-7.9168854,80.25,13.0
2025-03-29 08:00:00,-1.6495361,-8.264877,80.25,13.0
2025-03-29 09:00:00,-1.9278564,-8.355301,80.25,13.0
2025-03-29 10:00:00,-3.008438,-8.052002,80.25,13.0
2025-03-29 11:00:00,-3.1266327,-8.167404,80.25,13.0
2025-03-29 12:00:00,-3.3890533,-8.066132,80.25,13.0
2025-03-29 13:00:00,-3.4487305,-7.793747,80.25,13.0
2025-03-29 14:00:00,-3.3934174,-7.6100464,80.25,13.0
2025-03-29 15:00:00,-3.3787384,-7.646759,80.25,13.0
2025-03-29 16:00:00,-3.3844452,-7.8243256,80.25,13.0
2025-03-29 17:00:00,-3.370926,-7.8405457,80.25,13.0
2025-03-29 18:00:00,-3.1486511,-7.7942963,80.25,13.0
2025-03-29 19:00:00,-2.9834595,-7.820862,80.25,13.0
2025-03-29 20:00:00,-2.8191223,-7.743408,80.25,13.0
2025-03-29 21:00:00,-2.813385,-7.685837,80.25,13.0
2025-03-29 22:00:00,-2.8195648,-7.89505,80.25,13.0
2025-03-29 23:00:00,-2.8867645,-7.5305634,80.25,13.0
2025-03-30 00:00:00,-2.8340454,-7.203644,80.25,13.0
2025-03-30 01:00:00,-2.6865082,-7.0169525,80.25,13.0
2025-03-30 02:00:00,-2.5990906,-6.857437,80.25,13.0
2025-03-30 03:00:00,-2.5695953,-6.7197876,80.25,13.0
2025-03-30 04:00:00,-2.5379791,-6.7049255,80.25,13.0
2025-03-30 05:00:00,-2.426422,-6.574005,80.25,13.0
2025-03-30 06:00:00,-2.388153,-6.5198975,80.25,13.0
2025-03-30 07:00:00,-2.3361511,-6.3970184,80.25,13.0
2025-03-30 08:00:00,-2.2150116,-6.1887665,80.25,13.0
2025-03-30 09:00:00,-2.0848694,-6.1134796,80.25,13.0
2025-03-30 10:00:00,-2.0477905,-6.676483,80.25,13.0
2025-03-30 11:00:00,-2.4892426,-6.742996,80.25,13.0
2025-03-30 12:00:00,-2.8628387,-6.232132,80.25,13.0
2025-03-30 13:00:00,-2.90625,-5.7291718,80.25,13.0
2025-03-30 14:00:00,-2.8807373,-5.186615,80.25,13.0
2025-03-30 15:00:00,-2.92984,-4.9782867,80.25,13.0
2025-03-30 16:00:00,-3.135849,-4.88739,80.25,13.0
2025-03-30 17:00:00,-3.2566528,-4.759674,80.25,13.0
2025-03-30 18:00:00,-3.5583649,-4.6503143,80.25,13.0
2025-03-30 19:00:00,-3.849289,-4.4753113,80.25,13.0
2025-03-30 20:00:00,-4.164856,-4.233551,80.25,13.0
2025-03-30 21:00:00,-4.5065765,-4.162079,80.25,13.0
2025-03-30 22:00:00,-4.716507,-4.443512,80.25,13.0
2025-03-30 23:00:00,-5.239517,-4.5659485,80.25,13.0
2025-03-31 00:00:00,-5.761505,-4.3915405,80.25,13.0
2025-03-31 01:00:00,-6.2444916,-4.222061,80.25,13.0
2025-03-31 02:00:00,-6.73967,-4.2311096,80.25,13.0
2025-03-31 03:00:00,-7.1505585,-4.050995,80.25,13.0
2025-03-31 04:00:00,-7.53743,-3.7214203,80.25,13.0
2025-03-31 05:00:00,-7.67334,-3.4828491,80.25,13.0
2025-03-31 06:00:00,-7.4782257,-3.63237,80.25,13.0
2025-03-31 07:00:00,-7.2469635,-3.9142609,80.25,13.0
2025-03-31 08:00:00,-6.980362,-4.248123,80.25,13.0
2025-03-31 09:00:00,-6.701645,-4.5457916,80.25,13.0
2025-03-31 10:00:00,-6.9636993,-5.2940826,80.25,13.0
2025-03-31 11:00:00,-7.148834,-4.5309753,80.25,13.0
2025-03-31 12:00:00,-6.7588196,-4.072983,80.25,13.0
2025-03-31 13:00:00,-6.1811523,-4.2022095,80.25,13.0
2025-03-31 14:00:00,-5.744507,-4.4856567,80.25,13.0
2025-03-31 15:00:00,-5.629486,-4.3060303,80.25,13.0
2025-03-31 16:00:00,-5.2851257,-4.0113373,80.25,13.0
2025-03-31 17:00:00,-5.041321,-3.5621948,80.25,13.0
2025-03-31 18:00:00,-4.448456,-2.7882233,80.25,13.0
2025-03-31 19:00:00,-3.3104858,-2.151291,80.25,13.0
2025-03-31 20:00:00,-1.850296,-2.0427246,80.25,13.0
2025-03-31 21:00:00,-0.51789856,-2.5181122,80.25,13.0
2025-03-31 22:00:00,-1.1241455,-3.4767456,80.25,13.0
2025-03-31 23:00:00,-1.8733673,-3.04982,80.25,13.0
2025-04-01 00:00:00,-3.337906,-2.3211365,80.25,13.0
2025-04-01 01:00:00,-4.304886,-1.0482635,80.25,13.0
2025-04-01 02:00:00,-5.3051453,0.030166626,80.25,13.0
2025-04-01 03:00:00,-6.4372406,0.94914246,80.25,13.0
2025-04-01 04:00:00,-7.6585083,1.9606934,80.25,13.0
2025-04-01 05:00:00,-8.426224,2.8426971,80.25,13.0
2025-04-01 06:00:00,-8.415222,4.0909576,80.25,13.0
2025-04-01 07:00:00,-7.8044586,5.302124,80.25,13.0
2025-04-01 08:00:00,-4.9899445,7.0125732,80.25,13.0
2025-04-01 09:00:00,-0.030075073,8.009048,80.25,13.0
2025-04-01 10:00:00,4.4863434,8.760666,80.25,13.0
2025-04-01 11:00:00,6.473282,8.168655,80.25,13.0
2025-04-01 12:00:00,7.0664062,7.303894,80.25,13.0
2025-04-01 13:00:00,7.251587,6.553421,80.25,13.0
2025-04-01 14:00:00,7.7460327,6.5441895,80.25,13.0
2025-04-01 15:00:00,8.145569,5.7020874,80.25,13.0
2025-04-01 16:00:00,8.26535,4.7008057,80.25,13.0
2025-04-01 17:00:00,8.258057,3.0681763,80.25,13.0
2025-04-01 18:00:00,7.8089905,1.1488647,80.25,13.0
2025-04-01 19:00:00,7.2292175,-1.1145782,80.25,13.0
2025-04-01 20:00:00,6.367798,-3.955719,80.25,13.0
2025-04-01 21:00:00,5.0646057,-6.975342,80.25,13.0
2025-04-01 22:00:00,3.939743,-9.72522,80.25,13.0
2025-04-01 23:00:00,2.4578857,-10.732819,80.25,13.0
2025-04-02 00:00:00,1.4291992,-11.039383,80.25,13.0
2025-04-02 01:00:00,0.6252289,-11.069351,80.25,13.0
2025-04-02 02:00:00,-0.1511383,-11.159775,80.25,13.0
2025-04-02 03:00:00,-0.80081177,-11.095383,80.25,13.0
2025-04-02 04:00:00,-1.2582855,-10.998795,80.25,13.0
2025-04-02 05:00:00,-1.6860657,-10.9483185,80.25,13.0
2025-04-02 06:00:00,-2.0203094,-10.759735,80.25,13.0
2025-04-02 07:00:00,-2.1708527,-10.618576,80.25,13.0
2025-04-02 08:00:00,-2.1383667,-10.507523,80.25,13.0
2025-04-02 09:00:00,-2.0881653,-10.55809,80.25,13.0
2025-04-02 10:00:00,-2.6241455,-9.694855,80.25,13.0
2025-04-02 11:00:00,-2.1218567,-10.254486,80.25,13.0
2025-04-02 12:00:00,-1.911026,-10.389954,80.25,13.0
2025-04-02 13:00:00,-1.9349976,-10.033035,80.25,13.0
2025-04-02 14:00:00,-2.032486,-9.430206,80.25,13.0
2025-04-02 15:00:00,-1.9843445,-8.98967,80.25,13.0
2025-04-02 16:00:00,-1.6817932,-8.531708,80.25,13.0
2025-04-02 17:00:00,-1.1016388,-8.23967,80.25,13.0
2025-04-02 18:00:00,-0.48675537,-7.9264984,80.25,13.0
2025-04-02 19:00:00,-0.25334167,-7.700241,80.25,13.0
2025-04-02 20:00:00,-0.37376404,-7.5235443,80.25,13.0
2025-04-02 21:00:00,-0.5927887,-7.358185,80.25,13.0
2025-04-02 22:00:00,-0.7430725,-7.1506805,80.25,13.0
2025-04-02 23:00:00,-0.6808319,-6.749527,80.25,13.0
2025-04-03 00:00:00,-0.7563629,-6.6848907,80.25,13.0
2025-04-03 01:00:00,-0.96798706,-6.6894226,80.25,13.0
2025-04-03 02:00:00,-1.3555756,-6.786957,80.25,13.0
2025-04-03 03:00:00,-1.8947296,-6.766266,80.25,13.0
2025-04-03 04:00:00,-2.3085327,-6.4569244,80.25,13.0
2025-04-03 05:00:00,-2.493103,-5.9881287,80.25,13.0
2025-04-03 06:00:00,-2.5789948,-5.592972,80.25,13.0
2025-04-03 07:00:00,-2.547226,-5.5313873,80.25,13.0
2025-04-03 08:00:00,-2.502243,-5.458679,80.25,13.0
2025-04-03 09:00:00,-2.2754974,-5.607025,80.25,13.0
2025-04-03 10:00:00,-2.481308,-5.9220734,80.25,13.0
2025-04-03 11:00:00,-2.1756134,-5.881836,80.25,13.0
2025-04-03 12:00:00,-1.7717285,-5.955551,80.25,13.0
2025-04-03 13:00:00,-1.4983215,-5.9555206,80.25,13.0
2025-04-03 14:00:00,-1.2739105,-5.765259,80.25,13.0
2025-04-03 15:00:00,-0.89016724,-5.448242,80.25,13.0
2025-04-03 16:00:00,-0.35333252,-5.264618,80.25,13.0
2025-04-03 17:00:00,0.30532837,-5.2590027,80.25,13.0
2025-04-03 18:00:00,1.0611877,-5.284012,80.25,13.0
2025-04-03 19:00:00,1.7120056,-5.383774,80.25,13.0
2025-04-03 20:00:00,2.1620789,-5.490387,80.25,13.0
2025-04-03 21:00:00,2.3937836,-5.6812286,80.25,13.0
2025-04-03 22:00:00,3.3093414,-6.1430054,80.25,13.0
2025-04-03 23:00:00,3.5854187,-6.3600616,80.25,13.0
2025-04-04 00:00:00,3.4837494,-6.3370514,80.25,13.0
2025-04-04 01:00:00,3.3949127,-6.2115173,80.25,13.0
2025-04-04 02:00:00,3.1892242,-6.0079346,80.25,13.0
2025-04-04 03:00:00,3.1837158,-5.7586365,80.25,13.0
2025-04-04 04:00:00,3.554947,-5.3790894,80.25,13.0
2025-04-04 05:00:00,4.2223816,-5.1329956,80.25,13.0
2025-04-04 06:00:00,4.703598,-5.038391,80.25,13.0
2025-04-04 07:00:00,4.8972626,-4.991562,80.25,13.0
2025-04-04 08:00:00,5.069992,-4.8739624,80.25,13.0
2025-04-04 09:00:00,5.0507812,-4.993805,80.25,13.0
2025-04-04 10:00:00,5.3031616,-4.799637,80.25,13.0
2025-04-04 11:00:00,5.284973,-4.434433,80.25,13.0
2025-04-04 12:00:00,5.009323,-4.364197,80.25,13.0
2025-04-04 13:00:00,4.6644897,-3.868225,80.25,13.0
2025-04-04 14:00:00,4.4374237,-3.3977966,80.25,13.0
2025-04-04 15:00:00,4.148651,-2.923874,80.25,13.0
2025-04-04 16:00:00,3.9111023,-2.4815216,80.25,13.0
2025-04-04 17:00:00,3.269516,-2.067459,80.25,13.0
2025-04-04 18:00:00,2.32724,-1.1897278,80.25,13.0
2025-04-04 19:00:00,2.3473663,-0.24325562,80.25,13.0
2025-04-04 20:00:00,2.6160583,0.5582123,80.25,13.0
2025-04-04 21:00:00,2.7316437,0.84703064,80.25,13.0
2025-04-04 22:00:00,3.1974945,1.5207214,80.25,13.0
2025-04-04 23:00:00,3.3098145,1.4656372,80.25,13.0
2025-04-05 00:00:00,2.4497375,1.412735,80.25,13.0
2025-04-05 01:00:00,0.94825745,2.2238922,80.25,13.0
2025-04-05 02:00:00,-1.0995941,3.4831696,80.25,13.0
2025-04-05 03:00:00,-3.5603638,4.907852,80.25,13.0
2025-04-05 04:00:00,-4.842575,6.0218506,80.25,13.0
2025-04-05 05:00:00,-4.88533,6.6680756,80.25,13.0
2025-04-05 06:00:00,-4.432419,6.8456116,80.25,13.0
2025-04-05 07:00:00,-4.156128,6.6800537,80.25,13.0
2025-04-05 08:00:00,-3.4777832,6.72731,80.25,13.0
2025-04-05 09:00:00,-2.283661,6.7328033,80.25,13.0
2025-04-05 10:00:00,1.5340576,5.360153,80.25,13.0
2025-04-05 11:00:00,3.5147247,2.1291962,80.25,13.0
2025-04-05 12:00:00,4.051651,-0.88638306,80.25,13.0
2025-04-05 13:00:00,3.318161,-2.6958313,80.25,13.0
2025-04-05 14:00:00,3.5126343,-3.6904755,80.25,13.0
2025-04-05 15:00:00,4.378937,-4.7993927,80.25,13.0
2025-04-05 16:00:00,5.096756,-6.0244904,80.25,13.0
2025-04-05 17:00:00,5.4861603,-6.599182,80.25,13.0
2025-04-05 18:00:00,5.6559753,-6.7212677,80.25,13.0
2025-04-05 19:00:00,5.622223,-6.769623,80.25,13.0
2025-04-05 20:00:00,5.646118,-6.424713,80.25,13.0
2025-04-05 21:00:00,5.857544,-6.089264,80.25,13.0
2025-04-05 22:00:00,6.0999756,-4.680176,80.25,13.0
2025-04-05 23:00:00,6.4603424,-4.9957733,80.25,13.0
2025-04-06 00:00:00,6.2578125,-5.5835266,80.25,13.0
2025-04-06 01:00:00,5.389496,-6.1973877,80.25,13.0
2025-04-06 02:00:00,4.295746,-6.7627716,80.25,13.0
2025-04-06 03:00:00,2.9883423,-7.3608704,80.25,13.0
2025-04-06 04:00:00,1.7880402,-7.9848785,80.25,13.0
2025-04-06 05:00:00,0.7128296,-8.442154,80.25,13.0
2025-04-06 06:00:00,0.05001831,-8.860397,80.25,13.0
2025-04-06 07:00:00,-0.4332428,-8.907181,80.25,13.0
2025-04-06 08:00:00,-0.5127716,-8.749298,80.25,13.0
2025-04-06 09:00:00,-0.18759155,-8.482971,80.25,13.0
2025-04-06 10:00:00,1.1641083,-7.6911774,80.25,13.0
2025-04-06 11:00:00,1.7107849,-7.67865,80.25,13.0
2025-04-06 12:00:00,1.6377869,-7.3581085,80.25,13.0
2025-04-06 13:00:00,1.6035004,-6.875641,80.25,13.0
2025-04-06 14:00:00,2.133255,-6.592682,80.25,13.0
2025-04-06 15:00:00,2.2327423,-6.6431885,80.25,13.0
2025-04-06 16:00:00,1.7693024,-6.529114,80.25,13.0
2025-04-06 17:00:00,1.3496552,-6.0358734,80.25,13.0
2025-04-06 18:00:00,1.3659973,-5.5171204,80.25,13.0
2025-04-06 19:00:00,1.1987762,-5.096115,80.25,13.0
2025-04-06 20:00:00,0.957489,-4.859558,80.25,13.0
2025-04-06 21:00:00,1.2553253,-4.813797,80.25,13.0
2025-04-06 22:00:00,0.97435,-4.4943085,80.25,13.0
2025-04-06 23:00:00,0.02067566,-5.075638,80.25,13.0
2025-04-07 00:00:00,-0.2537079,-5.1400757,80.25,13.0
2025-04-07 01:00:00,-1.0102539,-5.239792,80.25,13.0
2025-04-07 02:00:00,-2.1431732,-5.0625305,80.25,13.0
2025-04-07 03:00:00,-2.3157501,-4.6513824,80.25,13.0
2025-04-07 04:00:00,-2.8542938,-4.469864,80.25,13.0
2025-04-07 05:00:00,-3.5617676,-4.2964935,80.25,13.0
2025-04-07 06:00:00,-4.0822754,-4.2831726,80.25,13.0
2025-04-07 07:00:00,-4.328964,-4.097229,80.25,13.0
2025-04-07 08:00:00,-4.447113,-4.0630493,80.25,13.0
2025-04-07 09:00:00,-4.8481903,-4.206772,80.25,13.0
2025-04-07 10:00:00,-3.9845123,-4.794632,80.25,13.0
2025-04-07 11:00:00,-4.7996216,-4.6114197,80.25,13.0
2025-04-07 12:00:00,-5.8092194,-4.5953064,80.25,13.0
2025-04-07 13:00:00,-6.691162,-4.9650726,80.25,13.0
2025-04-07 14:00:00,-7.0052795,-5.011978,80.25,13.0
2025-04-07 15:00:00,-7.012802,-4.930481,80.25,13.0
2025-04-07 16:00:00,-7.3431244,-5.1710052,80.25,13.0
2025-04-07 17:00:00,-7.3984222,-5.425476,80.25,13.0
2025-04-07 18:00:00,-7.114502,-5.9891663,80.25,13.0
2025-04-07 19:00:00,-7.840149,-6.6944427,80.25,13.0
2025-04-07 20:00:00,-8.422012,-6.7806396,80.25,13.0
2025-04-07 21:00:00,-8.902573,-7.105606,80.25,13.0
2025-04-07 22:00:00,-8.555557,-7.3145905,80.25,13.0
2025-04-07 23:00:00,-9.586121,-7.6318207,80.25,13.0
2025-04-08 00:00:00,-10.202957,-7.676361,80.25,13.0
2025-04-08 01:00:00,-10.617737,-7.777527,80.25,13.0
2025-04-08 02:00:00,-10.876801,-7.7927704,80.25,13.0
2025-04-08 03:00:00,-10.955307,-7.75914,80.25,13.0
2025-04-08 04:00:00,-10.698288,-7.658661,80.25,13.0
2025-04-08 05:00:00,-10.192322,-7.9278564,80.25,13.0
2025-04-08 06:00:00,-9.52388,-8.413742,80.25,13.0
2025-04-08 07:00:00,-8.88855,-8.795715,80.25,13.0
2025-04-08 08:00:00,-8.244308,-9.047256,80.25,13.0
2025-04-08 09:00:00,-7.4308777,-9.310059,80.25,13.0
2025-04-08 10:00:00,-6.0459137,-10.100037,80.25,13.0
2025-04-08 11:00:00,-5.6407776,-10.1011505,80.25,13.0
2025-04-08 12:00:00,-5.2391357,-9.847885,80.25,13.0
2025-04-08 13:00:00,-4.5069427,-9.7222595,80.25,13.0
2025-04-08 14:00:00,-3.4317932,-9.97316,80.25,13.0
2025-04-08 15:00:00,-2.504547,-10.070068,80.25,13.0
2025-04-08 16:00:00,-1.6844177,-9.916672,80.25,13.0
2025-04-08 17:00:00,-0.88842773,-9.757568,80.25,13.0
2025-04-08 18:00:00,-0.16377258,-9.726074,80.25,13.0
2025-04-08 19:00:00,0.3729248,-9.648376,80.25,13.0
2025-04-08 20:00:00,0.70887756,-9.716949,80.25,13.0
2025-04-08 21:00:00,1.0163574,-9.645218,80.25,13.0
2025-04-08 22:00:00,1.8981628,-9.777542,80.25,13.0
2025-04-08 23:00:00,2.2011566,-9.816513,80.25,13.0
2025-04-09 00:00:00,2.1531525,-9.870285,80.25,13.0
2025-04-09 01:00:00,2.1497955,-9.6080475,80.25,13.0
2025-04-09 02:00:00,2.4448853,-9.053864,80.25,13.0
2025-04-09 03:00:00,3.1694489,-8.546249,80.25,13.0
2025-04-09 04:00:00,4.228363,-8.07196,80.25,13.0
2025-04-09 05:00:00,5.335663,-7.8298798,80.25,13.0
2025-04-09 06:00:00,5.948532,-7.8824005,80.25,13.0
2025-04-09 07:00:00,6.0112,-7.9264526,80.25,13.0
2025-04-09 08:00:00,5.8453674,-8.090271,80.25,13.0
2025-04-09 09:00:00,5.6589966,-8.246002,80.25,13.0
2025-04-09 10:00:00,5.711136,-6.594345,80.25,13.0
2025-04-09 11:00:00,6.29097,-6.926422,80.25,13.0
2025-04-09 12:00:00,6.4340363,-7.5568237,80.25,13.0
2025-04-09 13:00:00,6.1399994,-8.088776,80.25,13.0
2025-04-09 14:00:00,5.5180664,-8.705872,80.25,13.0
2025-04-09 15:00:00,4.6850433,-9.205948,80.25,13.0
2025-04-09 16:00:00,3.8307648,-9.387604,80.25,13.0
2025-04-09 17:00:00,3.222168,-9.374222,80.25,13.0
2025-04-09 18:00:00,2.882553,-9.145676,80.25,13.0
2025-04-09 19:00:00,2.7717438,-8.805832,80.25,13.0
2025-04-09 20:00:00,2.9804077,-8.560455,80.25,13.0
2025-04-09 21:00:00,3.174179,-8.415619,80.25,13.0
2025-04-09 22:00:00,2.4855957,-8.148926,80.25,13.0
2025-04-09 23:00:00,2.4739838,-7.6348877,80.25,13.0
2025-04-10 00:00:00,2.8740845,-7.3015747,80.25,13.0
2025-04-10 01:00:00,3.5980225,-7.126999,80.25,13.0
2025-04-10 02:00:00,4.222809,-7.179901,80.25,13.0
2025-04-10 03:00:00,4.5789948,-7.4511414,80.25,13.0
2025-04-10 04:00:00,4.5541077,-7.7132263,80.25,13.0
2025-04-10 05:00:00,4.2543488,-7.787918,80.25,13.0
2025-04-10 06:00:00,4.0397644,-7.604965,80.25,13.0
2025-04-10 07:00:00,4.0679016,-7.2975006,80.25,13.0
2025-04-10 08:00:00,4.197113,-7.164688,80.25,13.0
2025-04-10 09:00:00,4.4375305,-7.058731,80.25,13.0
2025-04-10 10:00:00,4.2051544,-6.608078,80.25,13.0
2025-04-10 11:00:00,4.922104,-6.6783905,80.25,13.0
2025-04-10 12:00:00,5.169983,-6.99794,80.25,13.0
2025-04-10 13:00:00,5.0063324,-7.086746,80.25,13.0
2025-04-10 14:00:00,4.7977905,-6.9962006,80.25,13.0
2025-04-10 15:00:00,4.464432,-6.9839935,80.25,13.0
2025-04-10 16:00:00,4.2234497,-6.9622955,80.25,13.0
2025-04-10 17:00:00,3.9109192,-6.903427,80.25,13.0
2025-04-10 18:00:00,3.6130524,-6.980118,80.25,13.0
2025-04-10 19:00:00,3.3014374,-7.238495,80.25,13.0
2025-04-10 20:00:00,2.801056,-7.493988,80.25,13.0
2025-04-10 21:00:00,2.4293365,-7.6684723,80.25,13.0
2025-04-10 22:00:00,2.417694,-7.9237823,80.25,13.0
2025-04-10 23:00:00,2.603775,-8.038773,80.25,13.0
2025-04-11 00:00:00,3.005188,-7.9690094,80.25,13.0
2025-04-11 01:00:00,3.636856,-8.04332,80.25,13.0
2025-04-11 02:00:00,4.0437775,-8.3819275,80.25,13.0
2025-04-11 03:00:00,4.1565247,-8.783539,80.25,13.0
2025-04-11 04:00:00,4.2307587,-9.090668,80.25,13.0
2025-04-11 05:00:00,4.516556,-9.019226,80.25,13.0
2025-04-11 06:00:00,4.551285,-9.146606,80.25,13.0
2025-04-11 07:00:00,4.753708,-8.940582,80.25,13.0
2025-04-11 08:00:00,5.303589,-8.664886,80.25,13.0
2025-04-11 09:00:00,5.836258,-8.557007,80.25,13.0
2025-04-11 10:00:00,4.9913635,-8.073288,80.25,13.0
2025-04-11 11:00:00,5.2970123,-8.240921,80.25,13.0
2025-04-11 12:00:00,5.443939,-8.064941,80.25,13.0
2025-04-11 13:00:00,5.337967,-7.796509,80.25,13.0
2025-04-11 14:00:00,5.3656006,-7.4078827,80.25,13.0
2025-04-11 15:00:00,5.275009,-7.0745697,80.25,13.0
2025-04-11 16:00:00,5.0003815,-6.710663,80.25,13.0
2025-04-11 17:00:00,4.5253143,-6.4200287,80.25,13.0
2025-04-11 18:00:00,4.0382385,-6.4029846,80.25,13.0
2025-04-11 19:00:00,3.4191437,-6.6043396,80.25,13.0
2025-04-11 20:00:00,2.633194,-6.9104767,80.25,13.0
2025-04-11 21:00:00,2.0366364,-7.009323,80.25,13.0
2025-04-11 22:00:00,1.5542908,-6.645569,80.25,13.0
2025-04-11 23:00:00,1.2217865,-6.3667755,80.25,13.0
2025-04-12 00:00:00,0.9816284,-6.359604,80.25,13.0
2025-04-12 01:00:00,0.82528687,-6.426132,80.25,13.0
2025-04-12 02:00:00,0.48953247,-6.6720734,80.25,13.0
2025-04-12 03:00:00,0.08030701,-6.7807465,80.25,13.0
2025-04-12 04:00:00,-0.3684845,-6.919815,80.25,13.0
2025-04-12 05:00:00,-0.89282227,-6.9062195,80.25,13.0
2025-04-12 06:00:00,-1.4405212,-6.846863,80.25,13.0
2025-04-12 07:00:00,-1.745224,-6.7530975,80.25,13.0
2025-04-12 08:00:00,-2.0376282,-6.9138336,80.25,13.0
2025-04-12 09:00:00,-2.3196564,-7.0145874,80.25,13.0
2025-04-12 10:00:00,-2.096054,-6.96579,80.25,13.0
2025-04-12 11:00:00,-2.0594482,-7.193283,80.25,13.0
2025-04-12 12:00:00,-2.0032349,-7.631729,80.25,13.0
2025-04-12 13:00:00,-1.8787994,-7.653061,80.25,13.0
2025-04-12 14:00:00,-1.526123,-7.285141,80.25,13.0
2025-04-12 15:00:00,-1.5938568,-6.7200775,80.25,13.0
2025-04-12 16:00:00,-2.6916199,-5.6742096,80.25,13.0
2025-04-12 17:00:00,-4.9873047,-4.141342,80.25,13.0
2025-04-12 18:00:00,-7.5756836,-3.177185,80.25,13.0
2025-04-12 19:00:00,-8.838501,-3.7855835,80.25,13.0
2025-04-12 20:00:00,-7.8028564,-5.008133,80.25,13.0
2025-04-12 21:00:00,-5.796173,-5.581085,80.25,13.0
2025-04-12 22:00:00,-3.9036255,-6.5704346,80.25,13.0
2025-04-12 23:00:00,-2.9375305,-7.1956177,80.25,13.0
2025-04-13 00:00:00,-2.999466,-8.249207,80.25,13.0
2025-04-13 01:00:00,-3.3946075,-9.040131,80.25,13.0
2025-04-13 02:00:00,-4.0874786,-9.41507,80.25,13.0
2025-04-13 03:00:00,-4.319031,-9.272949,80.25,13.0
2025-04-13 04:00:00,-4.9154205,-10.1237335,80.25,13.0
2025-04-13 05:00:00,-4.4883575,-10.975464,80.25,13.0
2025-04-13 06:00:00,-5.6468506,-12.576447,80.25,13.0
2025-04-13 07:00:00,-5.7474823,-12.926407,80.25,13.0
2025-04-13 08:00:00,-6.760437,-13.125641,80.25,13.0
2025-04-13 09:00:00,-7.6552124,-12.6465,80.25,13.0
2025-04-13 10:00:00,-7.075592,-10.551331,80.25,13.0
2025-04-13 11:00:00,-7.5591125,-9.759903,80.25,13.0
2025-04-13 12:00:00,-8.0724945,-8.72612,80.25,13.0
2025-04-13 13:00:00,-7.931656,-7.551117,80.25,13.0
2025-04-13 14:00:00,-7.486664,-6.6418457,80.25,13.0
2025-04-13 15:00:00,-6.984207,-6.0616455,80.25,13.0
2025-04-13 16:00:00,-6.359314,-5.845352,80.25,13.0
2025-04-13 17:00:00,-5.8213654,-6.0214996,80.25,13.0
2025-04-13 18:00:00,-5.4019012,-6.1976624,80.25,13.0
2025-04-13 19:00:00,-5.0930176,-6.3987885,80.25,13.0
2025-04-13 20:00:00,-4.9356537,-6.4336243,80.25,13.0
2025-04-13 21:00:00,-5.0015717,-6.492035,80.25,13.0
2025-04-13 22:00:00,-5.072052,-6.3354187,80.25,13.0
2025-04-13 23:00:00,-4.995392,-6.352127,80.25,13.0
2025-04-14 00:00:00,-4.8405457,-6.28273,80.25,13.0
2025-04-14 01:00:00,-4.5818024,-6.3123627,80.25,13.0
2025-04-14 02:00:00,-4.158081,-6.1706543,80.25,13.0
2025-04-14 03:00:00,-3.6551208,-5.8717346,80.25,13.0
2025-04-14 04:00:00,-3.3470154,-5.9132996,80.25,13.0
2025-04-14 05:00:00,-3.5777435,-6.059662,80.25,13.0
2025-04-14 06:00:00,-3.6021118,-5.9427643,80.25,13.0
2025-04-14 07:00:00,-3.4660492,-5.6579895,80.25,13.0
2025-04-14 08:00:00,-3.2653198,-5.32576,80.25,13.0
2025-04-14 09:00:00,-2.9059296,-5.034546,80.25,13.0
2025-04-14 10:00:00,-2.4090118,-4.4123077,80.25,13.0
2025-04-14 11:00:00,-1.8894958,-4.9797363,80.25,13.0
2025-04-14 12:00:00,-1.5127716,-5.8019104,80.25,13.0
2025-04-14 13:00:00,-1.4667816,-5.97995,80.25,13.0
2025-04-14 14:00:00,-1.5786438,-5.718521,80.25,13.0
2025-04-14 15:00:00,-1.5274353,-5.08197,80.25,13.0
2025-04-14 16:00:00,-1.5077057,-4.570816,80.25,13.0
2025-04-14 17:00:00,-1.2774353,-4.2937775,80.25,13.0
2025-04-14 18:00:00,-0.9413147,-4.499634,80.25,13.0
2025-04-14 19:00:00,-0.7011719,-4.9018707,80.25,13.0
2025-04-14 20:00:00,-0.5419769,-5.231491,80.25,13.0
2025-04-14 21:00:00,-0.539978,-5.386032,80.25,13.0
2025-04-14 22:00:00,-0.9727173,-5.5470886,80.25,13.0
2025-04-14 23:00:00,-0.6602173,-5.332962,80.25,13.0
2025-04-15 00:00:00,-0.35710144,-5.255188,80.25,13.0
2025-04-15 01:00:00,-0.07084656,-5.3231964,80.25,13.0
2025-04-15 02:00:00,0.12562561,-5.460129,80.25,13.0
2025-04-15 03:00:00,0.22886658,-5.3983,80.25,13.0
2025-04-15 04:00:00,0.4079895,-5.3035583,80.25,13.0
2025-04-15 05:00:00,0.45603943,-5.06958,80.25,13.0
2025-04-15 06:00:00,0.5805969,-4.900238,80.25,13.0
2025-04-15 07:00:00,0.7234955,-4.8679504,80.25,13.0
2025-04-15 08:00:00,0.85565186,-4.8990173,80.25,13.0
2025-04-15 09:00:00,0.8246918,-4.8404236,80.25,13.0
2025-04-15 10:00:00,0.27093506,-3.9446106,80.25,13.0
2025-04-15 11:00:00,0.26419067,-4.088394,80.25,13.0
2025-04-15 12:00:00,0.15306091,-3.923172,80.25,13.0
2025-04-15 13:00:00,-0.05506897,-3.9002533,80.25,13.0
2025-04-15 14:00:00,-0.32835388,-3.6702576,80.25,13.0
2025-04-15 15:00:00,-0.36062622,-3.5097961,80.25,13.0
2025-04-15 16:00:00,-0.25334167,-3.4831848,80.25,13.0
2025-04-15 17:00:00,-0.22154236,-3.522522,80.25,13.0
2025-04-15 18:00:00,-0.30699158,-3.3501892,80.25,13.0
2025-04-15 19:00:00,-0.3294983,-3.0860138,80.25,13.0
2025-04-15 20:00:00,-0.39891052,-2.892395,80.25,13.0
2025-04-15 21:00:00,-0.45046997,-2.7445679,80.25,13.0
2025-04-15 22:00:00,-0.26028442,-2.897705,80.25,13.0
2025-04-15 23:00:00,0.12042236,-2.6014862,80.25,13.0
2025-04-16 00:00:00,0.40400696,-2.6090393,80.25,13.0
2025-04-16 01:00:00,0.59498596,-2.6532288,80.25,13.0
2025-04-16 02:00:00,0.71510315,-2.6417694,80.25,13.0
2025-04-16 03:00:00,0.8640747,-2.6077118,80.25,13.0
2025-04-16 04:00:00,0.9843445,-2.7074585,80.25,13.0
2025-04-16 05:00:00,0.89819336,-2.7484894,80.25,13.0
2025-04-16 06:00:00,0.6463165,-2.675766,80.25,13.0
2025-04-16 07:00:00,0.49188232,-2.4295044,80.25,13.0
2025-04-16 08:00:00,0.38949585,-2.1715698,80.25,13.0
2025-04-16 09:00:00,0.34181213,-1.877121,80.25,13.0
2025-04-16 10:00:00,1.2043304,-2.0811005,80.25,13.0
2025-04-16 11:00:00,1.2139282,-1.6804352,80.25,13.0
2025-04-16 12:00:00,1.1851501,-1.4964905,80.25,13.0
2025-04-16 13:00:00,1.0930176,-1.4410706,80.25,13.0
2025-04-16 14:00:00,0.82862854,-1.3843994,80.25,13.0
2025-04-16 15:00:00,0.7407837,-1.1669006,80.25,13.0
2025-04-16 16:00:00,0.5652771,-0.89286804,80.25,13.0
2025-04-16 17:00:00,0.45259094,-0.5045929,80.25,13.0
2025-04-16 18:00:00,0.16209412,-0.18995667,80.25,13.0
2025-04-16 19:00:00,-0.23310852,0.30558777,80.25,13.0
2025-04-16 20:00:00,-0.7735138,0.83273315,80.25,13.0
2025-04-16 21:00:00,-1.1564178,1.4443207,80.25,13.0
2025-04-16 22:00:00,-0.93600464,1.7473602,80.25,13.0
2025-04-16 23:00:00,-1.0541229,2.2439728,80.25,13.0
2025-04-17 00:00:00,-1.2609863,2.7008972,80.25,13.0
2025-04-17 01:00:00,-1.5061951,3.3440857,80.25,13.0
2025-04-17 02:00:00,-1.9298248,3.8770294,80.25,13.0
2025-04-17 03:00:00,-2.2747498,4.320343,80.25,13.0
2025-04-17 04:00:00,-2.670044,4.5160675,80.25,13.0
2025-04-17 05:00:00,-2.6290283,4.5845184,80.25,13.0
2025-04-17 06:00:00,-2.2764893,4.5594482,80.25,13.0
2025-04-17 07:00:00,-1.9737549,4.604706,80.25,13.0
2025-04-17 08:00:00,-1.9775391,4.890274,80.25,13.0
2025-04-17 09:00:00,-1.7851105,5.389145,80.25,13.0
2025-04-17 10:00:00,-0.3161316,4.914978,80.25,13.0
2025-04-17 11:00:00,2.4375916,3.6297455,80.25,13.0
2025-04-17 12:00:00,4.7397614,1.3003082,80.25,13.0
2025-04-17 13:00:00,5.4677277,-0.26481628,80.25,13.0
2025-04-17 14:00:00,5.7386475,-0.8313904,80.25,13.0
2025-04-17 15:00:00,5.802414,-1.0413666,80.25,13.0
2025-04-17 16:00:00,5.539612,-0.952301,80.25,13.0
2025-04-17 17:00:00,5.314316,-1.0395508,80.25,13.0
2025-04-17 18:00:00,5.1375427,-1.3286743,80.25,13.0
2025-04-17 19:00:00,4.7437286,-1.5534363,80.25,13.0
2025-04-17 20:00:00,4.3456726,-1.7342682,80.25,13.0
2025-04-17 21:00:00,3.939499,-2.2562103,80.25,13.0
2025-04-17 22:00:00,3.7749176,-2.8348694,80.25,13.0
2025-04-17 23:00:00,2.8885345,-3.61203,80.25,13.0
2025-04-18 00:00:00,1.9198914,-3.6386871,80.25,13.0
2025-04-18 01:00:00,1.3648071,-3.3967133,80.25,13.0
2025-04-18 02:00:00,0.98017883,-3.423233,80.25,13.0
2025-04-18 03:00:00,0.79493713,-3.5406342,80.25,13.0
2025-04-18 04:00:00,0.8064575,-3.6653748,80.25,13.0
2025-04-18 05:00:00,0.75323486,-3.7044067,80.25,13.0
2025-04-18 06:00:00,0.64328,-3.7218037,80.25,13.0
2025-04-18 07:00:00,0.7848053,-3.7843924,80.25,13.0
2025-04-18 08:00:00,1.1262512,-3.735385,80.25,13.0
2025-04-18 09:00:00,1.2978973,-3.6820688,80.25,13.0
2025-04-18 10:00:00,0.20921326,-3.0161495,80.25,13.0
2025-04-18 11:00:00,0.60079956,-3.0254383,80.25,13.0
2025-04-18 12:00:00,1.0558014,-3.4872513,80.25,13.0
2025-04-18 13:00:00,1.1949463,-3.682434,80.25,13.0
2025-04-18 14:00:00,1.4394989,-3.799408,80.25,13.0
2025-04-18 15:00:00,1.6362762,-3.9446259,80.25,13.0
2025-04-18 16:00:00,1.8610992,-4.1084137,80.25,13.0
2025-04-18 17:00:00,2.1622467,-4.191864,80.25,13.0
2025-04-18 18:00:00,2.3610992,-4.300522,80.25,13.0
2025-04-18 19:00:00,2.568573,-4.1825104,80.25,13.0
2025-04-18 20:00:00,2.8677826,-4.0617065,80.25,13.0
2025-04-18 21:00:00,3.2173767,-3.8909607,80.25,13.0
2025-04-18 22:00:00,3.8849945,-3.2831268,80.25,13.0
2025-04-18 23:00:00,4.2746277,-3.3182373,80.25,13.0
2025-04-19 00:00:00,4.2017975,-3.3326569,80.25,13.0
2025-04-19 01:00:00,4.157303,-3.1460114,80.25,13.0
2025-04-19 02:00:00,4.3285217,-2.8556824,80.25,13.0
2025-04-19 03:00:00,4.6708984,-2.492447,80.25,13.0
2025-04-19 04:00:00,5.0379333,-2.3072205,80.25,13.0
2025-04-19 05:00:00,5.135498,-2.3638153,80.25,13.0
2025-04-19 06:00:00,4.811783,-2.3446045,80.25,13.0
2025-04-19 07:00:00,4.6048126,-2.337967,80.25,13.0
2025-04-19 08:00:00,4.356888,-2.466339,80.25,13.0
2025-04-19 09:00:00,4.095749,-2.914093,80.25,13.0
2025-04-19 10:00:00,4.2292633,-2.0811462,80.25,13.0
2025-04-19 11:00:00,3.8542633,-2.384735,80.25,13.0
2025-04-19 12:00:00,3.2042236,-2.5050812,80.25,13.0
2025-04-19 13:00:00,2.7673645,-2.4312592,80.25,13.0
2025-04-19 14:00:00,2.5904846,-2.4234467,80.25,13.0
2025-04-19 15:00:00,2.453949,-2.5772247,80.25,13.0
2025-04-19 16:00:00,2.3784332,-2.7753143,80.25,13.0
2025-04-19 17:00:00,2.3473206,-3.0094147,80.25,13.0
2025-04-19 18:00:00,2.1165314,-3.2998047,80.25,13.0
2025-04-19 19:00:00,1.8466187,-3.6052856,80.25,13.0
2025-04-19 20:00:00,1.5058594,-3.7795868,80.25,13.0
2025-04-19 21:00:00,1.1573639,-3.8672333,80.25,13.0
2025-04-19 22:00:00,1.4962006,-4.5482025,80.25,13.0
2025-04-19 23:00:00,1.3675537,-4.6883698,80.25,13.0
2025-04-20 00:00:00,1.1760864,-4.7794037,80.25,13.0
2025-04-20 01:00:00,1.0669708,-4.9158173,80.25,13.0
2025-04-20 02:00:00,0.8267212,-5.0427704,80.25,13.0
2025-04-20 03:00:00,0.58833313,-5.077286,80.25,13.0
2025-04-20 04:00:00,0.31756592,-5.0127716,80.25,13.0
2025-04-20 05:00:00,0.15458679,-4.9218445,80.25,13.0
2025-04-20 06:00:00,0.10601807,-4.8312836,80.25,13.0
2025-04-20 07:00:00,-0.1459961,-4.8203583,80.25,13.0
2025-04-20 08:00:00,-0.37075806,-4.733795,80.25,13.0
2025-04-20 09:00:00,-0.6547699,-4.6192627,80.25,13.0
2025-04-20 10:00:00,-1.4926605,-3.8757324,80.25,13.0
2025-04-20 11:00:00,-1.8223724,-3.5960999,80.25,13.0
2025-04-20 12:00:00,-1.8540497,-3.363617,80.25,13.0
2025-04-20 13:00:00,-1.8688507,-3.370163,80.25,13.0
2025-04-20 14:00:00,-1.7954559,-3.3824768,80.25,13.0
2025-04-20 15:00:00,-1.7229767,-3.4987488,80.25,13.0
2025-04-20 16:00:00,-1.5653992,-3.579193,80.25,13.0
2025-04-20 17:00:00,-1.5009766,-3.7550354,80.25,13.0
2025-04-20 18:00:00,-1.5211334,-3.9267426,80.25,13.0
2025-04-20 19:00:00,-1.5632629,-3.982956,80.25,13.0
2025-04-20 20:00:00,-1.5365753,-3.9335785,80.25,13.0
2025-04-20 21:00:00,-1.3844299,-3.7740784,80.25,13.0
2025-04-20 22:00:00,-0.5339203,-3.586731,80.25,13.0
2025-04-20 23:00:00,0.21884155,-3.091507,80.25,13.0
2025-04-21 00:00:00,1.1807404,-2.9069214,80.25,13.0
2025-04-21 01:00:00,2.087204,-3.1061707,80.25,13.0
2025-04-21 02:00:00,2.617569,-3.7710114,80.25,13.0
2025-04-21 03:00:00,2.8076477,-4.208786,80.25,13.0
2025-04-21 04:00:00,2.8750305,-4.591522,80.25,13.0
2025-04-21 05:00:00,2.9042053,-4.7611694,80.25,13.0
2025-04-21 06:00:00,3.0871582,-4.8338165,80.25,13.0
2025-04-21 07:00:00,3.3031921,-4.7562256,80.25,13.0
2025-04-21 08:00:00,3.5603638,-4.6240997,80.25,13.0
2025-04-21 09:00:00,3.8205109,-4.4408875,80.25,13.0
2025-04-21 10:00:00,3.8954163,-3.521408,80.25,13.0
2025-04-21 11:00:00,4.3107452,-3.599945,80.25,13.0
2025-04-21 12:00:00,4.5451965,-3.9608002,80.25,13.0
2025-04-21 13:00:00,4.6089935,-4.091385,80.25,13.0
2025-04-21 14:00:00,4.557373,-4.092636,80.25,13.0
2025-04-21 15:00:00,4.56662,-4.0305634,80.25,13.0
2025-04-21 16:00:00,4.6871185,-3.901474,80.25,13.0
2025-04-21 17:00:00,4.84787,-3.9860535,80.25,13.0
2025-04-21 18:00:00,4.894867,-4.2266083,80.25,13.0
2025-04-21 19:00:00,4.8635254,-4.457306,80.25,13.0
2025-04-21 20:00:00,4.805664,-4.521454,80.25,13.0
2025-04-21 21:00:00,4.742935,-4.5108643,80.25,13.0
2025-04-21 22:00:00,4.4354553,-4.612381,80.25,13.0
2025-04-21 23:00:00,4.393982,-4.5498657,80.25,13.0
2025-04-22 00:00:00,4.3212433,-4.621643,80.25,13.0
2025-04-22 01:00:00,4.237137,-4.7294617,80.25,13.0
2025-04-22 02:00:00,4.051758,-4.7414093,80.25,13.0
2025-04-22 03:00:00,3.7200928,-4.7700043,80.25,13.0
2025-04-22 04:00:00,3.4410706,-4.7673492,80.25,13.0
2025-04-22 05:00:00,3.2367706,-4.553589,80.25,13.0
2025-04-22 06:00:00,3.2120209,-4.4855957,80.25,13.0
2025-04-22 07:00:00,3.3556213,-4.2383575,80.25,13.0
2025-04-22 08:00:00,3.6799622,-4.0209045,80.25,13.0
2025-04-22 09:00:00,4.012436,-3.9455872,80.25,13.0
2025-04-22 10:00:00,4.4785156,-3.8811646,80.25,13.0
2025-04-22 11:00:00,4.932541,-3.9292145,80.25,13.0
2025-04-22 12:00:00,5.266617,-3.6569366,80.25,13.0
2025-04-22 13:00:00,5.580139,-3.664688,80.25,13.0
2025-04-22 14:00:00,5.9168854,-3.333664,80.25,13.0
2025-04-22 15:00:00,6.45961,-2.7171173,80.25,13.0
2025-04-22 16:00:00,7.1096344,-2.6127167,80.25,13.0
2025-04-22 17:00:00,7.4376526,-2.8572235,80.25,13.0
2025-04-22 18:00:00,7.417618,-3.235077,80.25,13.0
2025-04-22 19:00:00,7.2324066,-3.7071228,80.25,13.0
2025-04-22 20:00:00,7.046356,-4.425247,80.25,13.0
2025-04-22 21:00:00,6.7016754,-5.1723175,80.25,13.0
2025-04-22 22:00:00,5.69841,-5.3421173,80.25,13.0
2025-04-22 23:00:00,5.652115,-5.385132,80.25,13.0
2025-04-23 00:00:00,5.3056946,-5.530182,80.25,13.0
2025-04-23 01:00:00,4.75795,-5.9652863,80.25,13.0
2025-04-23 02:00:00,4.252838,-6.1930695,80.25,13.0
2025-04-23 03:00:00,3.9748383,-6.120529,80.25,13.0
2025-04-23 04:00:00,3.922409,-6.02153,80.25,13.0
2025-04-23 05:00:00,3.8270874,-5.869644,80.25,13.0
2025-04-23 06:00:00,3.7852783,-5.7735596,80.25,13.0
2025-04-23 07:00:00,3.60318,-5.6107025,80.25,13.0
2025-04-23 08:00:00,3.4775238,-5.469116,80.25,13.0
2025-04-23 09:00:00,3.3605804,-5.290207,80.25,13.0
2025-04-23 10:00:00,3.8065033,-4.838913,80.25,13.0
2025-04-23 11:00:00,3.7855377,-5.1846466,80.25,13.0
2025-04-23 12:00:00,3.2520905,-5.0171356,80.25,13.0
2025-04-23 13:00:00,2.7516022,-4.7264557,80.25,13.0
2025-04-23 14:00:00,2.611435,-4.4937897,80.25,13.0
2025-04-23 15:00:00,2.6004639,-4.393936,80.25,13.0
2025-04-23 16:00:00,2.7199707,-4.467209,80.25,13.0
2025-04-23 17:00:00,2.8475037,-4.7682953,80.25,13.0
2025-04-23 18:00:00,2.8336945,-5.072235,80.25,13.0
2025-04-23 19:00:00,2.5929413,-5.2725677,80.25,13.0
2025-04-23 20:00:00,2.179428,-5.541092,80.25,13.0
2025-04-23 21:00:00,1.7009277,-5.6499786,80.25,13.0
2025-04-23 22:00:00,0.2989807,-5.1748047,80.25,13.0
2025-04-23 23:00:00,0.26696777,-5.056183,80.25,13.0
2025-04-24 00:00:00,0.37677002,-4.929611,80.25,13.0
2025-04-24 01:00:00,0.58773804,-4.946045,80.25,13.0
2025-04-24 02:00:00,0.683609,-5.2028503,80.25,13.0
2025-04-24 03:00:00,0.48272705,-5.4254913,80.25,13.0
2025-04-24 04:00:00,0.01828003,-5.5475616,80.25,13.0
2025-04-24 05:00:00,-0.82969666,-5.4447327,80.25,13.0
2025-04-24 06:00:00,-1.6759796,-5.485718,80.25,13.0
2025-04-24 07:00:00,-2.4286804,-5.6481934,80.25,13.0
2025-04-24 08:00:00,-2.686554,-5.9617157,80.25,13.0
2025-04-24 09:00:00,-2.89299,-6.298477,80.25,13.0
2025-04-24 10:00:00,-3.276413,-5.7312317,80.25,13.0
2025-04-24 11:00:00,-2.7756195,-5.5107574,80.25,13.0
2025-04-24 12:00:00,-1.9764862,-5.42157,80.25,13.0
2025-04-24 13:00:00,-1.1819916,-5.3313293,80.25,13.0
2025-04-24 14:00:00,-0.53926086,-5.232849,80.25,13.0
2025-04-24 15:00:00,-0.044174194,-5.2136383,80.25,13.0
2025-04-24 16:00:00,0.27555847,-5.273346,80.25,13.0
2025-04-24 17:00:00,0.5222473,-5.227356,80.25,13.0
2025-04-24 18:00:00,0.82403564,-5.1289825,80.25,13.0
2025-04-24 19:00:00,1.0405121,-5.114685,80.25,13.0
2025-04-24 20:00:00,1.1901245,-5.1586304,80.25,13.0
2025-04-24 21:00:00,1.2816772,-5.0255585,80.25,13.0
2025-04-24 22:00:00,1.4414215,-5.051712,80.25,13.0
2025-04-24 23:00:00,2.0572815,-5.229706,80.25,13.0
2025-04-25 00:00:00,2.4715729,-5.4027863,80.25,13.0
2025-04-25 01:00:00,2.9308014,-5.203476,80.25,13.0
2025-04-25 02:00:00,3.4755707,-5.002533,80.25,13.0
2025-04-25 03:00:00,3.9259949,-4.769226,80.25,13.0
2025-04-25 04:00:00,4.307724,-4.6761475,80.25,13.0
2025-04-25 05:00:00,4.5184937,-4.4141693,80.25,13.0
2025-04-25 06:00:00,4.6961517,-4.0476685,80.25,13.0
2025-04-25 07:00:00,4.9747314,-3.62117,80.25,13.0
2025-04-25 08:00:00,5.387726,-3.3110962,80.25,13.0
2025-04-25 09:00:00,5.8148804,-3.1653748,80.25,13.0
2025-04-25 10:00:00,5.140747,-2.7160797,80.25,13.0
2025-04-25 11:00:00,5.3295593,-2.3583832,80.25,13.0
2025-04-25 12:00:00,5.5069885,-2.1529388,80.25,13.0
2025-04-25 13:00:00,5.814026,-2.0613098,80.25,13.0
2025-04-25 14:00:00,5.9158936,-1.9508667,80.25,13.0
2025-04-25 15:00:00,5.7469177,-1.7823029,80.25,13.0
2025-04-25 16:00:00,5.4720306,-1.4836578,80.25,13.0
2025-04-25 17:00:00,5.374588,-1.1603546,80.25,13.0
2025-04-25 18:00:00,5.443405,-1.0485687,80.25,13.0
2025-04-25 19:00:00,5.3898163,-1.0787659,80.25,13.0
2025-04-25 20:00:00,5.2481995,-1.2859039,80.25,13.0
2025-04-25 21:00:00,4.503601,-1.6232147,80.25,13.0
2025-04-25 22:00:00,4.0354767,-1.879837,80.25,13.0
2025-04-25 23:00:00,3.1596375,-2.0976868,80.25,13.0
2025-04-26 00:00:00,2.1473083,-2.1046448,80.25,13.0
2025-04-26 01:00:00,1.3869934,-1.7405396,80.25,13.0
2025-04-26 02:00:00,0.647171,-1.2788086,80.25,13.0
2025-04-26 03:00:00,0.025436401,-0.8038025,80.25,13.0
2025-04-26 04:00:00,-0.43519592,-0.3651886,80.25,13.0
2025-04-26 05:00:00,-0.6840668,-0.15905762,80.25,13.0
2025-04-26 06:00:00,-1.1766357,-0.17327881,80.25,13.0
2025-04-26 07:00:00,-1.7406769,-0.20327759,80.25,13.0
2025-04-26 08:00:00,-2.045166,-0.1360321,80.25,13.0
2025-04-26 09:00:00,-2.2090302,-0.08760071,80.25,13.0
2025-04-26 10:00:00,-3.1114044,-0.03727722,80.25,13.0
2025-04-26 11:00:00,-3.4877167,0.2021637,80.25,13.0
2025-04-26 12:00:00,-3.7243195,0.3413391,80.25,13.0
2025-04-26 13:00:00,-4.0342407,0.30911255,80.25,13.0
2025-04-26 14:00:00,-4.2324524,0.16056824,80.25,13.0
2025-04-26 15:00:00,-4.292053,-0.07014465,80.25,13.0
2025-04-26 16:00:00,-4.289139,-0.4697113,80.25,13.0
2025-04-26 17:00:00,-4.3843994,-1.0224609,80.25,13.0
2025-04-26 18:00:00,-4.601761,-1.6164246,80.25,13.0
2025-04-26 19:00:00,-4.773117,-1.8691406,80.25,13.0
2025-04-26 20:00:00,-4.98938,-1.8942261,80.25,13.0
2025-04-26 21:00:00,-5.1305084,-1.8192902,80.25,13.0
2025-04-26 22:00:00,-5.365036,-1.4586029,80.25,13.0
2025-04-26 23:00:00,-5.3144836,-1.073761,80.25,13.0
2025-04-27 00:00:00,-5.1470337,-1.0695953,80.25,13.0
2025-04-27 01:00:00,-4.7889557,-1.2384491,80.25,13.0
2025-04-27 02:00:00,-4.6547546,-1.5211487,80.25,13.0
2025-04-27 03:00:00,-4.7707977,-1.5823212,80.25,13.0
2025-04-27 04:00:00,-4.784195,-1.6537781,80.25,13.0
2025-04-27 05:00:00,-4.9901733,-1.697998,80.25,13.0
2025-04-27 06:00:00,-5.2371063,-1.6758118,80.25,13.0
2025-04-27 07:00:00,-5.370819,-1.4638367,80.25,13.0
2025-04-27 08:00:00,-5.3956757,-1.2395935,80.25,13.0
2025-04-27 09:00:00,-5.3137817,-1.0578308,80.25,13.0
2025-04-27 10:00:00,-5.4795074,-0.603714,80.25,13.0
2025-04-27 11:00:00,-5.4562073,-0.36114502,80.25,13.0
2025-04-27 12:00:00,-5.1651154,-0.2843933,80.25,13.0
2025-04-27 13:00:00,-4.928299,-0.33528137,80.25,13.0
2025-04-27 14:00:00,-4.832489,-0.40594482,80.25,13.0
2025-04-27 15:00:00,-4.871277,-0.3280487,80.25,13.0
2025-04-27 16:00:00,-4.716156,-0.19940186,80.25,13.0
2025-04-27 17:00:00,-4.2806854,-0.15055847,80.25,13.0
2025-04-27 18:00:00,-3.897293,-0.21376038,80.25,13.0
2025-04-27 19:00:00,-3.5755005,-0.39730835,80.25,13.0
2025-04-27 20:00:00,-3.391159,-0.6645355,80.25,13.0
2025-04-27 21:00:00,-3.4169922,-1.0422363,80.25,13.0
2025-04-27 22:00:00,-3.6630402,-0.49371338,80.25,13.0
2025-04-27 23:00:00,-3.3745422,-0.37973022,80.25,13.0
2025-04-28 00:00:00,-3.2213898,-0.2663269,80.25,13.0
2025-04-28 01:00:00,-3.1287384,-0.09298706,80.25,13.0
2025-04-28 02:00:00,-2.6829834,0.06863403,80.25,13.0
2025-04-28 03:00:00,-2.1821594,0.06524658,80.25,13.0
2025-04-28 04:00:00,-1.7966309,-0.25500488,80.25,13.0
2025-04-28 05:00:00,-1.4022675,-0.36721802,80.25,13.0
2025-04-28 06:00:00,-1.2083282,-0.67529297,80.25,13.0
2025-04-28 07:00:00,-1.3505249,-0.8033905,80.25,13.0
2025-04-28 08:00:00,-1.2124634,-0.81073,80.25,13.0
2025-04-28 09:00:00,-0.9740448,-0.79956055,80.25,13.0
2025-04-28 10:00:00,-0.97065735,-1.5961151,80.25,13.0
2025-04-28 11:00:00,-0.7273865,-1.6039734,80.25,13.0
2025-04-28 12:00:00,-0.47053528,-1.6229706,80.25,13.0
2025-04-28 13:00:00,-0.16461182,-1.5487213,80.25,13.0
2025-04-28 14:00:00,0.0834198,-1.4186249,80.25,13.0
2025-04-28 15:00:00,0.08998108,-1.1599731,80.25,13.0
2025-04-28 16:00:00,-0.0140686035,-0.970871,80.25,13.0
2025-04-28 17:00:00,0.043899536,-0.92630005,80.25,13.0
2025-04-28 18:00:00,0.06640625,-1.2229614,80.25,13.0
2025-04-28 19:00:00,-0.0077819824,-1.4796448,80.25,13.0
2025-04-28 20:00:00,-0.14257812,-1.6953278,80.25,13.0
2025-04-28 21:00:00,-0.3991089,-1.8283234,80.25,13.0
2025-04-28 22:00:00,0.10385132,-2.2900848,80.25,13.0
2025-04-28 23:00:00,-0.4004364,-2.4189606,80.25,13.0
2025-04-29 00:00:00,-1.2171936,-2.0659485,80.25,13.0
2025-04-29 01:00:00,-1.7967377,-1.53125,80.25,13.0
2025-04-29 02:00:00,-2.1496887,-1.125,80.25,13.0
2025-04-29 03:00:00,-2.4591675,-0.82810974,80.25,13.0
2025-04-29 04:00:00,-2.47966,-0.89312744,80.25,13.0
2025-04-29 05:00:00,-2.4997559,-1.0903778,80.25,13.0
2025-04-29 06:00:00,-2.4221497,-1.2575226,80.25,13.0
2025-04-29 07:00:00,-2.3967438,-1.355545,80.25,13.0
2025-04-29 08:00:00,-2.3915863,-1.447464,80.25,13.0
2025-04-29 09:00:00,-2.6698303,-1.5920563,80.25,13.0
2025-04-29 10:00:00,-3.3190155,-2.2553406,80.25,13.0
2025-04-29 11:00:00,-3.7639313,-1.9378357,80.25,13.0
2025-04-29 12:00:00,-3.771225,-1.7341003,80.25,13.0
2025-04-29 13:00:00,-3.4548798,-1.6793213,80.25,13.0
2025-04-29 14:00:00,-3.128952,-1.7821198,80.25,13.0
2025-04-29 15:00:00,-3.0106049,-2.1937256,80.25,13.0
2025-04-29 16:00:00,-2.9853973,-2.5918884,80.25,13.0
2025-04-29 17:00:00,-2.8612366,-2.9183655,80.25,13.0
2025-04-29 18:00:00,-2.847763,-3.1725311,80.25,13.0
2025-04-29 19:00:00,-2.8556213,-3.2525482,80.25,13.0
2025-04-29 20:00:00,-2.5056305,-3.24852,80.25,13.0
2025-04-29 21:00:00,-2.1529083,-3.4273071,80.25,13.0
2025-04-29 22:00:00,-1.6235199,-3.2342224,80.25,13.0
2025-04-29 23:00:00,-0.87449646,-3.2328186,80.25,13.0
2025-04-30 00:00:00,-0.046875,-3.3014374,80.25,13.0
2025-04-30 01:00:00,0.7146301,-3.6660614,80.25,13.0
2025-04-30 02:00:00,1.2848511,-4.1578674,80.25,13.0
2025-04-30 03:00:00,1.6781464,-4.758713,80.25,13.0
2025-04-30 04:00:00,1.951889,-5.129074,80.25,13.0
2025-04-30 05:00:00,2.3339233,-5.2082977,80.25,13.0
2025-04-30 06:00:00,2.984436,-5.1337585,80.25,13.0
2025-04-30 07:00:00,3.5182648,-5.316284,80.25,13.0
2025-04-30 08:00:00,3.9434662,-5.6037445,80.25,13.0
2025-04-30 09:00:00,4.457535,-5.80278,80.25,13.0
2025-04-30 10:00:00,4.5477905,-5.2997284,80.25,13.0
2025-04-30 11:00:00,5.760391,-5.48938,80.25,13.0
2025-04-30 12:00:00,6.4553375,-5.474472,80.25,13.0
2025-04-30 13:00:00,6.7290497,-5.517105,80.25,13.0
2025-04-30 14:00:00,7.161194,-5.3809814,80.25,13.0
2025-04-30 15:00:00,7.6335754,-5.3284607,80.25,13.0
2025-04-30 16:00:00,7.916031,-5.3490295,80.25,13.0
2025-04-30 17:00:00,7.809311,-5.4547577,80.25,13.0
2025-04-30 18:00:00,7.705658,-5.1270294,80.25,13.0
2025-04-30 19:00:00,8.05452,-4.4687195,80.25,13.0
2025-04-30 20:00:00,8.693161,-3.730713,80.25,13.0
2025-04-30 21:00:00,9.037048,-3.6991882,80.25,13.0
2025-04-30 22:00:00,8.176025,-3.1242828,80.25,13.0
2025-04-30 23:00:00,8.810364,-3.8247375,80.25,13.0
2025-05-01 00:00:00,8.325775,-3.787674,80.25,13.0
2025-05-01 01:00:00,7.548813,-2.9084167,80.25,13.0
2025-05-01 02:00:00,6.792862,-2.7122192,80.25,13.0
2025-05-01 03:00:00,5.9615784,-2.824051,80.25,13.0
2025-05-01 04:00:00,5.049881,-2.7017517,80.25,13.0
2025-05-01 05:00:00,4.3344727,-2.3740845,80.25,13.0
2025-05-01 06:00:00,3.8222961,-2.3174286,80.25,13.0
2025-05-01 07:00:00,3.133545,-2.5595245,80.25,13.0
2025-05-01 08:00:00,2.2442322,-2.5885468,80.25,13.0
2025-05-01 09:00:00,1.3589935,-2.5187378,80.25,13.0
2025-05-01 10:00:00,0.40081787,-2.0694122,80.25,13.0
2025-05-01 11:00:00,-0.36209106,-2.8683014,80.25,13.0
2025-05-01 12:00:00,-1.293457,-3.658783,80.25,13.0
2025-05-01 13:00:00,-2.2188416,-4.428116,80.25,13.0
2025-05-01 14:00:00,-2.7203064,-4.7586517,80.25,13.0
2025-05-01 15:00:00,-2.5023804,-5.038254,80.25,13.0
2025-05-01 16:00:00,-2.1852722,-5.5086823,80.25,13.0
2025-05-01 17:00:00,-1.9576874,-5.609787,80.25,13.0
2025-05-01 18:00:00,-1.7282257,-5.6545715,80.25,13.0
2025-05-01 19:00:00,-0.6930542,-4.6985626,80.25,13.0
2025-05-01 20:00:00,0.58078,-3.8000793,80.25,13.0
2025-05-01 21:00:00,1.6900024,-2.835266,80.25,13.0
2025-05-01 22:00:00,1.9291992,-2.3591309,80.25,13.0
2025-05-01 23:00:00,1.9403534,-1.802948,80.25,13.0
2025-05-02 00:00:00,1.6275635,-1.6999054,80.25,13.0
2025-05-02 01:00:00,1.1626892,-2.0575867,80.25,13.0
2025-05-02 02:00:00,0.2849121,-2.8609924,80.25,13.0
2025-05-02 03:00:00,-1.1300812,-3.2054596,80.25,13.0
2025-05-02 04:00:00,-2.7833862,-2.720993,80.25,13.0
2025-05-02 05:00:00,-4.944031,-1.414978,80.25,13.0
2025-05-02 06:00:00,-7.139023,-0.75946045,80.25,13.0
2025-05-02 07:00:00,-8.994598,-1.3247375,80.25,13.0
2025-05-02 08:00:00,-10.009888,-2.2734528,80.25,13.0
2025-05-02 09:00:00,-10.559952,-2.9743958,80.25,13.0
2025-05-02 10:00:00,-10.747559,-3.5993652,80.25,13.0
2025-05-02 11:00:00,-10.523407,-4.000351,80.25,13.0
2025-05-02 12:00:00,-9.437073,-4.9115753,80.25,13.0
2025-05-02 13:00:00,-8.965317,-5.1079254,80.25,13.0
2025-05-02 14:00:00,-8.8854065,-4.962784,80.25,13.0
2025-05-02 15:00:00,-8.920471,-5.394867,80.25,13.0
2025-05-02 16:00:00,-7.8220825,-5.857483,80.25,13.0
2025-05-02 17:00:00,-5.5872955,-6.1667786,80.25,13.0
2025-05-02 18:00:00,-4.4825897,-6.8809814,80.25,13.0
2025-05-02 19:00:00,-4.2917175,-7.7940063,80.25,13.0
2025-05-02 20:00:00,-3.0195465,-7.8007812,80.25,13.0
2025-05-02 21:00:00,-2.4320374,-7.8419952,80.25,13.0
2025-05-02 22:00:00,-3.3370361,-8.290863,80.25,13.0
2025-05-02 23:00:00,-2.912384,-8.052933,80.25,13.0
2025-05-03 00:00:00,-2.4475708,-8.114166,80.25,13.0
2025-05-03 01:00:00,-2.0499878,-8.055374,80.25,13.0
2025-05-03 02:00:00,-1.9124756,-8.225769,80.25,13.0
2025-05-03 03:00:00,-1.7062836,-8.412674,80.25,13.0
2025-05-03 04:00:00,-1.3270264,-8.709213,80.25,13.0
2025-05-03 05:00:00,-0.52067566,-8.726608,80.25,13.0
2025-05-03 06:00:00,-0.05392456,-8.828873,80.25,13.0
2025-05-03 07:00:00,0.21620178,-8.630569,80.25,13.0
2025-05-03 08:00:00,0.45817566,-8.298721,80.25,13.0
2025-05-03 09:00:00,0.8626709,-7.967224,80.25,13.0
2025-05-03 10:00:00,0.67710876,-6.697174,80.25,13.0
2025-05-03 11:00:00,0.9165802,-7.325119,80.25,13.0
2025-05-03 12:00:00,1.1231995,-7.591461,80.25,13.0
2025-05-03 13:00:00,1.3105011,-7.503357,80.25,13.0
2025-05-03 14:00:00,1.4017792,-7.3556824,80.25,13.0
2025-05-03 15:00:00,1.3297577,-6.976242,80.25,13.0
2025-05-03 16:00:00,1.358551,-6.761963,80.25,13.0
2025-05-03 17:00:00,1.6033173,-6.607605,80.25,13.0
2025-05-03 18:00:00,1.9032593,-6.3052673,80.25,13.0
2025-05-03 19:00:00,2.422699,-6.1692047,80.25,13.0
2025-05-03 20:00:00,2.7309875,-6.1589203,80.25,13.0
2025-05-03 21:00:00,3.0133972,-6.2121735,80.25,13.0
2025-05-03 22:00:00,2.937729,-6.817032,80.25,13.0
2025-05-03 23:00:00,3.5559082,-6.50679,80.25,13.0
2025-05-04 00:00:00,4.469452,-6.162033,80.25,13.0
2025-05-04 01:00:00,5.336853,-6.0533447,80.25,13.0
2025-05-04 02:00:00,6.0215607,-6.068695,80.25,13.0
2025-05-04 03:00:00,6.476837,-5.9068756,80.25,13.0
2025-05-04 04:00:00,7.1643066,-5.557968,80.25,13.0
2025-05-04 05:00:00,7.51915,-5.02005,80.25,13.0
2025-05-04 06:00:00,8.000763,-4.8928375,80.25,13.0
2025-05-04 07:00:00,8.103424,-4.4333954,80.25,13.0
2025-05-04 08:00:00,8.317047,-3.7383118,80.25,13.0
2025-05-04 09:00:00,8.552658,-3.2929993,80.25,13.0
2025-05-04 10:00:00,8.922928,-2.7686615,80.25,13.0
2025-05-04 11:00:00,9.173126,-2.6394043,80.25,13.0
2025-05-04 12:00:00,9.131332,-2.6771545,80.25,13.0
2025-05-04 13:00:00,9.0160675,-3.1751099,80.25,13.0
2025-05-04 14:00:00,8.72081,-3.899582,80.25,13.0
2025-05-04 15:00:00,8.203659,-4.302063,80.25,13.0
2025-05-04 16:00:00,7.8441925,-3.889801,80.25,13.0
2025-05-04 17:00:00,8.147049,-3.8769531,80.25,13.0
2025-05-04 18:00:00,7.856003,-3.558609,80.25,13.0
2025-05-04 19:00:00,7.928955,-4.0506897,80.25,13.0
2025-05-04 20:00:00,7.367325,-3.9008026,80.25,13.0
2025-05-04 21:00:00,7.0335083,-3.3537598,80.25,13.0
2025-05-04 22:00:00,6.996399,-3.7340698,80.25,13.0
2025-05-04 23:00:00,6.92865,-3.6313782,80.25,13.0
2025-05-05 00:00:00,7.0316315,-3.080902,80.25,13.0
2025-05-05 01:00:00,7.1685486,-2.739334,80.25,13.0
2025-05-05 02:00:00,7.0338593,-2.6840973,80.25,13.0
2025-05-05 03:00:00,6.679077,-2.5806122,80.25,13.0
2025-05-05 04:00:00,6.2366333,-2.3361511,80.25,13.0
2025-05-05 05:00:00,5.8030396,-1.9687805,80.25,13.0
2025-05-05 06:00:00,5.363571,-1.683197,80.25,13.0
2025-05-05 07:00:00,4.810028,-1.5069885,80.25,13.0
2025-05-05 08:00:00,4.3264465,-1.3987122,80.25,13.0
2025-05-05 09:00:00,3.787918,-1.2810516,80.25,13.0
2025-05-05 10:00:00,3.2434692,-0.8806,80.25,13.0
2025-05-05 11:00:00,2.3031769,-0.08912659,80.25,13.0
2025-05-05 12:00:00,1.5995026,0.9263153,80.25,13.0
2025-05-05 13:00:00,1.3711395,1.5002136,80.25,13.0
2025-05-05 14:00:00,1.6025391,1.2523651,80.25,13.0
2025-05-05 15:00:00,1.279602,0.90727234,80.25,13.0
2025-05-05 16:00:00,0.49606323,1.0486603,80.25,13.0
2025-05-05 17:00:00,-0.3522339,1.5449829,80.25,13.0
2025-05-05 18:00:00,-0.7009125,1.9832153,80.25,13.0
2025-05-05 19:00:00,-0.6849823,2.2459412,80.25,13.0
2025-05-05 20:00:00,-0.8170471,2.0532074,80.25,13.0
2025-05-05 21:00:00,-1.7816315,1.7489319,80.25,13.0
2025-05-05 22:00:00,-2.199646,1.5307617,80.25,13.0
2025-05-05 23:00:00,-2.989685,1.820755,80.25,13.0
2025-05-06 00:00:00,-3.5539093,2.10083,80.25,13.0
2025-05-06 01:00:00,-3.9270477,2.4945374,80.25,13.0
2025-05-06 02:00:00,-3.9997864,2.819046,80.25,13.0
2025-05-06 03:00:00,-3.919876,2.982315,80.25,13.0
2025-05-06 04:00:00,-3.7399902,2.959793,80.25,13.0
2025-05-06 05:00:00,-3.8142242,2.8225403,80.25,13.0
2025-05-06 06:00:00,-3.8965454,2.6923218,80.25,13.0
2025-05-06 07:00:00,-4.0556183,2.4827423,80.25,13.0
2025-05-06 08:00:00,-4.1484985,2.3735352,80.25,13.0
2025-05-06 09:00:00,-4.249542,2.2454376,80.25,13.0
2025-05-06 10:00:00,-4.5296936,1.8589783,80.25,13.0
2025-05-06 11:00:00,-4.9285583,2.0113373,80.25,13.0
2025-05-06 12:00:00,-5.069992,2.3304596,80.25,13.0
2025-05-06 13:00:00,-5.032547,2.4925232,80.25,13.0
2025-05-06 14:00:00,-4.818878,2.5200348,80.25,13.0
2025-05-06 15:00:00,-4.6967316,2.432846,80.25,13.0
2025-05-06 16:00:00,-4.577484,2.1950684,80.25,13.0
2025-05-06 17:00:00,-4.5633698,1.9460449,80.25,13.0
2025-05-06 18:00:00,-4.6248474,1.8456726,80.25,13.0
2025-05-06 19:00:00,-4.5182953,1.740036,80.25,13.0
2025-05-06 20:00:00,-4.415161,1.6456909,80.25,13.0
2025-05-06 21:00:00,-4.2274323,1.5363312,80.25,13.0
2025-05-06 22:00:00,-4.0249176,1.8980713,80.25,13.0
2025-05-06 23:00:00,-4.0775146,1.8924255,80.25,13.0
2025-05-07 00:00:00,-4.291687,1.8659058,80.25,13.0
2025-05-07 01:00:00,-4.2868347,2.109253,80.25,13.0
2025-05-07 02:00:00,-4.1060486,2.368927,80.25,13.0
2025-05-07 03:00:00,-3.8450012,2.5319824,80.25,13.0
2025-05-07 04:00:00,-3.5393372,2.5661926,80.25,13.0
2025-05-07 05:00:00,-3.520935,2.4191132,80.25,13.0
2025-05-07 06:00:00,-3.3573456,2.3985138,80.25,13.0
2025-05-07 07:00:00,-2.9742737,2.5161438,80.25,13.0
2025-05-07 08:00:00,-2.5199738,2.512619,80.25,13.0
2025-05-07 09:00:00,-2.3936615,2.4253693,80.25,13.0
2025-05-07 10:00:00,-2.8547363,2.3140717,80.25,13.0
2025-05-07 11:00:00,-3.3474426,2.232605,80.25,13.0
2025-05-07 12:00:00,-3.5090332,2.3906403,80.25,13.0
2025-05-07 13:00:00,-3.3205872,2.757248,80.25,13.0
2025-05-07 14:00:00,-2.7094574,2.974762,80.25,13.0
2025-05-07 15:00:00,-2.3127594,2.9026337,80.25,13.0
2025-05-07 16:00:00,-2.758728,2.6840668,80.25,13.0
2025-05-07 17:00:00,-2.5351257,2.581131,80.25,13.0
2025-05-07 18:00:00,-2.1826324,2.3246002,80.25,13.0
2025-05-07 19:00:00,-2.6974182,2.3062286,80.25,13.0
2025-05-07 20:00:00,-2.8636475,2.5321198,80.25,13.0
2025-05-07 21:00:00,-2.2979584,2.8457947,80.25,13.0
2025-05-07 22:00:00,-2.2915955,2.5089264,80.25,13.0
2025-05-07 23:00:00,-3.1594543,2.8920746,80.25,13.0
2025-05-08 00:00:00,-3.6555023,3.3685913,80.25,13.0
2025-05-08 01:00:00,-3.2887726,3.8094177,80.25,13.0
2025-05-08 02:00:00,-3.1149597,3.8182678,80.25,13.0
2025-05-08 03:00:00,-3.6377869,3.8227997,80.25,13.0
2025-05-08 04:00:00,-4.1112976,4.0386047,80.25,13.0
2025-05-08 05:00:00,-4.2723846,4.354431,80.25,13.0
2025-05-08 06:00:00,-4.34256,4.547592,80.25,13.0
2025-05-08 07:00:00,-4.6252594,4.7267456,80.25,13.0
2025-05-08 08:00:00,-4.651001,4.7769623,80.25,13.0
2025-05-08 09:00:00,-4.5990753,4.9837494,80.25,13.0
2025-05-08 10:00:00,-3.9883118,4.824875,80.25,13.0
2025-05-08 11:00:00,-3.339264,5.206238,80.25,13.0
2025-05-08 12:00:00,-3.3622131,5.3412323,80.25,13.0
2025-05-08 13:00:00,-3.7441711,5.12677,80.25,13.0
2025-05-08 14:00:00,-4.2196198,4.7386627,80.25,13.0
2025-05-08 15:00:00,-4.485382,4.3729706,80.25,13.0
2025-05-08 16:00:00,-4.6063232,4.198761,80.25,13.0
2025-05-08 17:00:00,-4.5658417,3.964981,80.25,13.0
2025-05-08 18:00:00,-4.583008,3.73526,80.25,13.0
2025-05-08 19:00:00,-4.7432404,3.5894623,80.25,13.0
2025-05-08 20:00:00,-4.870407,3.639038,80.25,13.0
2025-05-08 21:00:00,-4.912445,3.7018433,80.25,13.0
2025-05-08 22:00:00,-4.775833,3.399475,80.25,13.0
2025-05-08 23:00:00,-4.9234924,3.3690338,80.25,13.0
2025-05-09 00:00:00,-5.3315887,3.4968414,80.25,13.0
2025-05-09 01:00:00,-5.6977234,3.6655731,80.25,13.0
2025-05-09 02:00:00,-5.934372,3.8811493,80.25,13.0
2025-05-09 03:00:00,-5.804352,4.1606903,80.25,13.0
2025-05-09 04:00:00,-5.2744904,4.2383423,80.25,13.0
2025-05-09 05:00:00,-4.900467,4.110199,80.25,13.0
2025-05-09 06:00:00,-4.9305267,4.047928,80.25,13.0
2025-05-09 07:00:00,-5.0366974,4.086853,80.25,13.0
2025-05-09 08:00:00,-5.0815735,4.2088165,80.25,13.0
2025-05-09 09:00:00,-5.0962524,4.3559723,80.25,13.0
2025-05-09 10:00:00,-5.329666,3.440857,80.25,13.0
2025-05-09 11:00:00,-4.691269,3.7382355,80.25,13.0
2025-05-09 12:00:00,-3.995102,3.9960175,80.25,13.0
2025-05-09 13:00:00,-3.7485962,4.0322266,80.25,13.0
2025-05-09 14:00:00,-3.8661652,3.9271393,80.25,13.0
2025-05-09 15:00:00,-3.9608002,3.59935,80.25,13.0
2025-05-09 16:00:00,-3.935379,3.2142181,80.25,13.0
2025-05-09 17:00:00,-4.042984,2.651474,80.25,13.0
2025-05-09 18:00:00,-4.164459,2.155075,80.25,13.0
2025-05-09 19:00:00,-4.3610992,2.035141,80.25,13.0
2025-05-09 20:00:00,-4.321747,2.4297638,80.25,13.0
2025-05-09 21:00:00,-4.0705566,3.0588074,80.25,13.0
2025-05-09 22:00:00,-3.8553772,2.9795685,80.25,13.0
2025-05-09 23:00:00,-3.7313232,3.8185425,80.25,13.0
2025-05-10 00:00:00,-3.9805908,3.8548584,80.25,13.0
2025-05-10 01:00:00,-4.2430573,3.952896,80.25,13.0
2025-05-10 02:00:00,-4.377075,3.8562012,80.25,13.0
2025-05-10 03:00:00,-4.5486755,3.7568207,80.25,13.0
2025-05-10 04:00:00,-4.6780243,3.8624878,80.25,13.0
2025-05-10 05:00:00,-4.3747406,4.289505,80.25,13.0
2025-05-10 06:00:00,-4.0128326,4.3503723,80.25,13.0
2025-05-10 07:00:00,-3.767395,4.170334,80.25,13.0
2025-05-10 08:00:00,-3.6349182,3.9289703,80.25,13.0
2025-05-10 09:00:00,-3.468872,3.8543854,80.25,13.0
2025-05-10 10:00:00,-3.6211395,2.9592743,80.25,13.0
2025-05-10 11:00:00,-2.6712952,3.7764893,80.25,13.0
2025-05-10 12:00:00,-1.9476013,3.9478302,80.25,13.0
2025-05-10 13:00:00,-1.6447449,3.7879333,80.25,13.0
2025-05-10 14:00:00,-1.4441681,3.3514557,80.25,13.0
2025-05-10 15:00:00,-1.8792877,2.3967743,80.25,13.0
2025-05-10 16:00:00,-2.6556702,1.5634003,80.25,13.0
2025-05-10 17:00:00,-3.197937,0.96932983,80.25,13.0
2025-05-10 18:00:00,-3.837799,0.4502716,80.25,13.0
2025-05-10 19:00:00,-4.4501495,0.15663147,80.25,13.0
2025-05-10 20:00:00,-4.802017,0.8322754,80.25,13.0
2025-05-10 21:00:00,-4.7499237,1.5588531,80.25,13.0
2025-05-10 22:00:00,-4.349991,2.248993,80.25,13.0
2025-05-10 23:00:00,-2.9832458,3.31279,80.25,13.0
2025-05-11 00:00:00,-2.4775238,3.888321,80.25,13.0
2025-05-11 01:00:00,-2.5566711,4.2039337,80.25,13.0
2025-05-11 02:00:00,-2.0743408,5.141281,80.25,13.0
2025-05-11 03:00:00,-0.34481812,5.992325,80.25,13.0
2025-05-11 04:00:00,2.1517487,6.0547333,80.25,13.0
2025-05-11 05:00:00,2.9482574,5.5029907,80.25,13.0
2025-05-11 06:00:00,2.3407898,5.221466,80.25,13.0
2025-05-11 07:00:00,1.6197052,5.151367,80.25,13.0
2025-05-11 08:00:00,1.0793762,5.0768433,80.25,13.0
2025-05-11 09:00:00,0.025360107,4.876175,80.25,13.0
2025-05-11 10:00:00,-0.51582336,4.0414276,80.25,13.0
2025-05-11 11:00:00,-2.060135,3.5777588,80.25,13.0
2025-05-11 12:00:00,-2.2157745,3.7227173,80.25,13.0
2025-05-11 13:00:00,-2.309433,3.9056244,80.25,13.0
2025-05-11 14:00:00,-2.4400024,4.241501,80.25,13.0
2025-05-11 15:00:00,-2.4455261,4.70932,80.25,13.0
2025-05-11 16:00:00,-2.6713715,4.8906555,80.25,13.0
2025-05-11 17:00:00,-3.0702667,5.0493927,80.25,13.0
2025-05-11 18:00:00,-3.3257751,5.1062317,80.25,13.0
2025-05-11 19:00:00,-3.3229065,5.1918488,80.25,13.0
2025-05-11 20:00:00,-2.8108368,5.1873627,80.25,13.0
2025-05-11 21:00:00,-2.1983948,4.9666595,80.25,13.0
2025-05-11 22:00:00,-1.6958618,3.7938995,80.25,13.0
2025-05-11 23:00:00,-0.9033203,3.8510437,80.25,13.0
2025-05-12 00:00:00,0.26672363,4.008377,80.25,13.0
2025-05-12 01:00:00,1.3723907,3.3917542,80.25,13.0
2025-05-12 02:00:00,2.2711945,2.307495,80.25,13.0
2025-05-12 03:00:00,2.6651,1.4190674,80.25,13.0
2025-05-12 04:00:00,2.6164703,0.60498047,80.25,13.0
2025-05-12 05:00:00,2.2497253,-0.16099548,80.25,13.0
2025-05-12 06:00:00,1.3088074,-1.4832916,80.25,13.0
2025-05-12 07:00:00,0.6338043,-2.590805,80.25,13.0
2025-05-12 08:00:00,0.066345215,-3.5917664,80.25,13.0
2025-05-12 09:00:00,-0.8359375,-4.2779694,80.25,13.0
2025-05-12 10:00:00,-2.2223053,-4.3758087,80.25,13.0
2025-05-12 11:00:00,-2.504242,-4.5456696,80.25,13.0
2025-05-12 12:00:00,-1.8043976,-4.5598755,80.25,13.0
2025-05-12 13:00:00,-0.43249512,-4.5939484,80.25,13.0
2025-05-12 14:00:00,0.9693756,-4.776596,80.25,13.0
2025-05-12 15:00:00,3.25206,-5.339081,80.25,13.0
2025-05-12 16:00:00,5.8147736,-5.469879,80.25,13.0
2025-05-12 17:00:00,7.140732,-4.6486053,80.25,13.0
2025-05-12 18:00:00,7.6560974,-3.22966,80.25,13.0
2025-05-12 19:00:00,7.6119995,-1.8362732,80.25,13.0
2025-05-12 20:00:00,7.4062195,-0.60050964,80.25,13.0
2025-05-12 21:00:00,6.297409,-0.3665924,80.25,13.0
2025-05-12 22:00:00,5.5080566,-0.1363678,80.25,13.0
2025-05-12 23:00:00,4.5446777,-0.15461731,80.25,13.0
2025-05-13 00:00:00,3.4824982,0.2537079,80.25,13.0
2025-05-13 01:00:00,2.213272,0.69277954,80.25,13.0
2025-05-13 02:00:00,0.7563782,0.8830261,80.25,13.0
2025-05-13 03:00:00,-0.8663635,1.2845917,80.25,13.0
2025-05-13 04:00:00,-2.340454,1.8578644,80.25,13.0
2025-05-13 05:00:00,-3.3761292,2.3790436,80.25,13.0
2025-05-13 06:00:00,-4.170212,2.4548645,80.25,13.0
2025-05-13 07:00:00,-4.560257,2.3915863,80.25,13.0
2025-05-13 08:00:00,-4.7884827,2.3905487,80.25,13.0
2025-05-13 09:00:00,-4.47139,2.4840088,80.25,13.0
2025-05-13 10:00:00,-3.3016815,2.4557343,80.25,13.0
2025-05-13 11:00:00,-2.7613525,2.9462433,80.25,13.0
2025-05-13 12:00:00,-2.0917053,3.3959656,80.25,13.0
2025-05-13 13:00:00,-1.816803,3.5177307,80.25,13.0
2025-05-13 14:00:00,-1.8988647,3.6003265,80.25,13.0
2025-05-13 15:00:00,-1.9815216,3.874237,80.25,13.0
2025-05-13 16:00:00,-1.4232788,4.514435,80.25,13.0
2025-05-13 17:00:00,0.053207397,4.8515167,80.25,13.0
2025-05-13 18:00:00,0.6365967,4.5247955,80.25,13.0
2025-05-13 19:00:00,0.31259155,4.165451,80.25,13.0
2025-05-13 20:00:00,-0.46992493,4.1328583,80.25,13.0
2025-05-13 21:00:00,-1.2017059,4.4680176,80.25,13.0
2025-05-13 22:00:00,-1.3917999,3.9369965,80.25,13.0
2025-05-13 23:00:00,-1.6849518,4.547699,80.25,13.0
2025-05-14 00:00:00,-1.9968414,5.0987854,80.25,13.0
2025-05-14 01:00:00,-1.7532654,5.494339,80.25,13.0
2025-05-14 02:00:00,-1.2556458,5.345398,80.25,13.0
2025-05-14 03:00:00,-0.9517517,4.7602997,80.25,13.0
2025-05-14 04:00:00,-0.6207428,4.197571,80.25,13.0
2025-05-14 05:00:00,-0.12628174,3.6126099,80.25,13.0
2025-05-14 06:00:00,0.6770325,2.7916565,80.25,13.0
2025-05-14 07:00:00,1.879364,1.3046875,80.25,13.0
2025-05-14 08:00:00,3.3182983,-0.48703003,80.25,13.0
2025-05-14 09:00:00,4.784195,-2.2959137,80.25,13.0
2025-05-14 10:00:00,5.203903,-3.0530396,80.25,13.0
2025-05-14 11:00:00,5.829239,-3.3368073,80.25,13.0
2025-05-14 12:00:00,5.7906494,-3.4186249,80.25,13.0
2025-05-14 13:00:00,5.477112,-3.0121765,80.25,13.0
2025-05-14 14:00:00,5.7341003,-2.5225677,80.25,13.0
2025-05-14 15:00:00,5.8850403,-2.2667542,80.25,13.0
2025-05-14 16:00:00,6.0625305,-2.0567322,80.25,13.0
2025-05-14 17:00:00,6.364258,-2.0165253,80.25,13.0
2025-05-14 18:00:00,6.7469788,-2.2588043,80.25,13.0
2025-05-14 19:00:00,7.122467,-2.8104553,80.25,13.0
2025-05-14 20:00:00,7.4464417,-3.5173187,80.25,13.0
2025-05-14 21:00:00,7.660263,-3.831665,80.25,13.0
2025-05-14 22:00:00,7.3278656,-3.8478088,80.25,13.0
2025-05-14 23:00:00,7.340027,-3.6356964,80.25,13.0
2025-05-15 00:00:00,7.758316,-4.5860596,80.25,13.0
2025-05-15 01:00:00,7.6562195,-5.856018,80.25,13.0
2025-05-15 02:00:00,7.306549,-6.8481903,80.25,13.0
2025-05-15 03:00:00,7.0876923,-7.479004,80.25,13.0
2025-05-15 04:00:00,6.98526,-7.5735474,80.25,13.0
2025-05-15 05:00:00,6.961731,-7.411148,80.25,13.0
2025-05-15 06:00:00,7.030792,-7.0171967,80.25,13.0
2025-05-15 07:00:00,7.0088043,-6.443756,80.25,13.0
2025-05-15 08:00:00,6.749588,-5.6993103,80.25,13.0
2025-05-15 09:00:00,6.4492035,-4.831665,80.25,13.0
2025-05-15 10:00:00,7.1880493,-3.898758,80.25,13.0
2025-05-15 11:00:00,7.4812775,-2.9578094,80.25,13.0
2025-05-15 12:00:00,7.455002,-2.4496765,80.25,13.0
2025-05-15 13:00:00,7.3116455,-2.177475,80.25,13.0
2025-05-15 14:00:00,7.069992,-1.9758606,80.25,13.0
2025-05-15 15:00:00,6.691803,-1.6233368,80.25,13.0
2025-05-15 16:00:00,6.1936035,-1.2606506,80.25,13.0
2025-05-15 17:00:00,5.819092,-0.9414673,80.25,13.0
2025-05-15 18:00:00,5.3645782,-0.70983887,80.25,13.0
2025-05-15 19:00:00,5.20842,-0.31811523,80.25,13.0
2025-05-15 20:00:00,5.1376343,-0.035079956,80.25,13.0
2025-05-15 21:00:00,4.9570465,-0.2836609,80.25,13.0
2025-05-15 22:00:00,4.6796417,-1.0250244,80.25,13.0
2025-05-15 23:00:00,4.274231,-1.6318665,80.25,13.0
2025-05-16 00:00:00,3.7179718,-1.9086304,80.25,13.0
2025-05-16 01:00:00,3.4875183,-1.7112732,80.25,13.0
2025-05-16 02:00:00,4.017563,-1.3695984,80.25,13.0
2025-05-16 03:00:00,4.487747,-1.4400482,80.25,13.0
2025-05-16 04:00:00,4.7769165,-1.525238,80.25,13.0
2025-05-16 05:00:00,4.758896,-1.6352081,80.25,13.0
2025-05-16 06:00:00,4.5664825,-1.8468628,80.25,13.0
2025-05-16 07:00:00,3.9067688,-2.7979126,80.25,13.0
2025-05-16 08:00:00,2.7668915,-3.6433258,80.25,13.0
2025-05-16 09:00:00,1.8766937,-4.208313,80.25,13.0
2025-05-16 10:00:00,1.4220123,-4.3801117,80.25,13.0
2025-05-16 11:00:00,1.7905273,-4.2292175,80.25,13.0
2025-05-16 12:00:00,2.1788177,-4.017578,80.25,13.0
2025-05-16 13:00:00,2.3748322,-3.7960205,80.25,13.0
2025-05-16 14:00:00,2.4806213,-3.4570923,80.25,13.0
2025-05-16 15:00:00,2.5401764,-2.945572,80.25,13.0
2025-05-16 16:00:00,2.7890472,-2.457611,80.25,13.0
2025-05-16 17:00:00,3.552826,-2.0019531,80.25,13.0
2025-05-16 18:00:00,4.361664,-1.9334259,80.25,13.0
2025-05-16 19:00:00,5.0313873,-2.3592377,80.25,13.0
2025-05-16 20:00:00,5.108017,-3.076889,80.25,13.0
2025-05-16 21:00:00,4.704895,-3.6880798,80.25,13.0
2025-05-16 22:00:00,3.7062836,-3.5674744,80.25,13.0
2025-05-16 23:00:00,3.1482544,-3.5457764,80.25,13.0
2025-05-17 00:00:00,2.9781647,-3.4984894,80.25,13.0
2025-05-17 01:00:00,2.944275,-3.3016357,80.25,13.0
2025-05-17 02:00:00,2.7344666,-2.9363403,80.25,13.0
2025-05-17 03:00:00,2.429779,-2.3582764,80.25,13.0
2025-05-17 04:00:00,2.206955,-1.6486969,80.25,13.0
2025-05-17 05:00:00,2.2831726,-0.8239746,80.25,13.0
2025-05-17 06:00:00,2.4100952,-0.26087952,80.25,13.0
2025-05-17 07:00:00,2.566574,0.37852478,80.25,13.0
2025-05-17 08:00:00,2.9890594,0.8769226,80.25,13.0
2025-05-17 09:00:00,3.4505768,1.2046356,80.25,13.0
2025-05-17 10:00:00,4.838272,1.5065002,80.25,13.0
2025-05-17 11:00:00,5.2171783,1.774292,80.25,13.0
2025-05-17 12:00:00,5.3983154,2.0104675,80.25,13.0
2025-05-17 13:00:00,5.049103,2.4503632,80.25,13.0
2025-05-17 14:00:00,4.732315,3.3273468,80.25,13.0
2025-05-17 15:00:00,4.518936,4.3822327,80.25,13.0
2025-05-17 16:00:00,4.175888,5.1825256,80.25,13.0
2025-05-17 17:00:00,3.7684174,5.967804,80.25,13.0
2025-05-17 18:00:00,2.8534546,6.5352936,80.25,13.0
2025-05-17 19:00:00,1.6790009,6.903076,80.25,13.0
2025-05-17 20:00:00,0.47373962,7.219925,80.25,13.0
2025-05-17 21:00:00,-0.03265381,7.0019684,80.25,13.0
2025-05-17 22:00:00,-1.1534882,6.1092224,80.25,13.0
2025-05-17 23:00:00,-2.3047638,5.719818,80.25,13.0
2025-05-18 00:00:00,-3.076355,5.7581635,80.25,13.0
2025-05-18 01:00:00,-3.523285,5.8247986,80.25,13.0
2025-05-18 02:00:00,-3.8087463,5.79599,80.25,13.0
2025-05-18 03:00:00,-3.7369995,5.6188354,80.25,13.0
2025-05-18 04:00:00,-3.7172241,5.335129,80.25,13.0
2025-05-18 05:00:00,-4.0885468,4.9993896,80.25,13.0
2025-05-18 06:00:00,-4.127838,4.77565,80.25,13.0
2025-05-18 07:00:00,-3.89299,4.562042,80.25,13.0
2025-05-18 08:00:00,-3.6394196,4.3937836,80.25,13.0
2025-05-18 09:00:00,-3.5864716,3.9400482,80.25,13.0
2025-05-18 10:00:00,-3.1688385,3.9581604,80.25,13.0
2025-05-18 11:00:00,-2.7520905,3.2032166,80.25,13.0
2025-05-18 12:00:00,-2.9193268,2.5762787,80.25,13.0
2025-05-18 13:00:00,-3.1891785,2.3902588,80.25,13.0
2025-05-18 14:00:00,-3.1811981,2.3405151,80.25,13.0
2025-05-18 15:00:00,-2.9601593,2.3814545,80.25,13.0
2025-05-18 16:00:00,-2.471405,2.0488281,80.25,13.0
2025-05-18 17:00:00,-1.7788391,1.4414673,80.25,13.0
2025-05-18 18:00:00,-1.4463654,0.4083557,80.25,13.0
2025-05-18 19:00:00,-1.6131897,-0.3993988,80.25,13.0
2025-05-18 20:00:00,-1.95018,-0.9416046,80.25,13.0
2025-05-18 21:00:00,-2.074707,-1.28125,80.25,13.0
2025-05-18 22:00:00,-1.8096161,-1.4832611,80.25,13.0
2025-05-18 23:00:00,-1.9354095,-1.7249146,80.25,13.0
2025-05-19 00:00:00,-2.2988586,-1.9177704,80.25,13.0
2025-05-19 01:00:00,-2.2082214,-2.2309418,80.25,13.0
2025-05-19 02:00:00,-2.2667084,-2.796875,80.25,13.0
2025-05-19 03:00:00,-2.4807281,-3.3909607,80.25,13.0
2025-05-19 04:00:00,-2.85141,-3.9706116,80.25,13.0
2025-05-19 05:00:00,-3.0243225,-4.558258,80.25,13.0
2025-05-19 06:00:00,-3.0963287,-5.164612,80.25,13.0
2025-05-19 07:00:00,-3.2305603,-5.694687,80.25,13.0
2025-05-19 08:00:00,-3.4294739,-6.0540466,80.25,13.0
2025-05-19 09:00:00,-3.4776764,-6.261688,80.25,13.0
2025-05-19 10:00:00,-3.4192352,-4.8779144,80.25,13.0
2025-05-19 11:00:00,-2.911728,-5.365738,80.25,13.0
2025-05-19 12:00:00,-2.558136,-6.095398,80.25,13.0
2025-05-19 13:00:00,-2.4431763,-6.9932556,80.25,13.0
2025-05-19 14:00:00,-2.3929443,-7.8164673,80.25,13.0
2025-05-19 15:00:00,-2.2907715,-8.29599,80.25,13.0
2025-05-19 16:00:00,-2.0362701,-8.431747,80.25,13.0
2025-05-19 17:00:00,-1.7728577,-8.372314,80.25,13.0
2025-05-19 18:00:00,-1.4408264,-8.200256,80.25,13.0
2025-05-19 19:00:00,-1.0760956,-8.0711975,80.25,13.0
2025-05-19 20:00:00,-0.74150085,-7.912918,80.25,13.0
2025-05-19 21:00:00,-0.51013184,-7.6147156,80.25,13.0
2025-05-19 22:00:00,-0.9602814,-6.9828186,80.25,13.0
2025-05-19 23:00:00,-1.1927948,-6.8091736,80.25,13.0
2025-05-20 00:00:00,-1.352005,-6.7214203,80.25,13.0
2025-05-20 01:00:00,-1.4693146,-6.5588684,80.25,13.0
2025-05-20 02:00:00,-1.6909027,-6.4608765,80.25,13.0
2025-05-20 03:00:00,-1.7048798,-6.2233276,80.25,13.0
2025-05-20 04:00:00,-1.6295166,-6.1129303,80.25,13.0
2025-05-20 05:00:00,-1.2949982,-6.2567596,80.25,13.0
2025-05-20 06:00:00,-1.047699,-6.5848236,80.25,13.0
2025-05-20 07:00:00,-0.9527283,-6.832138,80.25,13.0
2025-05-20 08:00:00,-0.7756195,-6.8237457,80.25,13.0
2025-05-20 09:00:00,-0.41996765,-6.6881104,80.25,13.0
2025-05-20 10:00:00,-1.0750885,-5.7527466,80.25,13.0
2025-05-20 11:00:00,-0.42245483,-5.5234375,80.25,13.0
2025-05-20 12:00:00,0.3802948,-5.3751373,80.25,13.0
2025-05-20 13:00:00,1.1842651,-5.3876953,80.25,13.0
2025-05-20 14:00:00,1.7801514,-5.636673,80.25,13.0
2025-05-20 15:00:00,2.1579437,-6.1240997,80.25,13.0
2025-05-20 16:00:00,2.3109894,-6.386078,80.25,13.0
2025-05-20 17:00:00,2.4872894,-6.3763275,80.25,13.0
2025-05-20 18:00:00,2.6578064,-6.0851593,80.25,13.0
2025-05-20 19:00:00,2.754654,-5.1791687,80.25,13.0
2025-05-20 20:00:00,3.1313782,-4.1892853,80.25,13.0
2025-05-20 21:00:00,3.6349792,-3.1483765,80.25,13.0
2025-05-20 22:00:00,4.9713135,-2.41568,80.25,13.0
2025-05-20 23:00:00,5.7549744,-2.1878967,80.25,13.0
2025-05-21 00:00:00,5.8755035,-1.7757263,80.25,13.0
2025-05-21 01:00:00,5.732193,-0.7538147,80.25,13.0
2025-05-21 02:00:00,5.727722,0.30529785,80.25,13.0
2025-05-21 03:00:00,6.028488,1.4274902,80.25,13.0
2025-05-21 04:00:00,6.0531616,2.5387878,80.25,13.0
2025-05-21 05:00:00,6.0334473,3.4883728,80.25,13.0
2025-05-21 06:00:00,6.3346863,4.0884857,80.25,13.0
2025-05-21 07:00:00,6.7512054,4.553894,80.25,13.0
2025-05-21 08:00:00,7.3459473,4.950531,80.25,13.0
2025-05-21 09:00:00,7.8818207,5.3789215,80.25,13.0
2025-05-21 10:00:00,8.492432,5.9226685,80.25,13.0
2025-05-21 11:00:00,8.428299,6.531952,80.25,13.0
2025-05-21 12:00:00,8.5151825,6.590683,80.25,13.0
2025-05-21 13:00:00,8.53038,6.51651,80.25,13.0
2025-05-21 14:00:00,8.64061,6.577179,80.25,13.0
2025-05-21 15:00:00,8.911575,6.65123,80.25,13.0
2025-05-21 16:00:00,9.000748,6.6997986,80.25,13.0
2025-05-21 17:00:00,8.569321,6.8159637,80.25,13.0
2025-05-21 18:00:00,8.529236,6.8562164,80.25,13.0
2025-05-21 19:00:00,8.865433,6.577362,80.25,13.0
2025-05-21 20:00:00,8.956619,5.669449,80.25,13.0
2025-05-21 21:00:00,8.410004,4.4144287,80.25,13.0
2025-05-21 22:00:00,8.457626,4.3849487,80.25,13.0
2025-05-21 23:00:00,8.606766,2.8035736,80.25,13.0
2025-05-22 00:00:00,8.741287,1.5040894,80.25,13.0
2025-05-22 01:00:00,8.605743,0.7483673,80.25,13.0
2025-05-22 02:00:00,8.533813,0.5390167,80.25,13.0
2025-05-22 03:00:00,8.369705,0.3322296,80.25,13.0
2025-05-22 04:00:00,8.019348,-0.628891,80.25,13.0
2025-05-22 05:00:00,7.4014435,-2.0049438,80.25,13.0
2025-05-22 06:00:00,6.8569946,-2.8267517,80.25,13.0
2025-05-22 07:00:00,6.528305,-3.2825317,80.25,13.0
2025-05-22 08:00:00,6.243271,-3.6457367,80.25,13.0
2025-05-22 09:00:00,5.669815,-4.3809967,80.25,13.0
2025-05-22 10:00:00,4.6224976,-4.2274017,80.25,13.0
2025-05-22 11:00:00,4.123398,-5.5292816,80.25,13.0
2025-05-22 12:00:00,3.71109,-6.3799896,80.25,13.0
2025-05-22 13:00:00,3.2245483,-7.1257935,80.25,13.0
2025-05-22 14:00:00,2.8461456,-7.477936,80.25,13.0
2025-05-22 15:00:00,2.6576843,-7.2213745,80.25,13.0
2025-05-22 16:00:00,2.7770538,-6.8229065,80.25,13.0
2025-05-22 17:00:00,3.1280365,-6.5908813,80.25,13.0
2025-05-22 18:00:00,3.4240875,-6.345276,80.25,13.0
2025-05-22 19:00:00,3.8023376,-6.1426086,80.25,13.0
2025-05-22 20:00:00,4.0543365,-6.0334473,80.25,13.0
2025-05-22 21:00:00,4.3175964,-6.2916565,80.25,13.0
2025-05-22 22:00:00,4.182907,-6.736679,80.25,13.0
2025-05-22 23:00:00,3.8835144,-6.961014,80.25,13.0
2025-05-23 00:00:00,3.8387146,-7.135895,80.25,13.0
2025-05-23 01:00:00,4.2073517,-7.405182,80.25,13.0
2025-05-23 02:00:00,4.6333466,-7.366379,80.25,13.0
2025-05-23 03:00:00,4.8250732,-7.114197,80.25,13.0
2025-05-23 04:00:00,4.9066315,-7.0140686,80.25,13.0
2025-05-23 05:00:00,5.0641327,-6.906021,80.25,13.0
2025-05-23 06:00:00,5.027527,-6.7282257,80.25,13.0
2025-05-23 07:00:00,4.8549957,-6.518051,80.25,13.0
2025-05-23 08:00:00,4.8713684,-6.210434,80.25,13.0
2025-05-23 09:00:00,4.896881,-5.9069214,80.25,13.0
2025-05-23 10:00:00,4.832611,-5.016922,80.25,13.0
2025-05-23 11:00:00,5.212906,-4.806076,80.25,13.0
2025-05-23 12:00:00,5.073532,-4.5261536,80.25,13.0
2025-05-23 13:00:00,4.883148,-4.1644745,80.25,13.0
2025-05-23 14:00:00,4.537369,-3.8822021,80.25,13.0
2025-05-23 15:00:00,4.239197,-3.4786835,80.25,13.0
2025-05-23 16:00:00,4.1459045,-3.1186981,80.25,13.0
2025-05-23 17:00:00,3.9327393,-3.124878,80.25,13.0
2025-05-23 18:00:00,3.6923828,-2.9189606,80.25,13.0
2025-05-23 19:00:00,3.2237701,-2.7901306,80.25,13.0
2025-05-23 20:00:00,2.6685944,-2.5792542,80.25,13.0
2025-05-23 21:00:00,2.203247,-2.2402039,80.25,13.0
2025-05-23 22:00:00,1.4690552,-1.6004028,80.25,13.0
2025-05-23 23:00:00,1.6594238,-1.320343,80.25,13.0
2025-05-24 00:00:00,1.7159119,-1.1664581,80.25,13.0
2025-05-24 01:00:00,2.0107727,-1.1256866,80.25,13.0
2025-05-24 02:00:00,2.176468,-1.0806732,80.25,13.0
2025-05-24 03:00:00,2.411255,-1.1372681,80.25,13.0
2025-05-24 04:00:00,2.2293549,-1.2153931,80.25,13.0
2025-05-24 05:00:00,1.9344025,-1.0209656,80.25,13.0
2025-05-24 06:00:00,1.5865326,-0.71035767,80.25,13.0
2025-05-24 07:00:00,1.5692596,-0.23356628,80.25,13.0
2025-05-24 08:00:00,1.2212677,-0.020309448,80.25,13.0
2025-05-24 09:00:00,0.98902893,0.2087555,80.25,13.0
2025-05-24 10:00:00,-0.096832275,0.46336365,80.25,13.0
2025-05-24 11:00:00,-0.6752014,1.3431091,80.25,13.0
2025-05-24 12:00:00,-0.89604187,2.0932465,80.25,13.0
2025-05-24 13:00:00,-0.9574127,2.5934296,80.25,13.0
2025-05-24 14:00:00,-1.0386505,2.535797,80.25,13.0
2025-05-24 15:00:00,-1.2819366,2.3425598,80.25,13.0
2025-05-24 16:00:00,-1.7780609,2.1654816,80.25,13.0
2025-05-24 17:00:00,-2.546997,2.153183,80.25,13.0
2025-05-24 18:00:00,-3.1904907,2.3296814,80.25,13.0
2025-05-24 19:00:00,-3.7624207,2.2674103,80.25,13.0
2025-05-24 20:00:00,-4.299469,1.8213348,80.25,13.0
2025-05-24 21:00:00,-5.0607452,1.6009064,80.25,13.0
2025-05-24 22:00:00,-5.650711,1.7366333,80.25,13.0
2025-05-24 23:00:00,-6.114395,1.5561371,80.25,13.0
2025-05-25 00:00:00,-6.2032013,1.653122,80.25,13.0
2025-05-25 01:00:00,-5.9909363,1.7074432,80.25,13.0
2025-05-25 02:00:00,-5.6592255,1.7139282,80.25,13.0
2025-05-25 03:00:00,-5.4825287,1.8621216,80.25,13.0
2025-05-25 04:00:00,-5.197998,2.080246,80.25,13.0
2025-05-25 05:00:00,-5.039749,2.025177,80.25,13.0
2025-05-25 06:00:00,-5.124954,1.9440765,80.25,13.0
2025-05-25 07:00:00,-5.149872,1.9442749,80.25,13.0
2025-05-25 08:00:00,-5.1018066,2.1566772,80.25,13.0
2025-05-25 09:00:00,-4.8755035,2.5910492,80.25,13.0
2025-05-25 10:00:00,-4.546234,1.6131592,80.25,13.0
2025-05-25 11:00:00,-4.678131,1.9237823,80.25,13.0
2025-05-25 12:00:00,-4.7207794,2.4518433,80.25,13.0
2025-05-25 13:00:00,-4.6088715,2.9350128,80.25,13.0
2025-05-25 14:00:00,-4.8185425,2.8028717,80.25,13.0
2025-05-25 15:00:00,-5.5628967,2.9775543,80.25,13.0
2025-05-25 16:00:00,-6.0435333,3.5908356,80.25,13.0
2025-05-25 17:00:00,-6.060623,4.305252,80.25,13.0
2025-05-25 18:00:00,-5.80336,5.0271454,80.25,13.0
2025-05-25 19:00:00,-5.2724,5.483673,80.25,13.0
2025-05-25 20:00:00,-4.6530914,5.4055023,80.25,13.0
2025-05-25 21:00:00,-4.1753235,5.2064514,80.25,13.0
2025-05-25 22:00:00,-3.7159576,4.637863,80.25,13.0
2025-05-25 23:00:00,-3.347458,4.665558,80.25,13.0
2025-05-26 00:00:00,-3.2853699,4.2162476,80.25,13.0
2025-05-26 01:00:00,-3.8733063,3.8243408,80.25,13.0
2025-05-26 02:00:00,-4.3421936,3.9181976,80.25,13.0
2025-05-26 03:00:00,-4.404724,4.1181183,80.25,13.0
2025-05-26 04:00:00,-4.5693665,3.849411,80.25,13.0
2025-05-26 05:00:00,-4.8513336,3.505005,80.25,13.0
2025-05-26 06:00:00,-5.129471,3.31102,80.25,13.0
2025-05-26 07:00:00,-5.2221985,3.3271332,80.25,13.0
2025-05-26 08:00:00,-5.3140564,3.190216,80.25,13.0
2025-05-26 09:00:00,-5.309738,3.0489197,80.25,13.0
2025-05-26 10:00:00,-4.6791077,2.7142792,80.25,13.0
2025-05-26 11:00:00,-4.7377014,2.8939667,80.25,13.0
2025-05-26 12:00:00,-5.566559,2.7098846,80.25,13.0
2025-05-26 13:00:00,-5.937332,3.5638123,80.25,13.0
2025-05-26 14:00:00,-5.1230774,3.8790894,80.25,13.0
2025-05-26 15:00:00,-4.3099365,3.2726135,80.25,13.0
2025-05-26 16:00:00,-3.7695923,2.7786713,80.25,13.0
2025-05-26 17:00:00,-3.0255737,2.5486603,80.25,13.0
2025-05-26 18:00:00,-1.8027954,2.434845,80.25,13.0
2025-05-26 19:00:00,-0.3267517,2.2283173,80.25,13.0
2025-05-26 20:00:00,1.181076,1.9342651,80.25,13.0
2025-05-26 21:00:00,2.6834717,1.6615753,80.25,13.0
2025-05-26 22:00:00,5.0118713,1.4539948,80.25,13.0
2025-05-26 23:00:00,5.8358307,1.3358154,80.25,13.0
2025-05-27 00:00:00,6.3495483,1.2649536,80.25,13.0
2025-05-27 01:00:00,6.9604187,1.489975,80.25,13.0
2025-05-27 02:00:00,7.4372406,1.3851471,80.25,13.0
2025-05-27 03:00:00,7.5451202,1.0941772,80.25,13.0
2025-05-27 04:00:00,7.6186676,0.75761414,80.25,13.0
2025-05-27 05:00:00,7.86351,0.21981812,80.25,13.0
2025-05-27 06:00:00,8.203644,-0.6257019,80.25,13.0
2025-05-27 07:00:00,8.468994,-1.4585266,80.25,13.0
2025-05-27 08:00:00,8.322922,-1.888443,80.25,13.0
2025-05-27 09:00:00,8.232986,-1.6965637,80.25,13.0
2025-05-27 10:00:00,8.991196,-1.1002045,80.25,13.0
2025-05-27 11:00:00,9.336029,-1.0168915,80.25,13.0
2025-05-27 12:00:00,9.186401,-0.82237244,80.25,13.0
2025-05-27 13:00:00,8.764328,-0.32984924,80.25,13.0
2025-05-27 14:00:00,8.577713,0.0368042,80.25,13.0
2025-05-27 15:00:00,8.45163,0.11099243,80.25,13.0
2025-05-27 16:00:00,8.364471,-0.20996094,80.25,13.0
2025-05-27 17:00:00,7.988037,-0.86102295,80.25,13.0
2025-05-27 18:00:00,7.2462463,-1.4548035,80.25,13.0
2025-05-27 19:00:00,6.207382,-1.630249,80.25,13.0
2025-05-27 20:00:00,5.242218,-1.7064514,80.25,13.0
2025-05-27 21:00:00,4.4283905,-1.8163605,80.25,13.0
2025-05-27 22:00:00,3.757782,-1.9492798,80.25,13.0
2025-05-27 23:00:00,3.3518677,-1.9615936,80.25,13.0
2025-05-28 00:00:00,2.72966,-1.9515533,80.25,13.0
2025-05-28 01:00:00,2.0746765,-1.713913,80.25,13.0
2025-05-28 02:00:00,1.4238281,-1.5445099,80.25,13.0
2025-05-28 03:00:00,0.3908844,-1.6985779,80.25,13.0
2025-05-28 04:00:00,-0.52568054,-1.0393677,80.25,13.0
2025-05-28 05:00:00,-1.263092,-0.89733887,80.25,13.0
2025-05-28 06:00:00,-1.6620483,-0.6222229,80.25,13.0
2025-05-28 07:00:00,-1.8721771,-0.6522217,80.25,13.0
2025-05-28 08:00:00,-1.9335022,-0.7270813,80.25,13.0
2025-05-28 09:00:00,-1.6968842,-0.45845032,80.25,13.0
2025-05-28 10:00:00,-2.4891205,0.3896942,80.25,13.0
2025-05-28 11:00:00,-1.3580017,1.0254364,80.25,13.0
2025-05-28 12:00:00,0.050064087,1.8088379,80.25,13.0
2025-05-28 13:00:00,1.6780396,2.162674,80.25,13.0
2025-05-28 14:00:00,3.177536,1.487854,80.25,13.0
2025-05-28 15:00:00,3.6700287,0.64656067,80.25,13.0
2025-05-28 16:00:00,3.183014,0.0831604,80.25,13.0
2025-05-28 17:00:00,1.7223053,-0.71235657,80.25,13.0
2025-05-28 18:00:00,-0.50286865,-1.720398,80.25,13.0
2025-05-28 19:00:00,-2.1190033,-1.6824036,80.25,13.0
2025-05-28 20:00:00,-2.7947998,-1.2629242,80.25,13.0
2025-05-28 21:00:00,-2.887848,-0.9355011,80.25,13.0
2025-05-28 22:00:00,-2.4056091,-0.1181488,80.25,13.0
2025-05-28 23:00:00,-1.4656067,0.1645813,80.25,13.0
2025-05-29 00:00:00,-0.4449005,0.13859558,80.25,13.0
2025-05-29 01:00:00,0.7292023,0.47525024,80.25,13.0
2025-05-29 02:00:00,1.8236237,0.9352112,80.25,13.0
2025-05-29 03:00:00,2.6734314,1.3990021,80.25,13.0
2025-05-29 04:00:00,3.1855621,1.5357971,80.25,13.0
2025-05-29 05:00:00,3.2035217,1.6751862,80.25,13.0
2025-05-29 06:00:00,3.0202332,2.1924744,80.25,13.0
2025-05-29 07:00:00,2.9363708,2.5688324,80.25,13.0
2025-05-29 08:00:00,2.7929382,2.5534668,80.25,13.0
2025-05-29 09:00:00,1.9356232,2.0522766,80.25,13.0
2025-05-29 10:00:00,1.9357147,0.97854614,80.25,13.0
2025-05-29 11:00:00,-0.39413452,0.601593,80.25,13.0
2025-05-29 12:00:00,-2.5777893,1.2146301,80.25,13.0
2025-05-29 13:00:00,-3.9142456,2.5274963,80.25,13.0
2025-05-29 14:00:00,-4.2105103,3.8250122,80.25,13.0
2025-05-29 15:00:00,-4.0707703,4.544739,80.25,13.0
2025-05-29 16:00:00,-2.5794525,5.173996,80.25,13.0
2025-05-29 17:00:00,-0.6035309,5.1950836,80.25,13.0
2025-05-29 18:00:00,1.4490356,4.464554,80.25,13.0
2025-05-29 19:00:00,2.3843842,3.4036713,80.25,13.0
2025-05-29 20:00:00,2.630661,2.5008698,80.25,13.0
2025-05-29 21:00:00,2.3693542,1.551178,80.25,13.0
2025-05-29 22:00:00,2.266098,1.5634766,80.25,13.0
2025-05-29 23:00:00,2.1102142,0.8040161,80.25,13.0
2025-05-30 00:00:00,1.9242249,-0.1907959,80.25,13.0
2025-05-30 01:00:00,1.4194489,-1.0940704,80.25,13.0
2025-05-30 02:00:00,0.8412628,-1.8894653,80.25,13.0
2025-05-30 03:00:00,0.11842346,-2.266388,80.25,13.0
2025-05-30 04:00:00,-0.3733368,-2.2769012,80.25,13.0
2025-05-30 05:00:00,-0.5705719,-2.5198517,80.25,13.0
2025-05-30 06:00:00,-0.6135864,-2.897644,80.25,13.0
2025-05-30 07:00:00,-0.5835266,-3.5377045,80.25,13.0
2025-05-30 08:00:00,-0.75071716,-4.209961,80.25,13.0
2025-05-30 09:00:00,-1.0789185,-4.7862396,80.25,13.0
2025-05-30 10:00:00,-1.0721283,-6.1638947,80.25,13.0
2025-05-30 11:00:00,-1.9918518,-6.21257,80.25,13.0
2025-05-30 12:00:00,-2.326355,-6.074356,80.25,13.0
2025-05-30 13:00:00,-2.4586945,-5.8844604,80.25,13.0
2025-05-30 14:00:00,-2.4984283,-5.92836,80.25,13.0
2025-05-30 15:00:00,-2.7413635,-6.139374,80.25,13.0
2025-05-30 16:00:00,-2.6762695,-6.419983,80.25,13.0
2025-05-30 17:00:00,-2.6089783,-6.8339996,80.25,13.0
2025-05-30 18:00:00,-2.6322937,-7.304825,80.25,13.0
2025-05-30 19:00:00,-2.6267853,-7.538742,80.25,13.0
2025-05-30 20:00:00,-2.4802856,-7.7490845,80.25,13.0
2025-05-30 21:00:00,-2.3634644,-7.824875,80.25,13.0
2025-05-30 22:00:00,-2.0128021,-7.6579285,80.25,13.0
2025-05-30 23:00:00,-2.0716858,-7.642441,80.25,13.0
2025-05-31 00:00:00,-1.8718109,-7.7137756,80.25,13.0
2025-05-31 01:00:00,-1.2533722,-7.7282867,80.25,13.0
2025-05-31 02:00:00,-0.24867249,-7.8980713,80.25,13.0
2025-05-31 03:00:00,0.9627838,-8.306076,80.25,13.0
2025-05-31 04:00:00,1.9483032,-8.536621,80.25,13.0
2025-05-31 05:00:00,2.5103455,-8.555206,80.25,13.0
2025-05-31 06:00:00,2.9926605,-8.345413,80.25,13.0
2025-05-31 07:00:00,3.2983398,-8.188522,80.25,13.0
2025-05-31 08:00:00,3.8750305,-7.961838,80.25,13.0
2025-05-31 09:00:00,4.5907288,-7.765503,80.25,13.0
2025-05-31 10:00:00,4.660446,-6.1247253,80.25,13.0
2025-05-31 11:00:00,6.3203735,-5.670822,80.25,13.0
2025-05-31 12:00:00,7.0517883,-5.811157,80.25,13.0
2025-05-31 13:00:00,6.8258514,-6.033081,80.25,13.0
2025-05-31 14:00:00,6.639282,-6.0271454,80.25,13.0
2025-05-31 15:00:00,6.846573,-5.615265,80.25,13.0
2025-05-31 16:00:00,7.2911835,-5.1633453,80.25,13.0
2025-05-31 17:00:00,7.8098145,-4.860672,80.25,13.0
2025-05-31 18:00:00,8.23822,-4.5266876,80.25,13.0
2025-05-31 19:00:00,8.732147,-4.2913666,80.25,13.0
2025-05-31 20:00:00,8.993118,-4.2131653,80.25,13.0
2025-05-31 21:00:00,9.020538,-3.9741821,80.25,13.0
2025-05-31 22:00:00,8.961868,-3.623001,80.25,13.0
2025-05-31 23:00:00,9.282486,-2.9300842,80.25,13.0
2025-06-01 00:00:00,9.446823,-2.5032349,80.25,13.0
2025-06-01 01:00:00,9.283188,-2.1386566,80.25,13.0
2025-06-01 02:00:00,9.219452,-1.7798309,80.25,13.0
2025-06-01 03:00:00,8.941132,-1.4779968,80.25,13.0
2025-06-01 04:00:00,8.776245,-1.1668091,80.25,13.0
2025-06-01 05:00:00,8.462357,-1.0624695,80.25,13.0
2025-06-01 06:00:00,8.178772,-0.76275635,80.25,13.0
2025-06-01 07:00:00,7.906189,-0.6343689,80.25,13.0
2025-06-01 08:00:00,7.6394043,-0.57411194,80.25,13.0
2025-06-01 09:00:00,6.859482,-1.02005,80.25,13.0
2025-06-01 10:00:00,6.5525665,-0.9734497,80.25,13.0
2025-06-01 11:00:00,6.675644,-0.5024109,80.25,13.0
2025-06-01 12:00:00,6.9077606,-0.71173096,80.25,13.0
2025-06-01 13:00:00,7.0729523,-1.1031799,80.25,13.0
2025-06-01 14:00:00,7.2587585,-1.4122925,80.25,13.0
2025-06-01 15:00:00,7.242035,-1.7909393,80.25,13.0
2025-06-01 16:00:00,7.094528,-1.9438019,80.25,13.0
2025-06-01 17:00:00,6.9039917,-2.044815,80.25,13.0
2025-06-01 18:00:00,6.4298706,-2.2231293,80.25,13.0
2025-06-01 19:00:00,5.8982544,-2.4187164,80.25,13.0
2025-06-01 20:00:00,5.4246674,-2.6295776,80.25,13.0
2025-06-01 21:00:00,5.083786,-2.5543365,80.25,13.0
2025-06-01 22:00:00,5.100128,-1.9526978,80.25,13.0
2025-06-01 23:00:00,5.0063477,-1.6783905,80.25,13.0
2025-06-02 00:00:00,4.9862366,-1.7179565,80.25,13.0
2025-06-02 01:00:00,5.1341248,-1.8956299,80.25,13.0
2025-06-02 02:00:00,5.053482,-2.1729126,80.25,13.0
2025-06-02 03:00:00,4.6332703,-2.3009796,80.25,13.0
2025-06-02 04:00:00,3.9352875,-2.7771301,80.25,13.0
2025-06-02 05:00:00,3.1496277,-2.7095032,80.25,13.0
2025-06-02 06:00:00,2.7458801,-1.9393921,80.25,13.0
2025-06-02 07:00:00,2.5041046,-1.0558624,80.25,13.0
2025-06-02 08:00:00,2.4812012,-0.86239624,80.25,13.0
2025-06-02 09:00:00,2.644333,-1.0464325,80.25,13.0
2025-06-02 10:00:00,3.089096,-1.489975,80.25,13.0
2025-06-02 11:00:00,3.4037476,-1.0172424,80.25,13.0
2025-06-02 12:00:00,3.6025085,-0.5651245,80.25,13.0
2025-06-02 13:00:00,3.774887,-0.42912292,80.25,13.0
2025-06-02 14:00:00,3.8727722,-0.6121521,80.25,13.0
2025-06-02 15:00:00,3.6994019,-0.8765869,80.25,13.0
2025-06-02 16:00:00,3.2823944,-0.8007965,80.25,13.0
2025-06-02 17:00:00,2.636444,-0.46559143,80.25,13.0
2025-06-02 18:00:00,2.0869446,0.1116333,80.25,13.0
2025-06-02 19:00:00,1.6217499,0.62654114,80.25,13.0
2025-06-02 20:00:00,1.295044,0.97276306,80.25,13.0
2025-06-02 21:00:00,1.145752,0.93362427,80.25,13.0
2025-06-02 22:00:00,1.8361206,-0.14167786,80.25,13.0
2025-06-02 23:00:00,1.1286163,-0.98017883,80.25,13.0
2025-06-03 00:00:00,0.26316833,-1.2684784,80.25,13.0
2025-06-03 01:00:00,-0.5593872,-1.0862274,80.25,13.0
2025-06-03 02:00:00,-1.2127838,-1.0455627,80.25,13.0
2025-06-03 03:00:00,-1.7078552,-1.0805817,80.25,13.0
2025-06-03 04:00:00,-2.125412,-0.83766174,80.25,13.0
2025-06-03 05:00:00,-2.148346,-0.95401,80.25,13.0
2025-06-03 06:00:00,-2.0542603,-1.1370544,80.25,13.0
2025-06-03 07:00:00,-1.9310608,-1.1171265,80.25,13.0
2025-06-03 08:00:00,-1.6748657,-1.0827942,80.25,13.0
2025-06-03 09:00:00,-1.2428436,-1.5371857,80.25,13.0
2025-06-03 10:00:00,-1.5512085,-2.456665,80.25,13.0
2025-06-03 11:00:00,-2.169571,-2.8496857,80.25,13.0
2025-06-03 12:00:00,-2.7008972,-3.039383,80.25,13.0
2025-06-03 13:00:00,-3.123993,-3.137848,80.25,13.0
2025-06-03 14:00:00,-3.3016052,-3.2321777,80.25,13.0
2025-06-03 15:00:00,-3.3418732,-3.4065552,80.25,13.0
2025-06-03 16:00:00,-3.4643707,-3.591858,80.25,13.0
2025-06-03 17:00:00,-3.5140839,-3.9830017,80.25,13.0
2025-06-03 18:00:00,-3.5966187,-4.3181,80.25,13.0
2025-06-03 19:00:00,-3.5407562,-4.655945,80.25,13.0
2025-06-03 20:00:00,-3.4655914,-5.1060944,80.25,13.0
2025-06-03 21:00:00,-3.5144653,-5.471344,80.25,13.0
2025-06-03 22:00:00,-4.2138977,-5.44014,80.25,13.0
2025-06-03 23:00:00,-4.4695435,-5.127777,80.25,13.0
2025-06-04 00:00:00,-4.5402374,-4.6187134,80.25,13.0
2025-06-04 01:00:00,-4.3264923,-4.367264,80.25,13.0
2025-06-04 02:00:00,-4.1911774,-4.4358826,80.25,13.0
2025-06-04 03:00:00,-4.2780914,-4.5545807,80.25,13.0
2025-06-04 04:00:00,-4.4765778,-4.4864655,80.25,13.0
2025-06-04 05:00:00,-4.650696,-4.5549316,80.25,13.0
2025-06-04 06:00:00,-5.131424,-4.4040833,80.25,13.0
2025-06-04 07:00:00,-5.3975983,-4.311722,80.25,13.0
2025-06-04 08:00:00,-5.388336,-4.507904,80.25,13.0
2025-06-04 09:00:00,-5.1954803,-5.0154724,80.25,13.0
2025-06-04 10:00:00,-5.88118,-5.2801514,80.25,13.0
2025-06-04 11:00:00,-6.1279297,-5.054245,80.25,13.0
2025-06-04 12:00:00,-6.132065,-5.295822,80.25,13.0
2025-06-04 13:00:00,-5.9849243,-5.8631134,80.25,13.0
2025-06-04 14:00:00,-5.7103424,-6.278763,80.25,13.0
2025-06-04 15:00:00,-5.668457,-6.484741,80.25,13.0
2025-06-04 16:00:00,-5.626175,-6.418976,80.25,13.0
2025-06-04 17:00:00,-5.691803,-6.395279,80.25,13.0
2025-06-04 18:00:00,-5.7494354,-6.2996674,80.25,13.0
2025-06-04 19:00:00,-5.5845337,-6.376831,80.25,13.0
2025-06-04 20:00:00,-5.5130157,-6.2983246,80.25,13.0
2025-06-04 21:00:00,-5.2601776,-6.4202423,80.25,13.0
2025-06-04 22:00:00,-4.838257,-6.5767517,80.25,13.0
2025-06-04 23:00:00,-4.3644714,-7.3360596,80.25,13.0
2025-06-05 00:00:00,-4.290451,-7.83078,80.25,13.0
2025-06-05 01:00:00,-4.467041,-7.9618835,80.25,13.0
2025-06-05 02:00:00,-4.501892,-7.849991,80.25,13.0
2025-06-05 03:00:00,-4.5360565,-7.616333,80.25,13.0
2025-06-05 04:00:00,-4.5306396,-7.533325,80.25,13.0
2025-06-05 05:00:00,-4.192642,-7.3513336,80.25,13.0
2025-06-05 06:00:00,-3.9281616,-7.2145386,80.25,13.0
2025-06-05 07:00:00,-3.7978363,-7.1289825,80.25,13.0
2025-06-05 08:00:00,-3.56958,-6.902939,80.25,13.0
2025-06-05 09:00:00,-3.624878,-6.577896,80.25,13.0
2025-06-05 10:00:00,-4.469406,-6.1197205,80.25,13.0
2025-06-05 11:00:00,-4.3522186,-5.046936,80.25,13.0
2025-06-05 12:00:00,-3.9445038,-4.873352,80.25,13.0
2025-06-05 13:00:00,-3.8589172,-5.317322,80.25,13.0
2025-06-05 14:00:00,-4.062393,-5.1621246,80.25,13.0
2025-06-05 15:00:00,-4.1949615,-4.707382,80.25,13.0
2025-06-05 16:00:00,-4.185837,-4.3279114,80.25,13.0
2025-06-05 17:00:00,-4.3357086,-4.105179,80.25,13.0
2025-06-05 18:00:00,-4.667282,-3.6631317,80.25,13.0
2025-06-05 19:00:00,-4.8541718,-3.279129,80.25,13.0
2025-06-05 20:00:00,-4.9523163,-3.212799,80.25,13.0
2025-06-05 21:00:00,-5.154846,-3.3232117,80.25,13.0
2025-06-05 22:00:00,-5.9996796,-4.127304,80.25,13.0
2025-06-05 23:00:00,-6.448761,-3.7878265,80.25,13.0
2025-06-06 00:00:00,-6.209091,-3.7303162,80.25,13.0
2025-06-06 01:00:00,-6.631714,-3.520874,80.25,13.0
2025-06-06 02:00:00,-6.821045,-3.246521,80.25,13.0
2025-06-06 03:00:00,-7.222702,-2.856018,80.25,13.0
2025-06-06 04:00:00,-7.6452484,-2.605484,80.25,13.0
2025-06-06 05:00:00,-8.093185,-2.1501312,80.25,13.0
2025-06-06 06:00:00,-8.519165,-1.755722,80.25,13.0
2025-06-06 07:00:00,-8.856506,-1.403595,80.25,13.0
2025-06-06 08:00:00,-9.089676,-0.7445221,80.25,13.0
2025-06-06 09:00:00,-8.800064,-0.2191925,80.25,13.0
2025-06-06 10:00:00,-9.06044,0.48565674,80.25,13.0
2025-06-06 11:00:00,-8.865463,0.72309875,80.25,13.0
2025-06-06 12:00:00,-8.381012,1.278244,80.25,13.0
2025-06-06 13:00:00,-7.977463,1.5182495,80.25,13.0
2025-06-06 14:00:00,-7.6228485,1.5655518,80.25,13.0
2025-06-06 15:00:00,-7.689514,1.529419,80.25,13.0
2025-06-06 16:00:00,-7.8548737,1.8865509,80.25,13.0
2025-06-06 17:00:00,-7.9871674,2.1279602,80.25,13.0
2025-06-06 18:00:00,-8.02359,2.4072723,80.25,13.0
2025-06-06 19:00:00,-7.770584,2.6950073,80.25,13.0
2025-06-06 20:00:00,-7.333725,2.6471405,80.25,13.0
2025-06-06 21:00:00,-7.0171356,2.3673859,80.25,13.0
2025-06-06 22:00:00,-7.4762115,1.5089874,80.25,13.0
2025-06-06 23:00:00,-7.649124,1.1455078,80.25,13.0
2025-06-07 00:00:00,-8.123764,0.8294983,80.25,13.0
2025-06-07 01:00:00,-8.63028,0.5663452,80.25,13.0
2025-06-07 02:00:00,-8.804413,0.5664215,80.25,13.0
2025-06-07 03:00:00,-9.001053,0.48454285,80.25,13.0
2025-06-07 04:00:00,-8.904526,0.352417,80.25,13.0
2025-06-07 05:00:00,-8.878723,0.16545105,80.25,13.0
2025-06-07 06:00:00,-9.072769,-0.34043884,80.25,13.0
2025-06-07 07:00:00,-9.487747,-0.79599,80.25,13.0
2025-06-07 08:00:00,-9.895889,-1.0569305,80.25,13.0
2025-06-07 09:00:00,-10.182358,-1.2290039,80.25,13.0
2025-06-07 10:00:00,-9.501999,-1.9612885,80.25,13.0
2025-06-07 11:00:00,-10.187317,-2.3086395,80.25,13.0
2025-06-07 12:00:00,-10.484863,-1.9167938,80.25,13.0
2025-06-07 13:00:00,-10.218063,-1.7433777,80.25,13.0
2025-06-07 14:00:00,-10.020126,-1.6491699,80.25,13.0
2025-06-07 15:00:00,-9.8658905,-1.7528839,80.25,13.0
2025-06-07 16:00:00,-9.724487,-1.8186951,80.25,13.0
2025-06-07 17:00:00,-9.582581,-1.751236,80.25,13.0
2025-06-07 18:00:00,-9.500748,-1.4768372,80.25,13.0
2025-06-07 19:00:00,-9.290604,-1.0818787,80.25,13.0
2025-06-07 20:00:00,-8.83284,-0.7318115,80.25,13.0
2025-06-07 21:00:00,-8.292313,-0.3963623,80.25,13.0
2025-06-07 22:00:00,-7.843216,-0.40821838,80.25,13.0
2025-06-07 23:00:00,-7.178955,-0.14750671,80.25,13.0
2025-06-08 00:00:00,-6.636307,-0.104156494,80.25,13.0
2025-06-08 01:00:00,-6.414459,-0.061172485,80.25,13.0
2025-06-08 02:00:00,-6.3559723,0.06765747,80.25,13.0
2025-06-08 03:00:00,-6.2359924,0.24028015,80.25,13.0
2025-06-08 04:00:00,-6.1699524,0.39892578,80.25,13.0
2025-06-08 05:00:00,-6.0206604,0.44999695,80.25,13.0
2025-06-08 06:00:00,-5.8081665,0.47079468,80.25,13.0
2025-06-08 07:00:00,-5.568054,0.27009583,80.25,13.0
2025-06-08 08:00:00,-5.3102417,0.006729126,80.25,13.0
2025-06-08 09:00:00,-5.264282,-0.37527466,80.25,13.0
2025-06-08 10:00:00,-5.410843,-1.556366,80.25,13.0
2025-06-08 11:00:00,-6.0445404,-1.4259644,80.25,13.0
2025-06-08 12:00:00,-6.4105377,-1.2584686,80.25,13.0
2025-06-08 13:00:00,-6.7900696,-1.4140625,80.25,13.0
2025-06-08 14:00:00,-7.1788177,-1.5801239,80.25,13.0
2025-06-08 15:00:00,-7.36232,-1.6266785,80.25,13.0
2025-06-08 16:00:00,-7.4509125,-1.7026062,80.25,13.0
2025-06-08 17:00:00,-7.534149,-1.9251556,80.25,13.0
2025-06-08 18:00:00,-7.634659,-1.9853058,80.25,13.0
2025-06-08 19:00:00,-7.593628,-2.0019073,80.25,13.0
2025-06-08 20:00:00,-7.558136,-2.038269,80.25,13.0
2025-06-08 21:00:00,-7.419159,-2.0183868,80.25,13.0
2025-06-08 22:00:00,-7.6689453,-2.0263824,80.25,13.0
2025-06-08 23:00:00,-7.595093,-2.1558075,80.25,13.0
2025-06-09 00:00:00,-7.766632,-2.4011536,80.25,13.0
2025-06-09 01:00:00,-8.102051,-2.5380707,80.25,13.0
2025-06-09 02:00:00,-8.43634,-2.7344208,80.25,13.0
2025-06-09 03:00:00,-8.767883,-2.6867065,80.25,13.0
2025-06-09 04:00:00,-8.95192,-2.8192139,80.25,13.0
2025-06-09 05:00:00,-9.125076,-3.3651428,80.25,13.0
2025-06-09 06:00:00,-9.585693,-3.6674652,80.25,13.0
2025-06-09 07:00:00,-9.728516,-3.3549652,80.25,13.0
2025-06-09 08:00:00,-9.942795,-2.7673798,80.25,13.0
2025-06-09 09:00:00,-9.695404,-2.153473,80.25,13.0
2025-06-09 10:00:00,-10.350525,-2.9848938,80.25,13.0
2025-06-09 11:00:00,-10.587738,-2.8140564,80.25,13.0
2025-06-09 12:00:00,-10.597046,-2.0785065,80.25,13.0
2025-06-09 13:00:00,-10.119003,-1.389801,80.25,13.0
2025-06-09 14:00:00,-9.539215,-0.9940338,80.25,13.0
2025-06-09 15:00:00,-9.067917,-0.53533936,80.25,13.0
2025-06-09 16:00:00,-8.642487,-0.16921997,80.25,13.0
2025-06-09 17:00:00,-8.093414,0.29032898,80.25,13.0
2025-06-09 18:00:00,-7.4792023,0.82258606,80.25,13.0
2025-06-09 19:00:00,-6.545212,1.2747803,80.25,13.0
2025-06-09 20:00:00,-5.5009003,1.5630798,80.25,13.0
2025-06-09 21:00:00,-4.5443115,1.7888184,80.25,13.0
2025-06-09 22:00:00,-2.5474396,1.6269989,80.25,13.0
2025-06-09 23:00:00,-1.1060028,1.4781342,80.25,13.0
2025-06-10 00:00:00,-0.00039672852,1.175293,80.25,13.0
2025-06-10 01:00:00,0.690979,0.9211426,80.25,13.0
2025-06-10 02:00:00,1.0649261,0.7811432,80.25,13.0
2025-06-10 03:00:00,1.2304993,0.659317,80.25,13.0
2025-06-10 04:00:00,1.3028259,0.6009979,80.25,13.0
2025-06-10 05:00:00,1.1577454,0.3555603,80.25,13.0
2025-06-10 06:00:00,0.9167938,0.08610535,80.25,13.0
2025-06-10 07:00:00,0.53996277,-0.28816223,80.25,13.0
2025-06-10 08:00:00,0.054992676,-0.62384033,80.25,13.0
2025-06-10 09:00:00,-0.36097717,-0.7714691,80.25,13.0
2025-06-10 10:00:00,-0.5687866,-0.8996582,80.25,13.0
2025-06-10 11:00:00,-1.4423981,-0.8382263,80.25,13.0
2025-06-10 12:00:00,-1.938797,-0.7460785,80.25,13.0
2025-06-10 13:00:00,-2.4085236,-0.56022644,80.25,13.0
2025-06-10 14:00:00,-2.756485,-0.26046753,80.25,13.0
2025-06-10 15:00:00,-3.2905731,-0.14915466,80.25,13.0
2025-06-10 16:00:00,-4.156128,0.056777954,80.25,13.0
2025-06-10 17:00:00,-5.1106873,0.53564453,80.25,13.0
2025-06-10 18:00:00,-5.661545,0.88046265,80.25,13.0
2025-06-10 19:00:00,-5.837311,1.1552734,80.25,13.0
2025-06-10 20:00:00,-5.810974,1.1901245,80.25,13.0
2025-06-10 21:00:00,-5.8945312,1.2420502,80.25,13.0
2025-06-10 22:00:00,-5.7601166,0.94602966,80.25,13.0
2025-06-10 23:00:00,-5.893875,1.1105499,80.25,13.0
2025-06-11 00:00:00,-5.8223267,1.3612671,80.25,13.0
2025-06-11 01:00:00,-5.4769897,1.4064026,80.25,13.0
2025-06-11 02:00:00,-5.131592,1.2929688,80.25,13.0
2025-06-11 03:00:00,-5.156021,1.089447,80.25,13.0
2025-06-11 04:00:00,-5.6168823,1.0957794,80.25,13.0
2025-06-11 05:00:00,-5.9044647,1.2536011,80.25,13.0
2025-06-11 06:00:00,-5.8138123,1.4774628,80.25,13.0
2025-06-11 07:00:00,-5.480118,1.4636688,80.25,13.0
2025-06-11 08:00:00,-5.3029175,1.3929596,80.25,13.0
2025-06-11 09:00:00,-5.117737,1.3455658,80.25,13.0
2025-06-11 10:00:00,-4.941025,0.9158478,80.25,13.0
2025-06-11 11:00:00,-4.934494,0.9908447,80.25,13.0
2025-06-11 12:00:00,-4.842682,1.3862762,80.25,13.0
2025-06-11 13:00:00,-4.1473846,1.7833099,80.25,13.0
2025-06-11 14:00:00,-3.1855927,1.7368011,80.25,13.0
2025-06-11 15:00:00,-2.413437,1.5163879,80.25,13.0
2025-06-11 16:00:00,-1.8800049,1.246994,80.25,13.0
2025-06-11 17:00:00,-1.6391754,1.0123596,80.25,13.0
2025-06-11 18:00:00,-1.4788208,0.8688965,80.25,13.0
2025-06-11 19:00:00,-1.2926788,0.8618469,80.25,13.0
2025-06-11 20:00:00,-0.99087524,0.9556122,80.25,13.0
2025-06-11 21:00:00,-0.6526947,0.91734314,80.25,13.0
2025-06-11 22:00:00,-0.5105896,1.0494843,80.25,13.0
2025-06-11 23:00:00,-0.23803711,0.8745117,80.25,13.0
2025-06-12 00:00:00,-0.08615112,0.8881073,80.25,13.0
2025-06-12 01:00:00,-0.0064697266,0.9069519,80.25,13.0
2025-06-12 02:00:00,0.044677734,0.8801727,80.25,13.0
2025-06-12 03:00:00,0.019012451,0.95736694,80.25,13.0
2025-06-12 04:00:00,-0.21368408,1.1934052,80.25,13.0
2025-06-12 05:00:00,-0.06515503,1.176117,80.25,13.0
2025-06-12 06:00:00,-0.10536194,1.2756653,80.25,13.0
2025-06-12 07:00:00,-0.21083069,1.3824463,80.25,13.0
2025-06-12 08:00:00,-0.17492676,1.5070343,80.25,13.0
2025-06-12 09:00:00,-0.11450195,1.6552124,80.25,13.0
2025-06-12 10:00:00,-0.84010315,1.4484863,80.25,13.0
2025-06-12 11:00:00,-0.8583832,2.1445465,80.25,13.0
2025-06-12 12:00:00,-0.49977112,2.6951752,80.25,13.0
2025-06-12 13:00:00,-0.0012817383,2.8633575,80.25,13.0
2025-06-12 14:00:00,0.3843994,2.8787231,80.25,13.0
2025-06-12 15:00:00,0.6112366,2.9083252,80.25,13.0
2025-06-12 16:00:00,0.82476807,3.0817566,80.25,13.0
2025-06-12 17:00:00,1.0131073,3.1264038,80.25,13.0
2025-06-12 18:00:00,1.1824341,3.2464294,80.25,13.0
2025-06-12 19:00:00,1.4027405,3.353485,80.25,13.0
2025-06-12 20:00:00,1.5875854,3.4553528,80.25,13.0
2025-06-12 21:00:00,1.7597351,3.5329285,80.25,13.0
2025-06-12 22:00:00,1.491333,4.2112427,80.25,13.0
2025-06-12 23:00:00,2.1385803,4.1825867,80.25,13.0
2025-06-13 00:00:00,3.1596832,4.022171,80.25,13.0
2025-06-13 01:00:00,4.490326,3.2372131,80.25,13.0
2025-06-13 02:00:00,5.6483154,2.2498474,80.25,13.0
2025-06-13 03:00:00,6.103119,1.239624,80.25,13.0
2025-06-13 04:00:00,5.5400543,0.7321167,80.25,13.0
2025-06-13 05:00:00,4.9093323,0.69854736,80.25,13.0
2025-06-13 06:00:00,4.447403,1.1542664,80.25,13.0
2025-06-13 07:00:00,4.155136,1.3945312,80.25,13.0
2025-06-13 08:00:00,3.715088,1.5110168,80.25,13.0
2025-06-13 09:00:00,3.235321,1.3304443,80.25,13.0
2025-06-13 10:00:00,2.5050812,-0.04508972,80.25,13.0
2025-06-13 11:00:00,1.2103729,0.09840393,80.25,13.0
2025-06-13 12:00:00,-0.028900146,0.33776855,80.25,13.0
2025-06-13 13:00:00,-1.2732239,0.5159912,80.25,13.0
2025-06-13 14:00:00,-2.4538116,0.7746277,80.25,13.0
2025-06-13 15:00:00,-3.9776764,0.55929565,80.25,13.0
2025-06-13 16:00:00,-5.4171906,0.08345032,80.25,13.0
2025-06-13 17:00:00,-6.2161407,-0.2757721,80.25,13.0
2025-06-13 18:00:00,-6.3711243,-0.24101257,80.25,13.0
2025-06-13 19:00:00,-6.338745,-0.25801086,80.25,13.0
2025-06-13 20:00:00,-6.2966156,-0.6348114,80.25,13.0
2025-06-13 21:00:00,-6.442795,-1.0611725,80.25,13.0
2025-06-13 22:00:00,-6.2038116,-1.322464,80.25,13.0
2025-06-13 23:00:00,-6.0840607,-1.0542603,80.25,13.0
2025-06-14 00:00:00,-5.936081,-0.5851135,80.25,13.0
2025-06-14 01:00:00,-5.5195312,-0.47024536,80.25,13.0
2025-06-14 02:00:00,-5.2170105,-0.29086304,80.25,13.0
2025-06-14 03:00:00,-4.9285736,-0.07662964,80.25,13.0
2025-06-14 04:00:00,-4.7367554,0.0132751465,80.25,13.0
2025-06-14 05:00:00,-4.4768677,0.12809753,80.25,13.0
2025-06-14 06:00:00,-4.2940674,0.15916443,80.25,13.0
2025-06-14 07:00:00,-4.245346,0.09799194,80.25,13.0
2025-06-14 08:00:00,-4.299591,0.091552734,80.25,13.0
2025-06-14 09:00:00,-4.3344116,0.168396,80.25,13.0
2025-06-14 10:00:00,-4.104248,0.7983246,80.25,13.0
2025-06-14 11:00:00,-3.6364594,0.95414734,80.25,13.0
2025-06-14 12:00:00,-2.5845795,0.7702637,80.25,13.0
2025-06-14 13:00:00,-1.7513123,0.14718628,80.25,13.0
2025-06-14 14:00:00,-1.2139893,-0.19393921,80.25,13.0
2025-06-14 15:00:00,-0.54493713,-0.4773407,80.25,13.0
2025-06-14 16:00:00,0.39775085,-0.6641998,80.25,13.0
2025-06-14 17:00:00,1.1993713,-0.63383484,80.25,13.0
2025-06-14 18:00:00,2.3507538,-0.41194153,80.25,13.0
2025-06-14 19:00:00,3.914627,-0.637558,80.25,13.0
2025-06-14 20:00:00,4.6972504,-1.1538544,80.25,13.0
2025-06-14 21:00:00,5.1870728,-1.2915192,80.25,13.0
2025-06-14 22:00:00,5.737076,-1.0213928,80.25,13.0
2025-06-14 23:00:00,5.945236,-1.0275116,80.25,13.0
2025-06-15 00:00:00,5.9897614,-1.1460114,80.25,13.0
2025-06-15 01:00:00,5.8020935,-1.2553711,80.25,13.0
2025-06-15 02:00:00,5.478058,-0.9627075,80.25,13.0
2025-06-15 03:00:00,5.3026276,-0.2361145,80.25,13.0
2025-06-15 04:00:00,5.3948517,0.71791077,80.25,13.0
2025-06-15 05:00:00,5.209366,1.768753,80.25,13.0
2025-06-15 06:00:00,5.053238,2.7976532,80.25,13.0
2025-06-15 07:00:00,4.779297,3.4940033,80.25,13.0
2025-06-15 08:00:00,4.807831,4.287796,80.25,13.0
2025-06-15 09:00:00,4.1314087,4.363388,80.25,13.0
2025-06-15 10:00:00,4.0280457,4.986679,80.25,13.0
2025-06-15 11:00:00,4.5679016,5.1124115,80.25,13.0
2025-06-15 12:00:00,4.9072266,4.605545,80.25,13.0
2025-06-15 13:00:00,5.643982,4.123474,80.25,13.0
2025-06-15 14:00:00,6.099167,3.2595215,80.25,13.0
2025-06-15 15:00:00,6.1821747,2.2421265,80.25,13.0
2025-06-15 16:00:00,6.1418457,1.1785278,80.25,13.0
2025-06-15 17:00:00,6.1087494,0.24154663,80.25,13.0
2025-06-15 18:00:00,5.8434143,-0.72735596,80.25,13.0
2025-06-15 19:00:00,5.226486,-1.2931366,80.25,13.0
2025-06-15 20:00:00,4.6383667,-1.406311,80.25,13.0
2025-06-15 21:00:00,4.383789,-1.3669586,80.25,13.0
2025-06-15 22:00:00,4.0645905,-1.2148895,80.25,13.0
2025-06-15 23:00:00,3.7007904,-1.2714233,80.25,13.0
2025-06-16 00:00:00,3.3723145,-1.4360657,80.25,13.0
2025-06-16 01:00:00,3.2008362,-1.8987427,80.25,13.0
2025-06-16 02:00:00,2.8709564,-2.573822,80.25,13.0
2025-06-16 03:00:00,2.6920624,-3.5742645,80.25,13.0
2025-06-16 04:00:00,2.2176514,-4.3267365,80.25,13.0
2025-06-16 05:00:00,1.7607269,-4.925354,80.25,13.0
2025-06-16 06:00:00,1.4372101,-5.20401,80.25,13.0
2025-06-16 07:00:00,1.2325745,-5.3392334,80.25,13.0
2025-06-16 08:00:00,0.95544434,-5.250717,80.25,13.0
2025-06-16 09:00:00,0.70957947,-5.1048126,80.25,13.0
2025-06-16 10:00:00,0.7285614,-4.5966187,80.25,13.0
2025-06-16 11:00:00,0.8249054,-4.730484,80.25,13.0
2025-06-16 12:00:00,0.38224792,-5.035446,80.25,13.0
2025-06-16 13:00:00,-0.105911255,-5.0517273,80.25,13.0
2025-06-16 14:00:00,-0.49813843,-5.1361237,80.25,13.0
2025-06-16 15:00:00,-0.94374084,-5.2445526,80.25,13.0
2025-06-16 16:00:00,-1.3918304,-5.258896,80.25,13.0
2025-06-16 17:00:00,-1.7811127,-5.264572,80.25,13.0
2025-06-16 18:00:00,-2.2012024,-5.1344147,80.25,13.0
2025-06-16 19:00:00,-2.6447754,-4.8666534,80.25,13.0
2025-06-16 20:00:00,-3.0835724,-4.4937286,80.25,13.0
2025-06-16 21:00:00,-3.4096832,-4.2012024,80.25,13.0
2025-06-16 22:00:00,-3.898407,-4.1438293,80.25,13.0
2025-06-16 23:00:00,-3.893402,-3.7327118,80.25,13.0
2025-06-17 00:00:00,-3.9253693,-3.3765717,80.25,13.0
2025-06-17 01:00:00,-3.8668976,-3.1084442,80.25,13.0
2025-06-17 02:00:00,-3.7189178,-3.1180115,80.25,13.0
2025-06-17 03:00:00,-3.6448212,-3.3349304,80.25,13.0
2025-06-17 04:00:00,-3.796585,-3.5177155,80.25,13.0
2025-06-17 05:00:00,-4.1380615,-3.5059662,80.25,13.0
2025-06-17 06:00:00,-4.4232635,-3.2439575,80.25,13.0
2025-06-17 07:00:00,-4.643036,-2.8711548,80.25,13.0
2025-06-17 08:00:00,-4.6546173,-2.3784637,80.25,13.0
2025-06-17 09:00:00,-4.5699005,-1.8031769,80.25,13.0
2025-06-17 10:00:00,-4.8109436,-2.2556458,80.25,13.0
2025-06-17 11:00:00,-5.031311,-1.7712708,80.25,13.0
2025-06-17 12:00:00,-4.817978,-1.4398956,80.25,13.0
2025-06-17 13:00:00,-4.6286163,-1.1283722,80.25,13.0
2025-06-17 14:00:00,-4.503845,-1.220108,80.25,13.0
2025-06-17 15:00:00,-4.630905,-1.2096558,80.25,13.0
2025-06-17 16:00:00,-4.810318,-1.2624359,80.25,13.0
2025-06-17 17:00:00,-5.0074463,-1.1915741,80.25,13.0
2025-06-17 18:00:00,-5.087158,-1.165802,80.25,13.0
2025-06-17 19:00:00,-5.2375336,-1.0387573,80.25,13.0
2025-06-17 20:00:00,-5.272293,-0.8122864,80.25,13.0
2025-06-17 21:00:00,-5.2538605,-0.44621277,80.25,13.0
2025-06-17 22:00:00,-5.333481,-0.7927246,80.25,13.0
2025-06-17 23:00:00,-5.1331787,-0.50709534,80.25,13.0
2025-06-18 00:00:00,-4.788986,-0.44125366,80.25,13.0
2025-06-18 01:00:00,-4.603363,-0.56022644,80.25,13.0
2025-06-18 02:00:00,-4.4644165,-0.90963745,80.25,13.0
2025-06-18 03:00:00,-4.604126,-1.306839,80.25,13.0
2025-06-18 04:00:00,-4.809326,-1.5951843,80.25,13.0
2025-06-18 05:00:00,-5.0946198,-1.7018433,80.25,13.0
2025-06-18 06:00:00,-5.319153,-1.5478821,80.25,13.0
2025-06-18 07:00:00,-5.2451324,-1.331192,80.25,13.0
2025-06-18 08:00:00,-5.069168,-1.0117493,80.25,13.0
2025-06-18 09:00:00,-4.7796173,-0.84355164,80.25,13.0
2025-06-18 10:00:00,-4.6128387,-0.8041687,80.25,13.0
2025-06-18 11:00:00,-4.593384,-0.41716003,80.25,13.0
2025-06-18 12:00:00,-4.114792,-0.17581177,80.25,13.0
2025-06-18 13:00:00,-3.3247375,-0.24157715,80.25,13.0
2025-06-18 14:00:00,-2.9174347,-0.8913727,80.25,13.0
2025-06-18 15:00:00,-3.030777,-1.8334045,80.25,13.0
2025-06-18 16:00:00,-3.3867645,-2.5520477,80.25,13.0
2025-06-18 17:00:00,-3.801941,-3.004242,80.25,13.0
2025-06-18 18:00:00,-4.2450867,-3.2317352,80.25,13.0
2025-06-18 19:00:00,-4.6847076,-3.2584686,80.25,13.0
2025-06-18 20:00:00,-4.9214935,-3.0687866,80.25,13.0
2025-06-18 21:00:00,-4.9497986,-2.5582275,80.25,13.0
2025-06-18 22:00:00,-4.5858154,-1.4775085,80.25,13.0
2025-06-18 23:00:00,-3.7742615,-1.2485809,80.25,13.0
2025-06-19 00:00:00,-2.972641,-1.5612183,80.25,13.0
2025-06-19 01:00:00,-2.527359,-2.3014374,80.25,13.0
2025-06-19 02:00:00,-2.6135712,-3.0608978,80.25,13.0
2025-06-19 03:00:00,-2.8411865,-3.5026398,80.25,13.0
2025-06-19 04:00:00,-2.9443665,-3.7620392,80.25,13.0
2025-06-19 05:00:00,-3.2177582,-3.7475586,80.25,13.0
2025-06-19 06:00:00,-3.470993,-3.4532318,80.25,13.0
2025-06-19 07:00:00,-3.3257904,-3.262024,80.25,13.0
2025-06-19 08:00:00,-3.0020447,-3.2569885,80.25,13.0
2025-06-19 09:00:00,-2.7062225,-3.4372864,80.25,13.0
2025-06-19 10:00:00,-2.8322601,-4.4616394,80.25,13.0
2025-06-19 11:00:00,-3.221756,-4.3854065,80.25,13.0
2025-06-19 12:00:00,-3.616211,-3.9615173,80.25,13.0
2025-06-19 13:00:00,-3.808899,-3.4160767,80.25,13.0
2025-06-19 14:00:00,-3.5859375,-2.784317,80.25,13.0
2025-06-19 15:00:00,-3.1693115,-2.4086456,80.25,13.0
2025-06-19 16:00:00,-2.7857513,-2.2787018,80.25,13.0
2025-06-19 17:00:00,-2.526657,-2.4289093,80.25,13.0
2025-06-19 18:00:00,-2.2885132,-2.7063446,80.25,13.0
2025-06-19 19:00:00,-2.4432983,-3.0349731,80.25,13.0
2025-06-19 20:00:00,-2.6262817,-3.3244476,80.25,13.0
2025-06-19 21:00:00,-3.01297,-3.5078125,80.25,13.0
2025-06-19 22:00:00,-3.4398499,-3.5769653,80.25,13.0
2025-06-19 23:00:00,-3.5075073,-2.942215,80.25,13.0
2025-06-20 00:00:00,-3.3237305,-2.3055115,80.25,13.0
2025-06-20 01:00:00,-3.1126404,-1.8678589,80.25,13.0
2025-06-20 02:00:00,-2.646347,-1.5652161,80.25,13.0
2025-06-20 03:00:00,-2.3250732,-1.556778,80.25,13.0
2025-06-20 04:00:00,-2.0578308,-1.7975159,80.25,13.0
2025-06-20 05:00:00,-2.1582336,-2.0457153,80.25,13.0
2025-06-20 06:00:00,-2.3400726,-2.113617,80.25,13.0
2025-06-20 07:00:00,-2.3492737,-2.013733,80.25,13.0
2025-06-20 08:00:00,-2.3002472,-1.879303,80.25,13.0
2025-06-20 09:00:00,-2.0640259,-1.6782532,80.25,13.0
2025-06-20 10:00:00,-1.0340729,-2.139801,80.25,13.0
2025-06-20 11:00:00,-1.0171661,-2.1262512,80.25,13.0
2025-06-20 12:00:00,-0.8687897,-2.0245209,80.25,13.0
2025-06-20 13:00:00,-0.5786133,-1.7518616,80.25,13.0
2025-06-20 14:00:00,-0.022705078,-1.6172943,80.25,13.0
2025-06-20 15:00:00,0.51171875,-1.9135284,80.25,13.0
2025-06-20 16:00:00,0.9230957,-2.2463684,80.25,13.0
2025-06-20 17:00:00,1.2911224,-2.3321533,80.25,13.0
2025-06-20 18:00:00,1.6823578,-1.9588318,80.25,13.0
2025-06-20 19:00:00,2.5417175,-1.3947296,80.25,13.0
2025-06-20 20:00:00,3.490219,-0.88438416,80.25,13.0
2025-06-20 21:00:00,4.249222,-0.7795105,80.25,13.0
2025-06-20 22:00:00,4.972931,-0.6225586,80.25,13.0
2025-06-20 23:00:00,5.349884,-0.79193115,80.25,13.0
2025-06-21 00:00:00,5.5338287,-0.89964294,80.25,13.0
2025-06-21 01:00:00,5.7423553,-0.91641235,80.25,13.0
2025-06-21 02:00:00,5.975403,-0.93325806,80.25,13.0
2025-06-21 03:00:00,6.065796,-0.93803406,80.25,13.0
2025-06-21 04:00:00,6.080017,-1.0133972,80.25,13.0
2025-06-21 05:00:00,5.960083,-1.1839752,80.25,13.0
2025-06-21 06:00:00,5.921402,-1.3053894,80.25,13.0
2025-06-21 07:00:00,5.9359894,-1.5323334,80.25,13.0
2025-06-21 08:00:00,5.853821,-1.6051483,80.25,13.0
2025-06-21 09:00:00,5.790558,-1.6230621,80.25,13.0
2025-06-21 10:00:00,6.2263336,-1.174942,80.25,13.0
2025-06-21 11:00:00,6.327133,-1.5350952,80.25,13.0
2025-06-21 12:00:00,6.1019897,-1.7236023,80.25,13.0
2025-06-21 13:00:00,5.848831,-1.6017456,80.25,13.0
2025-06-21 14:00:00,5.910095,-1.4167175,80.25,13.0
2025-06-21 15:00:00,6.0878754,-1.3500519,80.25,13.0
2025-06-21 16:00:00,6.2501984,-1.4721985,80.25,13.0
2025-06-21 17:00:00,6.269684,-1.6262665,80.25,13.0
2025-06-21 18:00:00,6.184387,-1.7469177,80.25,13.0
2025-06-21 19:00:00,6.0635986,-1.879776,80.25,13.0
2025-06-21 20:00:00,5.9422607,-2.1248627,80.25,13.0
2025-06-21 21:00:00,5.865967,-2.2672882,80.25,13.0
2025-06-21 22:00:00,6.0903473,-2.2303467,80.25,13.0
2025-06-21 23:00:00,6.211197,-2.2576141,80.25,13.0
2025-06-22 00:00:00,5.8995056,-2.3734283,80.25,13.0
2025-06-22 01:00:00,5.5609894,-2.3448944,80.25,13.0
2025-06-22 02:00:00,5.3540344,-2.0197144,80.25,13.0
2025-06-22 03:00:00,5.344574,-1.8208313,80.25,13.0
2025-06-22 04:00:00,5.326416,-1.7208862,80.25,13.0
2025-06-22 05:00:00,5.352371,-1.759491,80.25,13.0
2025-06-22 06:00:00,5.3055115,-1.527832,80.25,13.0
2025-06-22 07:00:00,5.2651215,-1.5393677,80.25,13.0
2025-06-22 08:00:00,5.049942,-1.63031,80.25,13.0
2025-06-22 09:00:00,4.990326,-1.4832001,80.25,13.0
2025-06-22 10:00:00,5.03273,-0.26637268,80.25,13.0
2025-06-22 11:00:00,5.3969574,-0.40222168,80.25,13.0
2025-06-22 12:00:00,5.652054,-0.7900696,80.25,13.0
2025-06-22 13:00:00,5.718399,-1.209198,80.25,13.0
2025-06-22 14:00:00,5.551468,-1.3704834,80.25,13.0
2025-06-22 15:00:00,5.264984,-1.2221222,80.25,13.0
2025-06-22 16:00:00,4.867996,-0.9832611,80.25,13.0
2025-06-22 17:00:00,4.4893646,-0.67544556,80.25,13.0
2025-06-22 18:00:00,4.4138947,-0.27830505,80.25,13.0
2025-06-22 19:00:00,4.501648,-0.0072631836,80.25,13.0
2025-06-22 20:00:00,4.4408875,-0.10606384,80.25,13.0
2025-06-22 21:00:00,4.358429,-0.06892395,80.25,13.0
2025-06-22 22:00:00,4.535736,-0.5627899,80.25,13.0
2025-06-22 23:00:00,4.463394,-0.26583862,80.25,13.0
2025-06-23 00:00:00,4.422104,-0.19515991,80.25,13.0
2025-06-23 01:00:00,4.3517914,-0.18060303,80.25,13.0
2025-06-23 02:00:00,4.24646,-0.004928589,80.25,13.0
2025-06-23 03:00:00,4.132965,0.2372284,80.25,13.0
2025-06-23 04:00:00,4.185364,0.39117432,80.25,13.0
2025-06-23 05:00:00,4.0678864,0.5823517,80.25,13.0
2025-06-23 06:00:00,4.272232,0.6742096,80.25,13.0
2025-06-23 07:00:00,4.2329407,0.82011414,80.25,13.0
2025-06-23 08:00:00,4.152252,0.85466003,80.25,13.0
2025-06-23 09:00:00,4.1070404,0.7382355,80.25,13.0
2025-06-23 10:00:00,3.6571808,0.9718933,80.25,13.0
2025-06-23 11:00:00,3.793457,0.90231323,80.25,13.0
2025-06-23 12:00:00,3.8059845,0.6040497,80.25,13.0
2025-06-23 13:00:00,3.8259277,0.27139282,80.25,13.0
2025-06-23 14:00:00,3.8419495,-0.007171631,80.25,13.0
2025-06-23 15:00:00,3.9852448,-0.15834045,80.25,13.0
2025-06-23 16:00:00,4.0213013,-0.5667114,80.25,13.0
2025-06-23 17:00:00,3.8293762,-0.8590698,80.25,13.0
2025-06-23 18:00:00,3.6508484,-1.0980225,80.25,13.0
2025-06-23 19:00:00,3.4461365,-1.2630768,80.25,13.0
2025-06-23 20:00:00,3.3008423,-1.4788208,80.25,13.0
2025-06-23 21:00:00,3.0494843,-1.5684357,80.25,13.0
2025-06-23 22:00:00,2.5148468,-1.3460236,80.25,13.0
2025-06-23 23:00:00,2.7762146,-1.017807,80.25,13.0
2025-06-24 00:00:00,3.1230316,-1.1916809,80.25,13.0
2025-06-24 01:00:00,3.2019348,-1.4843292,80.25,13.0
2025-06-24 02:00:00,3.1586456,-1.9412994,80.25,13.0
2025-06-24 03:00:00,2.7588959,-2.206253,80.25,13.0
2025-06-24 04:00:00,2.3905792,-2.2912292,80.25,13.0
2025-06-24 05:00:00,2.1217804,-2.2393036,80.25,13.0
2025-06-24 06:00:00,1.8033447,-1.9887848,80.25,13.0
2025-06-24 07:00:00,1.5575104,-1.4909058,80.25,13.0
2025-06-24 08:00:00,1.480423,-1.0137634,80.25,13.0
2025-06-24 09:00:00,1.6158142,-0.9429016,80.25,13.0
2025-06-24 10:00:00,1.701767,-1.6991119,80.25,13.0
2025-06-24 11:00:00,1.7338562,-1.4704437,80.25,13.0
2025-06-24 12:00:00,1.5045776,-1.63974,80.25,13.0
2025-06-24 13:00:00,1.3924255,-1.5248108,80.25,13.0
2025-06-24 14:00:00,1.587738,-1.2267151,80.25,13.0
2025-06-24 15:00:00,1.8226776,-1.323822,80.25,13.0
2025-06-24 16:00:00,1.924057,-1.3509064,80.25,13.0
2025-06-24 17:00:00,1.8138123,-1.2673187,80.25,13.0
2025-06-24 18:00:00,1.6739655,-1.2985382,80.25,13.0
2025-06-24 19:00:00,1.5526123,-1.0098877,80.25,13.0
2025-06-24 20:00:00,1.5408173,-0.7455597,80.25,13.0
2025-06-24 21:00:00,1.7249603,-0.41712952,80.25,13.0
2025-06-24 22:00:00,2.5013885,-0.6134186,80.25,13.0
2025-06-24 23:00:00,2.6785126,-0.49572754,80.25,13.0
2025-06-25 00:00:00,2.883728,-0.47477722,80.25,13.0
2025-06-25 01:00:00,3.0175629,-0.25601196,80.25,13.0
2025-06-25 02:00:00,3.077118,-0.029083252,80.25,13.0
2025-06-25 03:00:00,3.1891022,0.20223999,80.25,13.0
2025-06-25 04:00:00,3.3381958,0.6690521,80.25,13.0
2025-06-25 05:00:00,3.4009247,1.1474304,80.25,13.0
2025-06-25 06:00:00,3.3914185,1.7977142,80.25,13.0
2025-06-25 07:00:00,3.4148865,2.6477203,80.25,13.0
2025-06-25 08:00:00,3.3759766,3.4395294,80.25,13.0
2025-06-25 09:00:00,3.3362885,4.1460266,80.25,13.0
2025-06-25 10:00:00,3.7331696,3.7982483,80.25,13.0
2025-06-25 11:00:00,3.873352,4.3898773,80.25,13.0
2025-06-25 12:00:00,3.9282837,4.4045715,80.25,13.0
2025-06-25 13:00:00,4.3180847,4.3424683,80.25,13.0
2025-06-25 14:00:00,4.0506287,4.418915,80.25,13.0
2025-06-25 15:00:00,4.3117676,4.571884,80.25,13.0
2025-06-25 16:00:00,4.7595825,4.527542,80.25,13.0
2025-06-25 17:00:00,4.6610107,4.7473297,80.25,13.0
2025-06-25 18:00:00,4.3246307,4.757721,80.25,13.0
2025-06-25 19:00:00,3.9821777,4.754059,80.25,13.0
2025-06-25 20:00:00,3.7567902,4.6204224,80.25,13.0
2025-06-25 21:00:00,3.4593048,4.50618,80.25,13.0
2025-06-25 22:00:00,3.0201416,4.611801,80.25,13.0
2025-06-25 23:00:00,2.6744232,4.7951508,80.25,13.0
2025-06-26 00:00:00,1.9600677,4.6793365,80.25,13.0
2025-06-26 01:00:00,1.3350983,4.5880585,80.25,13.0
2025-06-26 02:00:00,0.8173981,4.4819794,80.25,13.0
2025-06-26 03:00:00,0.40397644,4.428467,80.25,13.0
2025-06-26 04:00:00,0.03819275,4.2306824,80.25,13.0
2025-06-26 05:00:00,-0.34506226,3.9272614,80.25,13.0
2025-06-26 06:00:00,-0.9107666,3.6591034,80.25,13.0
2025-06-26 07:00:00,-1.2603302,3.432251,80.25,13.0
2025-06-26 08:00:00,-1.3724213,3.2687683,80.25,13.0
2025-06-26 09:00:00,-1.3736725,2.9222565,80.25,13.0
2025-06-26 10:00:00,-1.5163269,2.1099243,80.25,13.0
2025-06-26 11:00:00,-1.7405243,1.9186401,80.25,13.0
2025-06-26 12:00:00,-2.3642578,1.7808685,80.25,13.0
2025-06-26 13:00:00,-2.4808197,1.6638489,80.25,13.0
2025-06-26 14:00:00,-2.4698486,1.7786865,80.25,13.0
2025-06-26 15:00:00,-2.275589,1.4778595,80.25,13.0
2025-06-26 16:00:00,-2.1425781,0.91426086,80.25,13.0
2025-06-26 17:00:00,-2.376892,0.40045166,80.25,13.0
2025-06-26 18:00:00,-2.7630615,-0.051467896,80.25,13.0
2025-06-26 19:00:00,-3.0050964,-0.18894958,80.25,13.0
2025-06-26 20:00:00,-3.2517242,-0.26756287,80.25,13.0
2025-06-26 21:00:00,-3.5077972,-0.3108368,80.25,13.0
2025-06-26 22:00:00,-3.6371307,-0.19488525,80.25,13.0
2025-06-26 23:00:00,-3.5531464,-0.07525635,80.25,13.0
2025-06-27 00:00:00,-3.331894,0.013412476,80.25,13.0
2025-06-27 01:00:00,-2.776413,0.30429077,80.25,13.0
2025-06-27 02:00:00,-1.8858795,0.4471283,80.25,13.0
2025-06-27 03:00:00,-0.87942505,0.22012329,80.25,13.0
2025-06-27 04:00:00,-0.2159729,-0.32484436,80.25,13.0
2025-06-27 05:00:00,-0.124572754,-0.7763977,80.25,13.0
2025-06-27 06:00:00,0.24295044,-0.87672424,80.25,13.0
2025-06-27 07:00:00,0.55197144,-1.0681763,80.25,13.0
2025-06-27 08:00:00,0.5589142,-1.193573,80.25,13.0
2025-06-27 09:00:00,0.5408478,-1.233963,80.25,13.0
2025-06-27 10:00:00,0.21235657,-1.5538177,80.25,13.0
2025-06-27 11:00:00,-0.33261108,-1.7238464,80.25,13.0
2025-06-27 12:00:00,-0.72888184,-1.5578003,80.25,13.0
2025-06-27 13:00:00,-0.8802185,-1.500946,80.25,13.0
2025-06-27 14:00:00,-0.8157501,-1.7596588,80.25,13.0
2025-06-27 15:00:00,-1.2000885,-1.7938538,80.25,13.0
2025-06-27 16:00:00,-1.7095184,-1.5363007,80.25,13.0
2025-06-27 17:00:00,-2.009735,-1.1969299,80.25,13.0
2025-06-27 18:00:00,-2.057434,-1.0445709,80.25,13.0
2025-06-27 19:00:00,-2.0131683,-1.1006165,80.25,13.0
2025-06-27 20:00:00,-2.10466,-1.2471466,80.25,13.0
2025-06-27 21:00:00,-2.236023,-1.3338776,80.25,13.0
2025-06-27 22:00:00,-1.8134766,-1.9771423,80.25,13.0
2025-06-27 23:00:00,-1.9621582,-2.0817413,80.25,13.0
2025-06-28 00:00:00,-2.3158112,-2.0705261,80.25,13.0
2025-06-28 01:00:00,-2.531479,-1.688736,80.25,13.0
2025-06-28 02:00:00,-2.6127777,-1.3950348,80.25,13.0
2025-06-28 03:00:00,-2.5620575,-1.257721,80.25,13.0
2025-06-28 04:00:00,-2.6421814,-1.1373138,80.25,13.0
2025-06-28 05:00:00,-2.7907562,-1.0754547,80.25,13.0
2025-06-28 06:00:00,-2.854309,-1.0763092,80.25,13.0
2025-06-28 07:00:00,-2.886322,-1.2031403,80.25,13.0
2025-06-28 08:00:00,-3.250061,-1.2593994,80.25,13.0
2025-06-28 09:00:00,-3.7149353,-1.262085,80.25,13.0
2025-06-28 10:00:00,-3.3234406,-0.95814514,80.25,13.0
2025-06-28 11:00:00,-3.804016,-1.0377655,80.25,13.0
2025-06-28 12:00:00,-4.1593323,-0.7462616,80.25,13.0
2025-06-28 13:00:00,-4.1271973,-0.72309875,80.25,13.0
2025-06-28 14:00:00,-4.045105,-0.8713074,80.25,13.0
2025-06-28 15:00:00,-4.158188,-1.1980438,80.25,13.0
2025-06-28 16:00:00,-4.437317,-1.2642822,80.25,13.0
2025-06-28 17:00:00,-4.812454,-1.3078613,80.25,13.0
2025-06-28 18:00:00,-5.3100586,-1.0807648,80.25,13.0
2025-06-28 19:00:00,-5.7130737,-0.87501526,80.25,13.0
2025-06-28 20:00:00,-6.0002136,-0.4606018,80.25,13.0
2025-06-28 21:00:00,-6.131027,-0.0663147,80.25,13.0
2025-06-28 22:00:00,-5.716797,-0.05734253,80.25,13.0
2025-06-28 23:00:00,-5.678299,0.041366577,80.25,13.0
2025-06-29 00:00:00,-5.522278,0.3126831,80.25,13.0
2025-06-29 01:00:00,-5.0038605,0.58654785,80.25,13.0
2025-06-29 02:00:00,-4.414261,0.59928894,80.25,13.0
2025-06-29 03:00:00,-4.067795,0.42836,80.25,13.0
2025-06-29 04:00:00,-4.017746,0.29377747,80.25,13.0
2025-06-29 05:00:00,-4.1555634,0.35679626,80.25,13.0
2025-06-29 06:00:00,-4.5921783,0.44540405,80.25,13.0
2025-06-29 07:00:00,-5.0670776,0.515625,80.25,13.0
2025-06-29 08:00:00,-5.6910706,0.49420166,80.25,13.0
2025-06-29 09:00:00,-6.3371735,0.62887573,80.25,13.0
2025-06-29 10:00:00,-6.3964996,0.545578,80.25,13.0
2025-06-29 11:00:00,-7.1345673,0.62358093,80.25,13.0
2025-06-29 12:00:00,-7.03244,1.5575867,80.25,13.0
2025-06-29 13:00:00,-5.43071,2.3583221,80.25,13.0
2025-06-29 14:00:00,-3.4980774,2.091751,80.25,13.0
2025-06-29 15:00:00,-2.2536469,1.4306335,80.25,13.0
2025-06-29 16:00:00,-1.6567688,0.8334503,80.25,13.0
2025-06-29 17:00:00,-1.3004303,0.68470764,80.25,13.0
2025-06-29 18:00:00,-0.7086487,0.7469177,80.25,13.0
2025-06-29 19:00:00,-0.42108154,0.5832367,80.25,13.0
2025-06-29 20:00:00,-0.32221985,0.6329651,80.25,13.0
2025-06-29 21:00:00,-0.38710022,0.75213623,80.25,13.0
2025-06-29 22:00:00,0.6876221,0.6689606,80.25,13.0
2025-06-29 23:00:00,1.2394867,0.637619,80.25,13.0
2025-06-30 00:00:00,1.785141,0.31848145,80.25,13.0
2025-06-30 01:00:00,2.177719,-0.15490723,80.25,13.0
2025-06-30 02:00:00,2.1723938,-0.5232544,80.25,13.0
2025-06-30 03:00:00,2.099121,-0.84843445,80.25,13.0
2025-06-30 04:00:00,1.8802795,-1.0337219,80.25,13.0
2025-06-30 05:00:00,1.4360199,-1.1125183,80.25,13.0
2025-06-30 06:00:00,0.98526,-1.0849304,80.25,13.0
2025-06-30 07:00:00,0.5770111,-1.1799164,80.25,13.0
2025-06-30 08:00:00,0.2705536,-1.2697296,80.25,13.0
2025-06-30 09:00:00,0.059143066,-1.3522339,80.25,13.0
2025-06-30 10:00:00,0.51789856,-1.3086395,80.25,13.0
2025-06-30 11:00:00,0.08572388,-2.3225098,80.25,13.0
2025-06-30 12:00:00,-0.727417,-2.1921844,80.25,13.0
2025-06-30 13:00:00,-1.3286438,-1.637558,80.25,13.0
2025-06-30 14:00:00,-1.5747681,-1.413147,80.25,13.0
2025-06-30 15:00:00,-1.8088074,-1.5365448,80.25,13.0
2025-06-30 16:00:00,-1.9091034,-1.4388733,80.25,13.0
2025-06-30 17:00:00,-1.9168701,-1.3062439,80.25,13.0
2025-06-30 18:00:00,-1.4483948,-1.0360565,80.25,13.0
2025-06-30 19:00:00,-1.1711121,-1.0991821,80.25,13.0
2025-06-30 20:00:00,-1.0909119,-1.3146973,80.25,13.0
2025-06-30 21:00:00,-1.074295,-1.3603058,80.25,13.0
2025-06-30 22:00:00,-0.56689453,-1.3350067,80.25,13.0
2025-06-30 23:00:00,-0.52723694,-1.3223724,80.25,13.0
2025-07-01 00:00:00,-0.6208496,-1.1594696,80.25,13.0
2025-07-01 01:00:00,-0.6307373,-0.9205475,80.25,13.0
2025-07-01 02:00:00,-0.5961151,-0.7089081,80.25,13.0
2025-07-01 03:00:00,-0.7536926,-0.6736908,80.25,13.0
2025-07-01 04:00:00,-1.1007233,-0.5813751,80.25,13.0
2025-07-01 05:00:00,-1.6211853,-0.53385925,80.25,13.0
2025-07-01 06:00:00,-2.3074493,-0.15505981,80.25,13.0
2025-07-01 07:00:00,-2.683136,0.51423645,80.25,13.0
2025-07-01 08:00:00,-2.8410187,1.0678406,80.25,13.0
2025-07-01 09:00:00,-2.7370605,1.2647858,80.25,13.0
2025-07-01 10:00:00,-2.514557,-0.43920898,80.25,13.0
2025-07-01 11:00:00,-2.9256744,-0.5453186,80.25,13.0
2025-07-01 12:00:00,-2.9984589,0.09907532,80.25,13.0
2025-07-01 13:00:00,-2.919693,0.074523926,80.25,13.0
2025-07-01 14:00:00,-3.3476868,0.15209961,80.25,13.0
2025-07-01 15:00:00,-3.9996643,0.7857971,80.25,13.0
2025-07-01 16:00:00,-4.39093,1.5350952,80.25,13.0
2025-07-01 17:00:00,-4.19281,2.453827,80.25,13.0
2025-07-01 18:00:00,-3.5881958,2.9826355,80.25,13.0
2025-07-01 19:00:00,-2.518402,3.1670227,80.25,13.0
2025-07-01 20:00:00,-1.6348877,2.6710358,80.25,13.0
2025-07-01 21:00:00,-1.2612915,2.178543,80.25,13.0
2025-07-01 22:00:00,-0.7531738,1.5550842,80.25,13.0
2025-07-01 23:00:00,-1.8705444,0.9894104,80.25,13.0
2025-07-02 00:00:00,-3.730774,1.6829224,80.25,13.0
2025-07-02 01:00:00,-4.8457184,2.6950073,80.25,13.0
2025-07-02 02:00:00,-5.725998,3.408844,80.25,13.0
2025-07-02 03:00:00,-6.9289703,3.9118958,80.25,13.0
2025-07-02 04:00:00,-7.9785614,4.62471,80.25,13.0
2025-07-02 05:00:00,-8.445633,4.95401,80.25,13.0
2025-07-02 06:00:00,-8.713776,5.0307007,80.25,13.0
2025-07-02 07:00:00,-8.397278,5.1216736,80.25,13.0
2025-07-02 08:00:00,-7.922394,5.0644073,80.25,13.0
2025-07-02 09:00:00,-7.903885,4.9115143,80.25,13.0
2025-07-02 10:00:00,-7.3237305,4.1179657,80.25,13.0
2025-07-02 11:00:00,-6.562378,5.4705505,80.25,13.0
2025-07-02 12:00:00,-5.5926056,6.234604,80.25,13.0
2025-07-02 13:00:00,-5.6015625,6.638153,80.25,13.0
2025-07-02 14:00:00,-6.150299,6.656143,80.25,13.0
2025-07-02 15:00:00,-6.7544556,6.2052917,80.25,13.0
2025-07-02 16:00:00,-7.104828,5.7520905,80.25,13.0
2025-07-02 17:00:00,-6.89093,5.7846375,80.25,13.0
2025-07-02 18:00:00,-6.316452,5.928833,80.25,13.0
2025-07-02 19:00:00,-5.598526,6.0936737,80.25,13.0
2025-07-02 20:00:00,-4.648407,6.2223053,80.25,13.0
2025-07-02 21:00:00,-3.3768463,6.1853027,80.25,13.0
2025-07-02 22:00:00,-2.524765,5.650635,80.25,13.0
2025-07-02 23:00:00,-1.9927378,5.670334,80.25,13.0
2025-07-03 00:00:00,-1.6273708,5.7418823,80.25,13.0
2025-07-03 01:00:00,-1.1552229,5.9423523,80.25,13.0
2025-07-03 02:00:00,-0.8252535,5.5681915,80.25,13.0
2025-07-03 03:00:00,-0.9078522,5.1152954,80.25,13.0
2025-07-03 04:00:00,-1.3331518,4.9273224,80.25,13.0
2025-07-03 05:00:00,-1.5175476,4.9673004,80.25,13.0
2025-07-03 06:00:00,-1.8352966,4.8398743,80.25,13.0
2025-07-03 07:00:00,-2.2728271,4.749481,80.25,13.0
2025-07-03 08:00:00,-2.8638153,4.771469,80.25,13.0
2025-07-03 09:00:00,-3.329605,4.6883698,80.25,13.0
2025-07-03 10:00:00,-1.8147736,4.217972,80.25,13.0
2025-07-03 11:00:00,-1.8654327,3.5803223,80.25,13.0
2025-07-03 12:00:00,-2.2484283,3.3150177,80.25,13.0
2025-07-03 13:00:00,-2.0433655,3.7508087,80.25,13.0
2025-07-03 14:00:00,-1.2298584,4.1691895,80.25,13.0
2025-07-03 15:00:00,-0.1285553,4.19545,80.25,13.0
2025-07-03 16:00:00,0.7256012,3.9248962,80.25,13.0
2025-07-03 17:00:00,1.0925903,3.6586761,80.25,13.0
2025-07-03 18:00:00,1.2157288,3.725708,80.25,13.0
2025-07-03 19:00:00,1.575058,3.8355103,80.25,13.0
2025-07-03 20:00:00,2.0038605,4.0678253,80.25,13.0
2025-07-03 21:00:00,1.8921967,4.028244,80.25,13.0
2025-07-03 22:00:00,2.2129822,3.8325806,80.25,13.0
2025-07-03 23:00:00,2.5330963,3.6762085,80.25,13.0
2025-07-04 00:00:00,2.5767517,3.5735474,80.25,13.0
2025-07-04 01:00:00,2.2934875,3.435196,80.25,13.0
2025-07-04 02:00:00,1.5583954,3.3205414,80.25,13.0
2025-07-04 03:00:00,0.8052826,3.0637665,80.25,13.0
2025-07-04 04:00:00,0.2644348,3.0696716,80.25,13.0
2025-07-04 05:00:00,0.047805786,3.156723,80.25,13.0
2025-07-04 06:00:00,0.18540955,3.037613,80.25,13.0
2025-07-04 07:00:00,0.2788849,2.8848572,80.25,13.0
2025-07-04 08:00:00,-0.007965088,2.8144226,80.25,13.0
2025-07-04 09:00:00,-0.14588928,2.59404,80.25,13.0
2025-07-04 10:00:00,0.048980713,1.9262085,80.25,13.0
2025-07-04 11:00:00,-0.660553,1.8902893,80.25,13.0
2025-07-04 12:00:00,-1.3582153,2.2206879,80.25,13.0
2025-07-04 13:00:00,-1.535965,2.5046997,80.25,13.0
2025-07-04 14:00:00,-1.0745087,2.822937,80.25,13.0
2025-07-04 15:00:00,-0.37245178,2.9964447,80.25,13.0
2025-07-04 16:00:00,0.22351074,3.150772,80.25,13.0
2025-07-04 17:00:00,0.540802,3.1618347,80.25,13.0
2025-07-04 18:00:00,0.77841187,3.1681824,80.25,13.0
2025-07-04 19:00:00,1.0576324,3.1088257,80.25,13.0
2025-07-04 20:00:00,1.3659973,3.119629,80.25,13.0
2025-07-04 21:00:00,1.5962372,3.0569305,80.25,13.0
2025-07-04 22:00:00,0.6566925,2.7803955,80.25,13.0
2025-07-04 23:00:00,0.42308044,3.0247955,80.25,13.0
2025-07-05 00:00:00,0.3303833,2.9940338,80.25,13.0
2025-07-05 01:00:00,0.54660034,2.7773132,80.25,13.0
2025-07-05 02:00:00,0.9567261,2.5696106,80.25,13.0
2025-07-05 03:00:00,1.1165009,2.5649261,80.25,13.0
2025-07-05 04:00:00,1.079834,2.7388306,80.25,13.0
2025-07-05 05:00:00,0.6638489,2.9970703,80.25,13.0
2025-07-05 06:00:00,0.18470764,3.1726227,80.25,13.0
2025-07-05 07:00:00,-0.22996521,3.193924,80.25,13.0
2025-07-05 08:00:00,-0.4908905,3.0490417,80.25,13.0
2025-07-05 09:00:00,-0.902771,2.8023682,80.25,13.0
2025-07-05 10:00:00,0.033432007,1.4961395,80.25,13.0
2025-07-05 11:00:00,-0.66362,1.190155,80.25,13.0
2025-07-05 12:00:00,-1.6720581,1.1906128,80.25,13.0
2025-07-05 13:00:00,-2.3282776,1.6111603,80.25,13.0
2025-07-05 14:00:00,-2.6151123,2.0687256,80.25,13.0
2025-07-05 15:00:00,-2.5666656,2.1531525,80.25,13.0
2025-07-05 16:00:00,-2.0177765,2.0953064,80.25,13.0
2025-07-05 17:00:00,-0.82980347,2.3449097,80.25,13.0
2025-07-05 18:00:00,0.9651947,2.5793152,80.25,13.0
2025-07-05 19:00:00,2.7552185,2.557495,80.25,13.0
2025-07-05 20:00:00,3.6386414,2.3983307,80.25,13.0
2025-07-05 21:00:00,3.4445953,2.3991394,80.25,13.0
2025-07-05 22:00:00,0.8108673,1.651886,80.25,13.0
2025-07-05 23:00:00,-0.22592163,2.6886444,80.25,13.0
2025-07-06 00:00:00,-1.0774994,2.9983063,80.25,13.0
2025-07-06 01:00:00,-1.356369,2.9971771,80.25,13.0
2025-07-06 02:00:00,-1.3332825,2.9474182,80.25,13.0
2025-07-06 03:00:00,-1.4398193,2.9608612,80.25,13.0
2025-07-06 04:00:00,-1.7567291,2.95549,80.25,13.0
2025-07-06 05:00:00,-2.104889,3.0386505,80.25,13.0
2025-07-06 06:00:00,-2.240799,3.1790466,80.25,13.0
2025-07-06 07:00:00,-2.08638,3.1890106,80.25,13.0
2025-07-06 08:00:00,-1.7849884,3.2430573,80.25,13.0
2025-07-06 09:00:00,-1.5826721,3.2793884,80.25,13.0
2025-07-06 10:00:00,-0.8345947,3.0684204,80.25,13.0
2025-07-06 11:00:00,0.024810791,3.0510712,80.25,13.0
2025-07-06 12:00:00,0.62532043,2.9004517,80.25,13.0
2025-07-06 13:00:00,0.97036743,2.888626,80.25,13.0
2025-07-06 14:00:00,1.4930573,2.6453552,80.25,13.0
2025-07-06 15:00:00,2.142212,2.0970917,80.25,13.0
2025-07-06 16:00:00,2.725647,1.1083069,80.25,13.0
2025-07-06 17:00:00,3.06604,0.018249512,80.25,13.0
2025-07-06 18:00:00,2.9184723,-1.050003,80.25,13.0
2025-07-06 19:00:00,2.1791687,-1.7088928,80.25,13.0
2025-07-06 20:00:00,1.3062592,-2.0853271,80.25,13.0
2025-07-06 21:00:00,0.32302856,-2.2656555,80.25,13.0
2025-07-06 22:00:00,-0.62638855,-2.7318573,80.25,13.0
2025-07-06 23:00:00,-1.6945496,-1.875885,80.25,13.0
2025-07-07 00:00:00,-2.503952,-1.2697754,80.25,13.0
2025-07-07 01:00:00,-2.7566833,-1.0137177,80.25,13.0
2025-07-07 02:00:00,-2.8217316,-0.72688293,80.25,13.0
2025-07-07 03:00:00,-3.009018,-0.32151794,80.25,13.0
2025-07-07 04:00:00,-3.1945648,0.2036438,80.25,13.0
2025-07-07 05:00:00,-3.3325043,0.938385,80.25,13.0
2025-07-07 06:00:00,-3.2683258,1.4586945,80.25,13.0
2025-07-07 07:00:00,-2.9848633,1.8497009,80.25,13.0
2025-07-07 08:00:00,-2.6804657,2.0241547,80.25,13.0
2025-07-07 09:00:00,-2.484558,2.0973969,80.25,13.0
2025-07-07 10:00:00,-2.101303,1.974411,80.25,13.0
2025-07-07 11:00:00,-1.2426758,2.2351532,80.25,13.0
2025-07-07 12:00:00,-0.004486084,2.8152924,80.25,13.0
2025-07-07 13:00:00,1.2973328,3.3052673,80.25,13.0
2025-07-07 14:00:00,2.5403748,3.3081512,80.25,13.0
2025-07-07 15:00:00,3.0795135,3.0630493,80.25,13.0
2025-07-07 16:00:00,2.986786,2.7582855,80.25,13.0
2025-07-07 17:00:00,2.736267,2.7884827,80.25,13.0
2025-07-07 18:00:00,2.329605,2.7130432,80.25,13.0
2025-07-07 19:00:00,1.8056946,2.7567291,80.25,13.0
2025-07-07 20:00:00,1.0614166,2.648056,80.25,13.0
2025-07-07 21:00:00,-0.095947266,2.5081024,80.25,13.0
2025-07-07 22:00:00,-1.8172302,1.976654,80.25,13.0
2025-07-07 23:00:00,-2.627243,2.06221,80.25,13.0
2025-07-08 00:00:00,-2.89505,2.043686,80.25,13.0
2025-07-08 01:00:00,-2.7158966,2.2312775,80.25,13.0
2025-07-08 02:00:00,-2.3624573,2.6027374,80.25,13.0
2025-07-08 03:00:00,-1.6984253,2.94812,80.25,13.0
2025-07-08 04:00:00,-0.96047974,3.2907257,80.25,13.0
2025-07-08 05:00:00,-0.45077515,3.3395233,80.25,13.0
2025-07-08 06:00:00,-0.10813904,3.3206177,80.25,13.0
2025-07-08 07:00:00,0.09692383,3.2749634,80.25,13.0
2025-07-08 08:00:00,0.09861755,3.1574554,80.25,13.0
2025-07-08 09:00:00,0.047821045,2.9915314,80.25,13.0
2025-07-08 10:00:00,0.45651245,2.2905884,80.25,13.0
2025-07-08 11:00:00,0.42253113,2.322235,80.25,13.0
2025-07-08 12:00:00,0.15548706,2.4272766,80.25,13.0
2025-07-08 13:00:00,0.124557495,2.5985565,80.25,13.0
2025-07-08 14:00:00,0.20121765,2.6708832,80.25,13.0
2025-07-08 15:00:00,0.34683228,2.6049652,80.25,13.0
2025-07-08 16:00:00,0.66407776,2.4430237,80.25,13.0
2025-07-08 17:00:00,1.100357,2.0914612,80.25,13.0
2025-07-08 18:00:00,1.512146,1.6059418,80.25,13.0
2025-07-08 19:00:00,1.690506,1.0791626,80.25,13.0
2025-07-08 20:00:00,1.5319519,0.4650879,80.25,13.0
2025-07-08 21:00:00,1.0895233,-0.14399719,80.25,13.0
2025-07-08 22:00:00,0.7490845,-0.91586304,80.25,13.0
2025-07-08 23:00:00,0.71736145,-1.0323792,80.25,13.0
2025-07-09 00:00:00,0.8703613,-0.9575043,80.25,13.0
2025-07-09 01:00:00,1.3596497,-1.1661987,80.25,13.0
2025-07-09 02:00:00,1.8821259,-1.467453,80.25,13.0
2025-07-09 03:00:00,2.1916656,-1.8373566,80.25,13.0
2025-07-09 04:00:00,2.2610016,-2.015747,80.25,13.0
2025-07-09 05:00:00,1.9792938,-2.1897125,80.25,13.0
2025-07-09 06:00:00,1.58461,-2.1846771,80.25,13.0
2025-07-09 07:00:00,1.3438416,-1.8539124,80.25,13.0
2025-07-09 08:00:00,1.5258636,-1.2408295,80.25,13.0
2025-07-09 09:00:00,2.2307587,-0.031570435,80.25,13.0
2025-07-09 10:00:00,3.9249725,0.9092102,80.25,13.0
2025-07-09 11:00:00,4.561386,1.7227173,80.25,13.0
2025-07-09 12:00:00,5.2301025,2.5251465,80.25,13.0
2025-07-09 13:00:00,5.7217865,2.9625702,80.25,13.0
2025-07-09 14:00:00,6.973465,2.7288208,80.25,13.0
2025-07-09 15:00:00,7.958832,2.044281,80.25,13.0
2025-07-09 16:00:00,8.21788,2.5010834,80.25,13.0
2025-07-09 17:00:00,8.591553,3.9821014,80.25,13.0
2025-07-09 18:00:00,9.097092,5.3868103,80.25,13.0
2025-07-09 19:00:00,9.474991,5.857712,80.25,13.0
2025-07-09 20:00:00,9.660233,5.8724213,80.25,13.0
2025-07-09 21:00:00,9.46434,5.755234,80.25,13.0
2025-07-09 22:00:00,9.237595,5.52211,80.25,13.0
2025-07-09 23:00:00,8.974808,5.7615204,80.25,13.0
2025-07-10 00:00:00,8.417633,5.9969788,80.25,13.0
2025-07-10 01:00:00,7.602646,5.969574,80.25,13.0
2025-07-10 02:00:00,6.813095,5.953186,80.25,13.0
2025-07-10 03:00:00,6.183029,6.1714935,80.25,13.0
2025-07-10 04:00:00,4.954254,6.150696,80.25,13.0
2025-07-10 05:00:00,3.2057953,5.7835846,80.25,13.0
2025-07-10 06:00:00,1.422226,5.155945,80.25,13.0
2025-07-10 07:00:00,-0.27526855,4.3924866,80.25,13.0
2025-07-10 08:00:00,-1.7604675,3.525528,80.25,13.0
2025-07-10 09:00:00,-2.8798828,2.928009,80.25,13.0
2025-07-10 10:00:00,-4.588028,1.2585907,80.25,13.0
2025-07-10 11:00:00,-5.2933807,1.0242615,80.25,13.0
2025-07-10 12:00:00,-5.684494,1.8132782,80.25,13.0
2025-07-10 13:00:00,-5.570175,3.16214,80.25,13.0
2025-07-10 14:00:00,-5.037155,4.1382446,80.25,13.0
2025-07-10 15:00:00,-4.65654,5.066101,80.25,13.0
2025-07-10 16:00:00,-4.143463,5.3645325,80.25,13.0
2025-07-10 17:00:00,-3.68544,5.1424103,80.25,13.0
2025-07-10 18:00:00,-2.7708282,5.056137,80.25,13.0
2025-07-10 19:00:00,-0.85969543,5.273575,80.25,13.0
2025-07-10 20:00:00,1.5020294,5.4816895,80.25,13.0
2025-07-10 21:00:00,3.550064,5.7516174,80.25,13.0
2025-07-10 22:00:00,3.6360626,5.696045,80.25,13.0
2025-07-10 23:00:00,4.4463196,5.831314,80.25,13.0
2025-07-11 00:00:00,4.907364,6.2806244,80.25,13.0
2025-07-11 01:00:00,5.010742,6.820038,80.25,13.0
2025-07-11 02:00:00,4.814621,7.240738,80.25,13.0
2025-07-11 03:00:00,4.3186646,7.537842,80.25,13.0
2025-07-11 04:00:00,3.9965973,7.678711,80.25,13.0
2025-07-11 05:00:00,4.135681,7.6952667,80.25,13.0
2025-07-11 06:00:00,4.477783,7.296982,80.25,13.0
2025-07-11 07:00:00,4.6426544,6.5243683,80.25,13.0
2025-07-11 08:00:00,4.723892,5.9289703,80.25,13.0
2025-07-11 09:00:00,5.005432,5.965103,80.25,13.0
2025-07-11 10:00:00,3.8252716,5.947098,80.25,13.0
2025-07-11 11:00:00,3.711563,6.136612,80.25,13.0
2025-07-11 12:00:00,3.9447327,6.0367584,80.25,13.0
2025-07-11 13:00:00,4.209427,5.942566,80.25,13.0
2025-07-11 14:00:00,4.1030884,5.8515472,80.25,13.0
2025-07-11 15:00:00,3.619217,5.9148254,80.25,13.0
2025-07-11 16:00:00,3.1140442,6.0655518,80.25,13.0
2025-07-11 17:00:00,2.8735504,6.263382,80.25,13.0
2025-07-11 18:00:00,2.8691711,6.3438873,80.25,13.0
2025-07-11 19:00:00,3.2364655,6.1889954,80.25,13.0
2025-07-11 20:00:00,3.8721008,5.770584,80.25,13.0
2025-07-11 21:00:00,4.559845,5.2734985,80.25,13.0
2025-07-11 22:00:00,4.772064,5.360672,80.25,13.0
2025-07-11 23:00:00,4.801346,5.069956,80.25,13.0
2025-07-12 00:00:00,4.626358,5.1838837,80.25,13.0
2025-07-12 01:00:00,4.4703217,5.41098,80.25,13.0
2025-07-12 02:00:00,4.4502106,5.817993,80.25,13.0
2025-07-12 03:00:00,4.617752,6.320816,80.25,13.0
2025-07-12 04:00:00,4.8589935,6.7459717,80.25,13.0
2025-07-12 05:00:00,4.9972687,6.9514313,80.25,13.0
2025-07-12 06:00:00,5.2616425,7.012268,80.25,13.0
2025-07-12 07:00:00,5.5341797,6.948242,80.25,13.0
2025-07-12 08:00:00,6.119934,6.828583,80.25,13.0
2025-07-12 09:00:00,6.909027,6.582199,80.25,13.0
2025-07-12 10:00:00,7.478058,6.9307203,80.25,13.0
2025-07-12 11:00:00,7.426132,7.4786224,80.25,13.0
2025-07-12 12:00:00,7.392975,7.998047,80.25,13.0
2025-07-12 13:00:00,8.150803,8.941208,80.25,13.0
2025-07-12 14:00:00,8.064148,8.565506,80.25,13.0
2025-07-12 15:00:00,8.218674,8.764526,80.25,13.0
2025-07-12 16:00:00,8.264465,8.739868,80.25,13.0
2025-07-12 17:00:00,8.7535095,9.342407,80.25,13.0
2025-07-12 18:00:00,8.110809,8.930176,80.25,13.0
2025-07-12 19:00:00,7.447693,8.666336,80.25,13.0
2025-07-12 20:00:00,6.7068787,8.5121765,80.25,13.0
2025-07-12 21:00:00,5.9912567,8.609329,80.25,13.0
2025-07-12 22:00:00,5.3343964,8.602768,80.25,13.0
2025-07-12 23:00:00,4.9696655,8.183334,80.25,13.0
2025-07-13 00:00:00,4.9109344,7.557602,80.25,13.0
2025-07-13 01:00:00,5.006775,7.09935,80.25,13.0
2025-07-13 02:00:00,4.8629,6.951889,80.25,13.0
2025-07-13 03:00:00,4.643997,7.0410156,80.25,13.0
2025-07-13 04:00:00,4.7506256,6.716797,80.25,13.0
2025-07-13 05:00:00,4.9030304,6.041855,80.25,13.0
2025-07-13 06:00:00,4.5700684,5.9032288,80.25,13.0
2025-07-13 07:00:00,4.0763855,5.803482,80.25,13.0
2025-07-13 08:00:00,3.7974396,5.637451,80.25,13.0
2025-07-13 09:00:00,4.0457764,5.072174,80.25,13.0
2025-07-13 10:00:00,4.672333,4.2517166,80.25,13.0
2025-07-13 11:00:00,4.805313,4.2309723,80.25,13.0
2025-07-13 12:00:00,4.431061,4.294281,80.25,13.0
2025-07-13 13:00:00,4.567276,3.902237,80.25,13.0
2025-07-13 14:00:00,5.215439,3.4559326,80.25,13.0
2025-07-13 15:00:00,5.6048126,3.4421234,80.25,13.0
2025-07-13 16:00:00,5.5429077,3.4411163,80.25,13.0
2025-07-13 17:00:00,5.376053,3.302765,80.25,13.0
2025-07-13 18:00:00,5.0947113,3.3836365,80.25,13.0
2025-07-13 19:00:00,4.761078,3.1392975,80.25,13.0
2025-07-13 20:00:00,4.859497,2.4664764,80.25,13.0
2025-07-13 21:00:00,5.445755,1.6495209,80.25,13.0
2025-07-13 22:00:00,6.12854,1.3835449,80.25,13.0
2025-07-13 23:00:00,7.0991974,1.0747681,80.25,13.0
2025-07-14 00:00:00,7.758438,1.4990845,80.25,13.0
2025-07-14 01:00:00,8.247574,2.1089935,80.25,13.0
2025-07-14 02:00:00,7.925659,2.1611938,80.25,13.0
2025-07-14 03:00:00,7.8358765,2.1614532,80.25,13.0
2025-07-14 04:00:00,7.8236237,2.2153473,80.25,13.0
2025-07-14 05:00:00,7.8000793,1.9143829,80.25,13.0
2025-07-14 06:00:00,7.7600555,1.896698,80.25,13.0
2025-07-14 07:00:00,7.5686646,1.9260101,80.25,13.0
2025-07-14 08:00:00,7.464157,2.0420532,80.25,13.0
2025-07-14 09:00:00,7.375839,2.2995758,80.25,13.0
2025-07-14 10:00:00,7.204315,2.3873749,80.25,13.0
2025-07-14 11:00:00,6.9917603,3.4741516,80.25,13.0
2025-07-14 12:00:00,6.795471,4.3599243,80.25,13.0
2025-07-14 13:00:00,6.7805786,4.730774,80.25,13.0
2025-07-14 14:00:00,6.898407,4.7597656,80.25,13.0
2025-07-14 15:00:00,6.610977,4.8542633,80.25,13.0
2025-07-14 16:00:00,6.558914,5.630554,80.25,13.0
2025-07-14 17:00:00,6.4693146,6.301941,80.25,13.0
2025-07-14 18:00:00,6.2546234,6.8006287,80.25,13.0
2025-07-14 19:00:00,6.2632446,7.094589,80.25,13.0
2025-07-14 20:00:00,6.5845947,7.3353577,80.25,13.0
2025-07-14 21:00:00,7.0703583,7.799759,80.25,13.0
2025-07-14 22:00:00,6.9676056,8.143723,80.25,13.0
2025-07-14 23:00:00,7.3576355,7.947464,80.25,13.0
2025-07-15 00:00:00,8.413391,7.5556946,80.25,13.0
2025-07-15 01:00:00,9.149612,7.466629,80.25,13.0
2025-07-15 02:00:00,9.484909,7.1269073,80.25,13.0
2025-07-15 03:00:00,10.303619,5.434845,80.25,13.0
2025-07-15 04:00:00,10.710175,4.1540833,80.25,13.0
2025-07-15 05:00:00,10.703888,3.655075,80.25,13.0
2025-07-15 06:00:00,10.812347,2.539154,80.25,13.0
2025-07-15 07:00:00,10.474838,0.18167114,80.25,13.0
2025-07-15 08:00:00,8.685516,-2.4163818,80.25,13.0
2025-07-15 09:00:00,6.313095,-4.149933,80.25,13.0
2025-07-15 10:00:00,5.3958435,-4.515274,80.25,13.0
2025-07-15 11:00:00,4.627014,-5.364105,80.25,13.0
2025-07-15 12:00:00,4.0182037,-6.4069214,80.25,13.0
2025-07-15 13:00:00,3.5753021,-6.6383057,80.25,13.0
2025-07-15 14:00:00,3.003296,-6.386322,80.25,13.0
2025-07-15 15:00:00,2.5834198,-5.402878,80.25,13.0
2025-07-15 16:00:00,2.51622,-4.1006775,80.25,13.0
2025-07-15 17:00:00,3.0811005,-3.214859,80.25,13.0
2025-07-15 18:00:00,3.652359,-2.9304657,80.25,13.0
2025-07-15 19:00:00,3.8880157,-3.0393066,80.25,13.0
2025-07-15 20:00:00,3.8050842,-2.8934174,80.25,13.0
2025-07-15 21:00:00,3.5454865,-1.6752472,80.25,13.0
2025-07-15 22:00:00,3.5170135,-0.4067688,80.25,13.0
2025-07-15 23:00:00,3.6594696,1.3055878,80.25,13.0
2025-07-16 00:00:00,4.144516,2.5786133,80.25,13.0
2025-07-16 01:00:00,4.473053,3.0583038,80.25,13.0
2025-07-16 02:00:00,5.0693665,2.9932861,80.25,13.0
2025-07-16 03:00:00,5.93956,2.3459015,80.25,13.0
2025-07-16 04:00:00,6.380966,1.7089691,80.25,13.0
2025-07-16 05:00:00,6.1248474,1.9660645,80.25,13.0
2025-07-16 06:00:00,5.481613,2.440857,80.25,13.0
2025-07-16 07:00:00,4.836441,2.8460083,80.25,13.0
2025-07-16 08:00:00,4.46344,2.9613037,80.25,13.0
2025-07-16 09:00:00,4.243042,2.7088776,80.25,13.0
2025-07-16 10:00:00,5.3071136,1.8454895,80.25,13.0
2025-07-16 11:00:00,5.1214905,1.2498779,80.25,13.0
2025-07-16 12:00:00,4.410919,0.26576233,80.25,13.0
2025-07-16 13:00:00,3.4006195,-1.193924,80.25,13.0
2025-07-16 14:00:00,1.8932495,-2.0430145,80.25,13.0
2025-07-16 15:00:00,0.5686188,-2.1296997,80.25,13.0
2025-07-16 16:00:00,-0.009735107,-1.7617188,80.25,13.0
2025-07-16 17:00:00,-0.2892456,-1.450531,80.25,13.0
2025-07-16 18:00:00,-0.57203674,-1.602356,80.25,13.0
2025-07-16 19:00:00,-1.0337677,-1.6226044,80.25,13.0
2025-07-16 20:00:00,-1.2274628,-1.254715,80.25,13.0
2025-07-16 21:00:00,-1.2121277,-0.8470764,80.25,13.0
2025-07-16 22:00:00,-1.5306396,-0.63879395,80.25,13.0
2025-07-16 23:00:00,-1.6585693,-0.46505737,80.25,13.0
2025-07-17 00:00:00,-1.6951294,-0.43829346,80.25,13.0
2025-07-17 01:00:00,-1.6980438,-0.48635864,80.25,13.0
2025-07-17 02:00:00,-1.7221375,-0.29655457,80.25,13.0
2025-07-17 03:00:00,-1.4346924,0.054611206,80.25,13.0
2025-07-17 04:00:00,-0.99801636,-0.060531616,80.25,13.0
2025-07-17 05:00:00,-0.4399414,-0.8272705,80.25,13.0
2025-07-17 06:00:00,0.043670654,-2.2735748,80.25,13.0
2025-07-17 07:00:00,0.28855896,-3.7881012,80.25,13.0
2025-07-17 08:00:00,0.3978119,-5.33197,80.25,13.0
2025-07-17 09:00:00,0.3821106,-6.6348877,80.25,13.0
2025-07-17 10:00:00,-1.6631622,-6.0385437,80.25,13.0
2025-07-17 11:00:00,-1.1417999,-5.9859314,80.25,13.0
2025-07-17 12:00:00,-0.68621826,-6.1838837,80.25,13.0
2025-07-17 13:00:00,-0.17984009,-6.1992493,80.25,13.0
2025-07-17 14:00:00,0.25732422,-6.136093,80.25,13.0
2025-07-17 15:00:00,0.5621338,-6.010025,80.25,13.0
2025-07-17 16:00:00,0.7136688,-5.7070312,80.25,13.0
2025-07-17 17:00:00,0.9498749,-5.367691,80.25,13.0
2025-07-17 18:00:00,1.0710754,-5.027405,80.25,13.0
2025-07-17 19:00:00,1.1596985,-4.682068,80.25,13.0
2025-07-17 20:00:00,1.1973572,-4.2586823,80.25,13.0
2025-07-17 21:00:00,1.2759705,-4.022583,80.25,13.0
2025-07-17 22:00:00,1.151413,-3.8685913,80.25,13.0
2025-07-17 23:00:00,1.0863953,-3.6430206,80.25,13.0
2025-07-18 00:00:00,1.3667908,-3.8556976,80.25,13.0
2025-07-18 01:00:00,1.800293,-4.080536,80.25,13.0
2025-07-18 02:00:00,1.9166718,-4.453476,80.25,13.0
2025-07-18 03:00:00,1.8072357,-5.011139,80.25,13.0
2025-07-18 04:00:00,1.6109009,-5.391739,80.25,13.0
2025-07-18 05:00:00,1.3978729,-5.334503,80.25,13.0
2025-07-18 06:00:00,1.5217285,-5.0646515,80.25,13.0
2025-07-18 07:00:00,2.0737152,-4.8946075,80.25,13.0
2025-07-18 08:00:00,2.3590393,-4.6099396,80.25,13.0
2025-07-18 09:00:00,2.4673767,-3.9473877,80.25,13.0
2025-07-18 10:00:00,2.3690033,-3.27388,80.25,13.0
2025-07-18 11:00:00,2.332138,-2.5306244,80.25,13.0
2025-07-18 12:00:00,2.1436005,-1.3096466,80.25,13.0
2025-07-18 13:00:00,2.607895,0.0090789795,80.25,13.0
2025-07-18 14:00:00,3.3828278,0.9180298,80.25,13.0
2025-07-18 15:00:00,4.0193024,1.6999664,80.25,13.0
2025-07-18 16:00:00,4.7363434,2.3996582,80.25,13.0
2025-07-18 17:00:00,5.2707214,3.373413,80.25,13.0
2025-07-18 18:00:00,6.0345154,4.3972015,80.25,13.0
2025-07-18 19:00:00,6.4680634,4.807724,80.25,13.0
2025-07-18 20:00:00,7.3016357,4.8848114,80.25,13.0
2025-07-18 21:00:00,7.661331,4.894989,80.25,13.0
2025-07-18 22:00:00,7.77446,5.025467,80.25,13.0
2025-07-18 23:00:00,7.822998,5.355667,80.25,13.0
2025-07-19 00:00:00,8.343414,5.478119,80.25,13.0
2025-07-19 01:00:00,9.295166,4.8537903,80.25,13.0
2025-07-19 02:00:00,9.659378,3.5612793,80.25,13.0
2025-07-19 03:00:00,9.643845,2.5695648,80.25,13.0
2025-07-19 04:00:00,9.272797,2.1709442,80.25,13.0
2025-07-19 05:00:00,9.305908,2.6055603,80.25,13.0
2025-07-19 06:00:00,9.618179,3.2014618,80.25,13.0
2025-07-19 07:00:00,9.747894,3.124649,80.25,13.0
2025-07-19 08:00:00,9.268555,2.583664,80.25,13.0
2025-07-19 09:00:00,9.05896,1.9476776,80.25,13.0
2025-07-19 10:00:00,10.270355,1.6412964,80.25,13.0
2025-07-19 11:00:00,9.8089905,1.3513336,80.25,13.0
2025-07-19 12:00:00,9.365967,0.8451233,80.25,13.0
2025-07-19 13:00:00,8.57756,0.29185486,80.25,13.0
2025-07-19 14:00:00,7.823288,0.095825195,80.25,13.0
2025-07-19 15:00:00,6.9979553,0.2603302,80.25,13.0
2025-07-19 16:00:00,6.559326,0.671402,80.25,13.0
2025-07-19 17:00:00,6.2075043,0.5721283,80.25,13.0
2025-07-19 18:00:00,5.6801147,-0.11500549,80.25,13.0
2025-07-19 19:00:00,4.9463196,-0.66108704,80.25,13.0
2025-07-19 20:00:00,3.8969421,-0.8843384,80.25,13.0
2025-07-19 21:00:00,3.1293335,-0.76168823,80.25,13.0
2025-07-19 22:00:00,2.0751648,-0.523468,80.25,13.0
2025-07-19 23:00:00,1.3699493,-0.58929443,80.25,13.0
2025-07-20 00:00:00,0.59399414,-0.42056274,80.25,13.0
2025-07-20 01:00:00,-0.11087036,-0.11100769,80.25,13.0
2025-07-20 02:00:00,-0.7616577,0.23536682,80.25,13.0
2025-07-20 03:00:00,-1.1055908,0.37716675,80.25,13.0
2025-07-20 04:00:00,-1.1408386,0.68356323,80.25,13.0
2025-07-20 05:00:00,-0.8210602,1.0142365,80.25,13.0
2025-07-20 06:00:00,-0.049728394,1.3640137,80.25,13.0
2025-07-20 07:00:00,0.53334045,1.0443115,80.25,13.0
2025-07-20 08:00:00,0.6013794,0.19213867,80.25,13.0
2025-07-20 09:00:00,0.16534424,-1.0950012,80.25,13.0
2025-07-20 10:00:00,-0.3726349,-2.0991974,80.25,13.0
2025-07-20 11:00:00,-1.4101562,-2.6565247,80.25,13.0
2025-07-20 12:00:00,-2.395752,-2.466095,80.25,13.0
2025-07-20 13:00:00,-2.9737244,-1.9661255,80.25,13.0
2025-07-20 14:00:00,-2.956604,-1.4944916,80.25,13.0
2025-07-20 15:00:00,-2.8839264,-1.4000854,80.25,13.0
2025-07-20 16:00:00,-2.779663,-1.516571,80.25,13.0
2025-07-20 17:00:00,-2.7468872,-1.9116058,80.25,13.0
2025-07-20 18:00:00,-3.0385437,-2.3144073,80.25,13.0
2025-07-20 19:00:00,-3.6401825,-2.4456635,80.25,13.0
2025-07-20 20:00:00,-4.2206116,-2.4296265,80.25,13.0
2025-07-20 21:00:00,-4.7964478,-2.3760986,80.25,13.0
2025-07-20 22:00:00,-5.0047455,-1.7798309,80.25,13.0
2025-07-20 23:00:00,-5.2520294,-1.7694855,80.25,13.0
2025-07-21 00:00:00,-5.250992,-1.7949219,80.25,13.0
2025-07-21 01:00:00,-5.197113,-1.9586182,80.25,13.0
2025-07-21 02:00:00,-5.0308228,-1.9552307,80.25,13.0
2025-07-21 03:00:00,-4.952362,-2.062439,80.25,13.0
2025-07-21 04:00:00,-4.9138794,-2.3977814,80.25,13.0
2025-07-21 05:00:00,-4.9747467,-2.6711273,80.25,13.0
2025-07-21 06:00:00,-5.056366,-2.7338257,80.25,13.0
2025-07-21 07:00:00,-5.088257,-2.615219,80.25,13.0
2025-07-21 08:00:00,-4.9916534,-2.352478,80.25,13.0
2025-07-21 09:00:00,-4.692505,-2.1461792,80.25,13.0
2025-07-21 10:00:00,-3.83284,-2.9553833,80.25,13.0
2025-07-21 11:00:00,-3.7711945,-2.9266663,80.25,13.0
2025-07-21 12:00:00,-3.6118011,-2.8720856,80.25,13.0
2025-07-21 13:00:00,-3.4961548,-2.8043518,80.25,13.0
2025-07-21 14:00:00,-3.5748901,-2.6250916,80.25,13.0
2025-07-21 15:00:00,-3.6002502,-2.4581604,80.25,13.0
2025-07-21 16:00:00,-3.3540955,-2.1752777,80.25,13.0
2025-07-21 17:00:00,-2.90242,-1.9508209,80.25,13.0
2025-07-21 18:00:00,-2.5549622,-1.8878021,80.25,13.0
2025-07-21 19:00:00,-2.2032013,-1.8614502,80.25,13.0
2025-07-21 20:00:00,-1.9438324,-1.8283844,80.25,13.0
2025-07-21 21:00:00,-1.7970276,-1.7154846,80.25,13.0
2025-07-21 22:00:00,-0.835968,-0.8507843,80.25,13.0
2025-07-21 23:00:00,-0.5396881,-1.1107178,80.25,13.0
2025-07-22 00:00:00,-0.11013794,-1.4446716,80.25,13.0
2025-07-22 01:00:00,0.39186096,-1.555191,80.25,13.0
2025-07-22 02:00:00,0.9086151,-1.5327911,80.25,13.0
2025-07-22 03:00:00,1.2038879,-1.7175903,80.25,13.0
2025-07-22 04:00:00,1.4215546,-2.0453033,80.25,13.0
2025-07-22 05:00:00,1.7127686,-2.339157,80.25,13.0
2025-07-22 06:00:00,2.1665802,-2.30336,80.25,13.0
2025-07-22 07:00:00,2.707672,-2.2299347,80.25,13.0
2025-07-22 08:00:00,3.374054,-2.0924072,80.25,13.0
2025-07-22 09:00:00,4.064392,-2.0872955,80.25,13.0
2025-07-22 10:00:00,3.4217987,-1.5440674,80.25,13.0
2025-07-22 11:00:00,3.5679169,-1.0361176,80.25,13.0
2025-07-22 12:00:00,4.0098877,-0.9385681,80.25,13.0
2025-07-22 13:00:00,4.765671,-1.7394714,80.25,13.0
2025-07-22 14:00:00,5.3779297,-2.4448395,80.25,13.0
2025-07-22 15:00:00,5.4482574,-2.4504852,80.25,13.0
2025-07-22 16:00:00,5.4107513,-2.1243134,80.25,13.0
2025-07-22 17:00:00,5.6277313,-1.8525391,80.25,13.0
2025-07-22 18:00:00,5.5326385,-1.4384613,80.25,13.0
2025-07-22 19:00:00,5.2842865,-0.8511963,80.25,13.0
2025-07-22 20:00:00,5.343155,-0.15733337,80.25,13.0
2025-07-22 21:00:00,5.9977417,0.098846436,80.25,13.0
2025-07-22 22:00:00,6.663559,-0.064971924,80.25,13.0
2025-07-22 23:00:00,7.1579895,-0.44735718,80.25,13.0
2025-07-23 00:00:00,7.0616455,-0.66903687,80.25,13.0
2025-07-23 01:00:00,7.056259,-0.53144836,80.25,13.0
2025-07-23 02:00:00,7.005722,-0.36924744,80.25,13.0
2025-07-23 03:00:00,7.227539,-0.11401367,80.25,13.0
2025-07-23 04:00:00,7.289444,-0.33073425,80.25,13.0
2025-07-23 05:00:00,7.2169037,-0.72979736,80.25,13.0
2025-07-23 06:00:00,7.0805054,-0.72442627,80.25,13.0
2025-07-23 07:00:00,7.0724945,-0.58351135,80.25,13.0
2025-07-23 08:00:00,7.128189,-0.50761414,80.25,13.0
2025-07-23 09:00:00,7.064453,-0.75953674,80.25,13.0
2025-07-23 10:00:00,7.121338,-0.9714203,80.25,13.0
2025-07-23 11:00:00,7.447235,-1.1395264,80.25,13.0
2025-07-23 12:00:00,7.703537,-1.3840027,80.25,13.0
2025-07-23 13:00:00,7.69104,-1.539856,80.25,13.0
2025-07-23 14:00:00,7.975296,-1.5069427,80.25,13.0
2025-07-23 15:00:00,8.4930725,-1.4207611,80.25,13.0
2025-07-23 16:00:00,8.932587,-1.553772,80.25,13.0
2025-07-23 17:00:00,8.925903,-2.1241455,80.25,13.0
2025-07-23 18:00:00,8.604492,-2.7006378,80.25,13.0
2025-07-23 19:00:00,8.480576,-2.6756897,80.25,13.0
2025-07-23 20:00:00,8.895752,-2.3287354,80.25,13.0
2025-07-23 21:00:00,9.306885,-2.3356934,80.25,13.0
2025-07-23 22:00:00,9.464371,-2.5756989,80.25,13.0
2025-07-23 23:00:00,9.332001,-2.9912415,80.25,13.0
2025-07-24 00:00:00,9.297897,-2.935913,80.25,13.0
2025-07-24 01:00:00,9.768295,-2.3454437,80.25,13.0
2025-07-24 02:00:00,10.029846,-2.1240387,80.25,13.0
2025-07-24 03:00:00,9.89032,-2.4732056,80.25,13.0
2025-07-24 04:00:00,9.943298,-2.5467377,80.25,13.0
2025-07-24 05:00:00,10.115067,-2.4421997,80.25,13.0
2025-07-24 06:00:00,10.015305,-2.9816437,80.25,13.0
2025-07-24 07:00:00,9.921417,-3.0662231,80.25,13.0
2025-07-24 08:00:00,9.904144,-2.92247,80.25,13.0
2025-07-24 09:00:00,9.77916,-3.097229,80.25,13.0
2025-07-24 10:00:00,9.8797,-3.1476898,80.25,13.0
2025-07-24 11:00:00,9.421814,-3.8358307,80.25,13.0
2025-07-24 12:00:00,8.637344,-4.1981506,80.25,13.0
2025-07-24 13:00:00,7.63002,-4.186554,80.25,13.0
2025-07-24 14:00:00,6.9700623,-3.7077942,80.25,13.0
2025-07-24 15:00:00,6.6911774,-3.2440033,80.25,13.0
2025-07-24 16:00:00,6.9049225,-2.4741821,80.25,13.0
2025-07-24 17:00:00,7.4307404,-1.7885895,80.25,13.0
2025-07-24 18:00:00,7.6956024,-1.7292175,80.25,13.0
2025-07-24 19:00:00,7.6961823,-1.9725189,80.25,13.0
2025-07-24 20:00:00,7.5305634,-2.1199646,80.25,13.0
2025-07-24 21:00:00,7.3124084,-2.2494507,80.25,13.0
2025-07-24 22:00:00,7.133026,-2.483307,80.25,13.0
2025-07-24 23:00:00,7.0147705,-2.652588,80.25,13.0
2025-07-25 00:00:00,6.392456,-3.3653564,80.25,13.0
2025-07-25 01:00:00,5.3887634,-3.9044647,80.25,13.0
2025-07-25 02:00:00,4.842346,-3.57135,80.25,13.0
2025-07-25 03:00:00,4.543976,-3.5437164,80.25,13.0
2025-07-25 04:00:00,3.9581604,-4.116684,80.25,13.0
2025-07-25 05:00:00,2.8061066,-4.580002,80.25,13.0
2025-07-25 06:00:00,1.4740295,-4.490814,80.25,13.0
2025-07-25 07:00:00,0.61857605,-3.9745026,80.25,13.0
2025-07-25 08:00:00,0.30352783,-3.491211,80.25,13.0
2025-07-25 09:00:00,0.22465515,-3.337494,80.25,13.0
2025-07-25 10:00:00,0.57847595,-3.1932068,80.25,13.0
2025-07-25 11:00:00,1.0196686,-3.0493774,80.25,13.0
2025-07-25 12:00:00,1.450058,-3.0946655,80.25,13.0
2025-07-25 13:00:00,1.8159637,-3.3037415,80.25,13.0
2025-07-25 14:00:00,1.89711,-3.4534912,80.25,13.0
2025-07-25 15:00:00,1.8028717,-3.6804504,80.25,13.0
2025-07-25 16:00:00,1.597992,-3.9017334,80.25,13.0
2025-07-25 17:00:00,1.3629913,-3.8894196,80.25,13.0
2025-07-25 18:00:00,1.1854095,-3.440689,80.25,13.0
2025-07-25 19:00:00,1.373291,-2.7346191,80.25,13.0
2025-07-25 20:00:00,1.9134369,-2.1524353,80.25,13.0
2025-07-25 21:00:00,2.4026337,-1.8755798,80.25,13.0
2025-07-25 22:00:00,2.7407532,-2.0606842,80.25,13.0
2025-07-25 23:00:00,2.8714294,-1.8830109,80.25,13.0
2025-07-26 00:00:00,3.1449585,-1.7554169,80.25,13.0
2025-07-26 01:00:00,3.6623993,-1.8933716,80.25,13.0
2025-07-26 02:00:00,4.23143,-2.390564,80.25,13.0
2025-07-26 03:00:00,4.396408,-2.83049,80.25,13.0
2025-07-26 04:00:00,4.149719,-2.8704376,80.25,13.0
2025-07-26 05:00:00,4.031555,-2.379074,80.25,13.0
2025-07-26 06:00:00,4.2301483,-1.776001,80.25,13.0
2025-07-26 07:00:00,4.5550385,-1.8095856,80.25,13.0
2025-07-26 08:00:00,4.734207,-2.3405457,80.25,13.0
2025-07-26 09:00:00,4.5861206,-2.7614746,80.25,13.0
2025-07-26 10:00:00,4.4714813,-2.7379303,80.25,13.0
2025-07-26 11:00:00,4.4322968,-2.8625336,80.25,13.0
2025-07-26 12:00:00,4.3694305,-2.9098969,80.25,13.0
2025-07-26 13:00:00,4.119278,-3.2958832,80.25,13.0
2025-07-26 14:00:00,3.744934,-3.5406494,80.25,13.0
2025-07-26 15:00:00,3.411621,-3.5338593,80.25,13.0
2025-07-26 16:00:00,3.275772,-3.335617,80.25,13.0
2025-07-26 17:00:00,3.091919,-3.1892548,80.25,13.0
2025-07-26 18:00:00,2.9853516,-2.9807892,80.25,13.0
2025-07-26 19:00:00,3.0088043,-2.8581085,80.25,13.0
2025-07-26 20:00:00,3.0796814,-2.872696,80.25,13.0
2025-07-26 21:00:00,3.1095123,-2.8815308,80.25,13.0
2025-07-26 22:00:00,3.515503,-2.7790527,80.25,13.0
2025-07-26 23:00:00,3.6800385,-2.6127625,80.25,13.0
2025-07-27 00:00:00,3.8567352,-2.496582,80.25,13.0
2025-07-27 01:00:00,3.8384094,-2.2790375,80.25,13.0
2025-07-27 02:00:00,4.083084,-2.1560516,80.25,13.0
2025-07-27 03:00:00,4.2559357,-2.081726,80.25,13.0
2025-07-27 04:00:00,4.3881073,-2.1042938,80.25,13.0
2025-07-27 05:00:00,4.4428864,-2.122284,80.25,13.0
2025-07-27 06:00:00,4.328705,-2.0207062,80.25,13.0
2025-07-27 07:00:00,4.2008057,-1.8148193,80.25,13.0
2025-07-27 08:00:00,4.0652924,-1.3753662,80.25,13.0
2025-07-27 09:00:00,4.0242004,-0.9562073,80.25,13.0
2025-07-27 10:00:00,4.0833282,0.55618286,80.25,13.0
2025-07-27 11:00:00,4.5859222,0.6335144,80.25,13.0
2025-07-27 12:00:00,4.824478,0.49865723,80.25,13.0
2025-07-27 13:00:00,5.255951,0.32911682,80.25,13.0
2025-07-27 14:00:00,5.5190735,0.24002075,80.25,13.0
2025-07-27 15:00:00,5.551758,-0.01940918,80.25,13.0
2025-07-27 16:00:00,5.437561,0.035125732,80.25,13.0
2025-07-27 17:00:00,5.111786,0.34635925,80.25,13.0
2025-07-27 18:00:00,4.821518,0.94581604,80.25,13.0
2025-07-27 19:00:00,4.566925,2.0342712,80.25,13.0
2025-07-27 20:00:00,4.7232666,2.7554169,80.25,13.0
2025-07-27 21:00:00,5.0591583,3.0018768,80.25,13.0
2025-07-27 22:00:00,5.9044952,3.2154388,80.25,13.0
2025-07-27 23:00:00,6.4024353,3.320282,80.25,13.0
2025-07-28 00:00:00,6.807007,3.2223358,80.25,13.0
2025-07-28 01:00:00,7.1976624,3.2919922,80.25,13.0
2025-07-28 02:00:00,7.4441376,3.38208,80.25,13.0
2025-07-28 03:00:00,7.448456,3.66156,80.25,13.0
2025-07-28 04:00:00,7.38237,4.0556793,80.25,13.0
2025-07-28 05:00:00,7.4042206,4.242859,80.25,13.0
2025-07-28 06:00:00,7.610779,4.3071136,80.25,13.0
2025-07-28 07:00:00,8.021713,4.149246,80.25,13.0
2025-07-28 08:00:00,8.260544,4.0726166,80.25,13.0
2025-07-28 09:00:00,8.350189,3.9417725,80.25,13.0
2025-07-28 10:00:00,8.268051,4.8104706,80.25,13.0
2025-07-28 11:00:00,7.714203,4.4050903,80.25,13.0
2025-07-28 12:00:00,7.013748,3.6477509,80.25,13.0
2025-07-28 13:00:00,5.992264,2.8896027,80.25,13.0
2025-07-28 14:00:00,5.789978,2.4596863,80.25,13.0
2025-07-28 15:00:00,5.584793,1.8983917,80.25,13.0
2025-07-28 16:00:00,5.5658875,1.3894653,80.25,13.0
2025-07-28 17:00:00,5.261383,1.0267487,80.25,13.0
2025-07-28 18:00:00,5.014786,1.00914,80.25,13.0
2025-07-28 19:00:00,4.3619385,1.2090607,80.25,13.0
2025-07-28 20:00:00,3.606491,1.2234955,80.25,13.0
2025-07-28 21:00:00,2.6794891,1.1111908,80.25,13.0
2025-07-28 22:00:00,2.9401245,1.1614838,80.25,13.0
2025-07-28 23:00:00,1.9623566,1.0041656,80.25,13.0
2025-07-29 00:00:00,0.94659424,1.3575287,80.25,13.0
2025-07-29 01:00:00,-0.03211975,1.5368347,80.25,13.0
2025-07-29 02:00:00,-0.7635193,1.6685028,80.25,13.0
2025-07-29 03:00:00,-1.4140625,1.7621613,80.25,13.0
2025-07-29 04:00:00,-2.0009766,2.0209503,80.25,13.0
2025-07-29 05:00:00,-2.6877747,1.9625702,80.25,13.0
2025-07-29 06:00:00,-2.8881378,1.4868164,80.25,13.0
2025-07-29 07:00:00,-3.029663,0.80830383,80.25,13.0
2025-07-29 08:00:00,-3.5225067,0.15505981,80.25,13.0
2025-07-29 09:00:00,-4.1508026,-0.33503723,80.25,13.0
2025-07-29 10:00:00,-5.03891,-0.9153595,80.25,13.0
2025-07-29 11:00:00,-5.4250336,-0.53401184,80.25,13.0
2025-07-29 12:00:00,-5.6197815,-0.111465454,80.25,13.0
2025-07-29 13:00:00,-5.3657837,0.43389893,80.25,13.0
2025-07-29 14:00:00,-4.8661194,0.89624023,80.25,13.0
2025-07-29 15:00:00,-3.9284668,1.3267517,80.25,13.0
2025-07-29 16:00:00,-2.9570312,1.3437653,80.25,13.0
2025-07-29 17:00:00,-1.9720306,1.4978943,80.25,13.0
2025-07-29 18:00:00,-0.9454651,1.8112488,80.25,13.0
2025-07-29 19:00:00,0.04374695,2.1364594,80.25,13.0
2025-07-29 20:00:00,0.7342224,2.3876953,80.25,13.0
2025-07-29 21:00:00,1.5935364,2.7227936,80.25,13.0
2025-07-29 22:00:00,1.3053589,2.8548126,80.25,13.0
2025-07-29 23:00:00,1.4431,2.6663666,80.25,13.0
2025-07-30 00:00:00,2.0247955,2.6034088,80.25,13.0
2025-07-30 01:00:00,2.6147003,2.5568848,80.25,13.0
2025-07-30 02:00:00,3.112503,2.6024628,80.25,13.0
2025-07-30 03:00:00,3.6772766,2.3482513,80.25,13.0
2025-07-30 04:00:00,3.9927216,1.1171722,80.25,13.0
2025-07-30 05:00:00,3.9960785,-0.7110443,80.25,13.0
2025-07-30 06:00:00,3.784729,-2.6886292,80.25,13.0
2025-07-30 07:00:00,3.455429,-3.958908,80.25,13.0
2025-07-30 08:00:00,3.4633331,-4.4723053,80.25,13.0
2025-07-30 09:00:00,3.8137054,-4.831711,80.25,13.0
2025-07-30 10:00:00,3.7013245,-4.973633,80.25,13.0
2025-07-30 11:00:00,3.5836487,-4.898987,80.25,13.0
2025-07-30 12:00:00,3.4108582,-4.426239,80.25,13.0
2025-07-30 13:00:00,3.2490387,-3.7658386,80.25,13.0
2025-07-30 14:00:00,2.9772644,-3.1704254,80.25,13.0
2025-07-30 15:00:00,2.7172089,-2.4750366,80.25,13.0
2025-07-30 16:00:00,2.6041412,-1.5792999,80.25,13.0
2025-07-30 17:00:00,2.7268372,-0.84443665,80.25,13.0
2025-07-30 18:00:00,3.1639557,-0.10015869,80.25,13.0
2025-07-30 19:00:00,3.2151031,0.33110046,80.25,13.0
2025-07-30 20:00:00,3.2669525,0.8541565,80.25,13.0
2025-07-30 21:00:00,3.5973206,1.5197296,80.25,13.0
2025-07-30 22:00:00,4.532196,1.9367218,80.25,13.0
2025-07-30 23:00:00,4.513275,1.5891724,80.25,13.0
2025-07-31 00:00:00,4.3892517,1.645462,80.25,13.0
2025-07-31 01:00:00,4.041046,1.8740845,80.25,13.0
2025-07-31 02:00:00,3.601181,2.0748138,80.25,13.0
2025-07-31 03:00:00,2.748352,2.2987366,80.25,13.0
2025-07-31 04:00:00,2.0664368,2.7381134,80.25,13.0
2025-07-31 05:00:00,1.4068146,3.0654907,80.25,13.0
2025-07-31 06:00:00,1.3166351,3.2372742,80.25,13.0
2025-07-31 07:00:00,1.6518555,3.2240753,80.25,13.0
2025-07-31 08:00:00,2.085785,2.9321594,80.25,13.0
2025-07-31 09:00:00,2.40831,2.7454681,80.25,13.0
2025-07-31 10:00:00,2.7530823,2.3561707,80.25,13.0
2025-07-31 11:00:00,2.3959045,2.1331787,80.25,13.0
2025-07-31 12:00:00,2.1236115,2.3778229,80.25,13.0
2025-07-31 13:00:00,1.9805145,2.6927338,80.25,13.0
2025-07-31 14:00:00,2.0830383,2.7384338,80.25,13.0
2025-07-31 15:00:00,1.9912567,2.8224945,80.25,13.0
2025-07-31 16:00:00,1.4475555,2.9101105,80.25,13.0
2025-07-31 17:00:00,0.50187683,2.8052063,80.25,13.0
2025-07-31 18:00:00,-0.316864,3.0298004,80.25,13.0
2025-07-31 19:00:00,-0.19487,3.1594543,80.25,13.0
2025-07-31 20:00:00,0.592865,2.9403992,80.25,13.0
2025-07-31 21:00:00,1.5796814,2.556839,80.25,13.0
2025-07-31 22:00:00,2.3243256,1.8178711,80.25,13.0
2025-07-31 23:00:00,2.575821,1.2646637,80.25,13.0
2025-08-01 00:00:00,2.559616,1.1557007,80.25,13.0
2025-08-01 01:00:00,2.2481232,1.174408,80.25,13.0
2025-08-01 02:00:00,2.0286713,1.1988525,80.25,13.0
2025-08-01 03:00:00,1.5218201,1.034256,80.25,13.0
2025-08-01 04:00:00,0.8621979,0.9122009,80.25,13.0
2025-08-01 05:00:00,0.102005005,0.49499512,80.25,13.0
2025-08-01 06:00:00,-0.7099762,0.04220581,80.25,13.0
2025-08-01 07:00:00,-0.70388794,-0.18733215,80.25,13.0
2025-08-01 08:00:00,-0.69384766,-0.43249512,80.25,13.0
2025-08-01 09:00:00,-0.6290283,-0.8511658,80.25,13.0
2025-08-01 10:00:00,-0.24942017,-1.6631317,80.25,13.0
2025-08-01 11:00:00,-1.1098022,-1.8840027,80.25,13.0
2025-08-01 12:00:00,-2.0537415,-1.8379822,80.25,13.0
2025-08-01 13:00:00,-1.8532104,-1.5566101,80.25,13.0
2025-08-01 14:00:00,-1.5294495,-1.779892,80.25,13.0
2025-08-01 15:00:00,-2.2037048,-2.2156677,80.25,13.0
2025-08-01 16:00:00,-2.6329803,-2.3396912,80.25,13.0
2025-08-01 17:00:00,-2.9118652,-2.2915955,80.25,13.0
2025-08-01 18:00:00,-2.7896729,-1.8364716,80.25,13.0
2025-08-01 19:00:00,-1.9358826,-1.0069885,80.25,13.0
2025-08-01 20:00:00,-0.3335724,-0.53570557,80.25,13.0
2025-08-01 21:00:00,1.6483154,-0.5143585,80.25,13.0
2025-08-01 22:00:00,2.9668427,0.3918152,80.25,13.0
2025-08-01 23:00:00,2.2995758,0.42030334,80.25,13.0
2025-08-02 00:00:00,1.1170349,1.6930695,80.25,13.0
2025-08-02 01:00:00,0.0006866455,3.2284088,80.25,13.0
2025-08-02 02:00:00,-0.5454712,4.6089935,80.25,13.0
2025-08-02 03:00:00,-0.29414368,5.530792,80.25,13.0
2025-08-02 04:00:00,0.7075043,6.255539,80.25,13.0
2025-08-02 05:00:00,2.002304,6.5653534,80.25,13.0
2025-08-02 06:00:00,2.8506775,6.61969,80.25,13.0
2025-08-02 07:00:00,3.2193298,6.643875,80.25,13.0
2025-08-02 08:00:00,3.8626862,6.2557526,80.25,13.0
2025-08-02 09:00:00,4.573593,5.627014,80.25,13.0
2025-08-02 10:00:00,4.8149414,4.90242,80.25,13.0
2025-08-02 11:00:00,5.5024567,5.1881714,80.25,13.0
2025-08-02 12:00:00,6.3889465,5.7622833,80.25,13.0
2025-08-02 13:00:00,7.0460663,6.1242065,80.25,13.0
2025-08-02 14:00:00,7.564102,6.1207886,80.25,13.0
2025-08-02 15:00:00,7.950058,5.9168243,80.25,13.0
2025-08-02 16:00:00,8.202209,5.863632,80.25,13.0
2025-08-02 17:00:00,8.332703,5.7063904,80.25,13.0
2025-08-02 18:00:00,8.3918915,5.461609,80.25,13.0
2025-08-02 19:00:00,8.513062,5.211563,80.25,13.0
2025-08-02 20:00:00,8.666519,4.908844,80.25,13.0
2025-08-02 21:00:00,8.295242,4.365326,80.25,13.0
2025-08-02 22:00:00,7.629547,3.960312,80.25,13.0
2025-08-02 23:00:00,7.680084,4.1383514,80.25,13.0
2025-08-03 00:00:00,7.6496277,3.7091522,80.25,13.0
2025-08-03 01:00:00,7.3830566,3.0178986,80.25,13.0
2025-08-03 02:00:00,6.8039703,2.723709,80.25,13.0
2025-08-03 03:00:00,6.8141785,3.403946,80.25,13.0
2025-08-03 04:00:00,7.33667,4.0782623,80.25,13.0
2025-08-03 05:00:00,7.6390533,4.084442,80.25,13.0
2025-08-03 06:00:00,7.231552,3.9857483,80.25,13.0
2025-08-03 07:00:00,7.5321045,4.9061127,80.25,13.0
2025-08-03 08:00:00,6.9947968,4.85614,80.25,13.0
2025-08-03 09:00:00,6.7191315,4.7095184,80.25,13.0
2025-08-03 10:00:00,7.5280304,5.3848114,80.25,13.0
2025-08-03 11:00:00,7.229782,5.3792267,80.25,13.0
2025-08-03 12:00:00,5.9072723,5.3608093,80.25,13.0
2025-08-03 13:00:00,4.8385315,4.9424133,80.25,13.0
2025-08-03 14:00:00,4.2490845,4.47435,80.25,13.0
2025-08-03 15:00:00,3.3062134,4.220291,80.25,13.0
2025-08-03 16:00:00,1.7225037,3.6031036,80.25,13.0
2025-08-03 17:00:00,0.4630127,3.0144653,80.25,13.0
2025-08-03 18:00:00,-0.4020691,2.2749329,80.25,13.0
2025-08-03 19:00:00,-1.1607819,1.5614471,80.25,13.0
2025-08-03 20:00:00,-1.9546509,1.0240936,80.25,13.0
2025-08-03 21:00:00,-2.593979,0.50660706,80.25,13.0
2025-08-03 22:00:00,-2.939209,-0.10121155,80.25,13.0
2025-08-03 23:00:00,-2.385727,0.20838928,80.25,13.0
2025-08-04 00:00:00,-1.6210175,0.390625,80.25,13.0
2025-08-04 01:00:00,-1.2033997,0.3513031,80.25,13.0
2025-08-04 02:00:00,-1.3876495,0.40475464,80.25,13.0
2025-08-04 03:00:00,-1.9206848,0.677124,80.25,13.0
2025-08-04 04:00:00,-2.2702332,1.0588226,80.25,13.0
2025-08-04 05:00:00,-2.1754608,0.75045776,80.25,13.0
2025-08-04 06:00:00,-2.543106,0.33132935,80.25,13.0
2025-08-04 07:00:00,-2.9760742,0.3092804,80.25,13.0
2025-08-04 08:00:00,-3.099472,0.66619873,80.25,13.0
2025-08-04 09:00:00,-2.7522736,1.1143646,80.25,13.0
2025-08-04 10:00:00,-2.9776,-0.5112915,80.25,13.0
2025-08-04 11:00:00,-3.7333832,-0.8321686,80.25,13.0
2025-08-04 12:00:00,-3.7210083,0.9517975,80.25,13.0
2025-08-04 13:00:00,-2.5980225,1.5157623,80.25,13.0
2025-08-04 14:00:00,-2.6244965,1.0994873,80.25,13.0
2025-08-04 15:00:00,-4.04834,1.6473999,80.25,13.0
2025-08-04 16:00:00,-4.9418335,2.7407074,80.25,13.0
2025-08-04 17:00:00,-5.53656,3.290207,80.25,13.0
2025-08-04 18:00:00,-6.071945,3.7766876,80.25,13.0
2025-08-04 19:00:00,-6.2882233,3.9785767,80.25,13.0
2025-08-04 20:00:00,-6.348053,4.3631897,80.25,13.0
2025-08-04 21:00:00,-6.17894,4.6157837,80.25,13.0
2025-08-04 22:00:00,-6.291916,4.719879,80.25,13.0
2025-08-04 23:00:00,-6.429184,5.111923,80.25,13.0
2025-08-05 00:00:00,-6.2852936,5.3807373,80.25,13.0
2025-08-05 01:00:00,-5.637436,6.2639923,80.25,13.0
2025-08-05 02:00:00,-4.7790527,6.4690247,80.25,13.0
2025-08-05 03:00:00,-4.2956085,5.792145,80.25,13.0
2025-08-05 04:00:00,-4.4480743,5.3951874,80.25,13.0
2025-08-05 05:00:00,-4.5270996,5.282089,80.25,13.0
2025-08-05 06:00:00,-4.905182,5.2368164,80.25,13.0
2025-08-05 07:00:00,-5.259735,5.248291,80.25,13.0
2025-08-05 08:00:00,-5.095108,5.8030853,80.25,13.0
2025-08-05 09:00:00,-5.571579,5.6255646,80.25,13.0
2025-08-05 10:00:00,-5.2463226,4.1069183,80.25,13.0
2025-08-05 11:00:00,-4.6501923,4.5051727,80.25,13.0
2025-08-05 12:00:00,-3.597763,4.5553436,80.25,13.0
2025-08-05 13:00:00,-3.3920746,4.3738403,80.25,13.0
2025-08-05 14:00:00,-3.4833221,4.250122,80.25,13.0
2025-08-05 15:00:00,-3.3644867,4.290756,80.25,13.0
2025-08-05 16:00:00,-2.8776855,4.2486877,80.25,13.0
2025-08-05 17:00:00,-2.4018097,3.694336,80.25,13.0
2025-08-05 18:00:00,-1.8667603,2.9677582,80.25,13.0
2025-08-05 19:00:00,-1.3278046,1.8191528,80.25,13.0
2025-08-05 20:00:00,-1.2997589,1.054184,80.25,13.0
2025-08-05 21:00:00,-1.3362427,0.78785706,80.25,13.0
2025-08-05 22:00:00,-0.36447144,-0.41322327,80.25,13.0
2025-08-05 23:00:00,-0.15629578,-0.79829407,80.25,13.0
2025-08-06 00:00:00,0.089523315,-0.70214844,80.25,13.0
2025-08-06 01:00:00,0.67170715,-0.6523285,80.25,13.0
2025-08-06 02:00:00,1.0111084,-1.0132141,80.25,13.0
2025-08-06 03:00:00,0.37417603,-1.5841522,80.25,13.0
2025-08-06 04:00:00,-0.64619446,-2.1389313,80.25,13.0
2025-08-06 05:00:00,-1.3444214,-2.1994476,80.25,13.0
2025-08-06 06:00:00,-1.5743256,-2.4094543,80.25,13.0
2025-08-06 07:00:00,-2.0384674,-2.9215698,80.25,13.0
2025-08-06 08:00:00,-2.868576,-3.1249237,80.25,13.0
2025-08-06 09:00:00,-3.5628662,-2.9395752,80.25,13.0
2025-08-06 10:00:00,-3.2538147,-3.174652,80.25,13.0
2025-08-06 11:00:00,-3.780136,-2.5778198,80.25,13.0
2025-08-06 12:00:00,-4.044754,-1.8786469,80.25,13.0
2025-08-06 13:00:00,-4.152054,-1.3641815,80.25,13.0
2025-08-06 14:00:00,-4.086563,-1.0347137,80.25,13.0
2025-08-06 15:00:00,-4.379776,-0.8452759,80.25,13.0
2025-08-06 16:00:00,-4.678894,-0.41558838,80.25,13.0
2025-08-06 17:00:00,-4.3874664,-0.27998352,80.25,13.0
2025-08-06 18:00:00,-4.348114,-0.45980835,80.25,13.0
2025-08-06 19:00:00,-4.7134094,-0.5185394,80.25,13.0
2025-08-06 20:00:00,-5.0960236,0.071884155,80.25,13.0
2025-08-06 21:00:00,-5.37619,1.0100403,80.25,13.0
2025-08-06 22:00:00,-5.5186157,1.8701019,80.25,13.0
2025-08-06 23:00:00,-5.1239014,2.3712616,80.25,13.0
2025-08-07 00:00:00,-4.84169,2.8554535,80.25,13.0
2025-08-07 01:00:00,-4.5450287,3.1868744,80.25,13.0
2025-08-07 02:00:00,-4.9062347,3.1130981,80.25,13.0
2025-08-07 03:00:00,-5.4340057,2.9592743,80.25,13.0
2025-08-07 04:00:00,-6.3006134,2.5027313,80.25,13.0
2025-08-07 05:00:00,-7.0587616,1.8012238,80.25,13.0
2025-08-07 06:00:00,-7.7141266,1.0729523,80.25,13.0
2025-08-07 07:00:00,-8.485397,0.38391113,80.25,13.0
2025-08-07 08:00:00,-8.979355,-0.24337769,80.25,13.0
2025-08-07 09:00:00,-9.093262,-0.75361633,80.25,13.0
2025-08-07 10:00:00,-8.653473,-2.2089844,80.25,13.0
2025-08-07 11:00:00,-8.493271,-2.474472,80.25,13.0
2025-08-07 12:00:00,-8.548172,-2.7102966,80.25,13.0
2025-08-07 13:00:00,-8.65416,-3.1274567,80.25,13.0
2025-08-07 14:00:00,-8.661163,-2.854538,80.25,13.0
2025-08-07 15:00:00,-8.574707,-2.3350983,80.25,13.0
2025-08-07 16:00:00,-8.11972,-2.2056732,80.25,13.0
2025-08-07 17:00:00,-7.9888763,-2.579956,80.25,13.0
2025-08-07 18:00:00,-8.031769,-2.766632,80.25,13.0
2025-08-07 19:00:00,-8.111771,-2.5646057,80.25,13.0
2025-08-07 20:00:00,-8.106934,-2.0878296,80.25,13.0
2025-08-07 21:00:00,-8.036972,-1.8422546,80.25,13.0
2025-08-07 22:00:00,-7.755966,-1.3985748,80.25,13.0
2025-08-07 23:00:00,-7.487686,-1.1679535,80.25,13.0
2025-08-08 00:00:00,-7.1117096,-0.44474792,80.25,13.0
2025-08-08 01:00:00,-6.1148987,0.6329956,80.25,13.0
2025-08-08 02:00:00,-4.967209,1.1304016,80.25,13.0
2025-08-08 03:00:00,-4.216858,1.3037567,80.25,13.0
2025-08-08 04:00:00,-3.835083,1.7476501,80.25,13.0
2025-08-08 05:00:00,-3.0838776,2.2910461,80.25,13.0
2025-08-08 06:00:00,-2.226471,2.4637604,80.25,13.0
2025-08-08 07:00:00,-2.1633148,2.0039215,80.25,13.0
2025-08-08 08:00:00,-2.500351,2.0812378,80.25,13.0
2025-08-08 09:00:00,-2.6138306,2.1764526,80.25,13.0
2025-08-08 10:00:00,-1.7504578,0.8471985,80.25,13.0
2025-08-08 11:00:00,-2.277893,0.7877655,80.25,13.0
2025-08-08 12:00:00,-1.8960266,1.1649628,80.25,13.0
2025-08-08 13:00:00,-1.2568512,1.1214294,80.25,13.0
2025-08-08 14:00:00,-0.15536499,0.9415741,80.25,13.0
2025-08-08 15:00:00,0.190979,0.31539917,80.25,13.0
2025-08-08 16:00:00,0.08657837,0.6461334,80.25,13.0
2025-08-08 17:00:00,0.20526123,1.0331573,80.25,13.0
2025-08-08 18:00:00,0.28338623,1.2220917,80.25,13.0
2025-08-08 19:00:00,0.08924866,1.5513458,80.25,13.0
2025-08-08 20:00:00,-0.15956116,2.0867767,80.25,13.0
2025-08-08 21:00:00,-1.0964355,2.7957306,80.25,13.0
2025-08-08 22:00:00,-2.8591766,2.9562073,80.25,13.0
2025-08-08 23:00:00,-3.7838287,3.9433136,80.25,13.0
2025-08-09 00:00:00,-3.97435,4.734375,80.25,13.0
2025-08-09 01:00:00,-3.814743,5.024475,80.25,13.0
2025-08-09 02:00:00,-3.3629608,5.3242188,80.25,13.0
2025-08-09 03:00:00,-2.892746,5.471161,80.25,13.0
2025-08-09 04:00:00,-2.6286469,5.4502106,80.25,13.0
2025-08-09 05:00:00,-2.8831787,5.2720947,80.25,13.0
2025-08-09 06:00:00,-3.1611023,5.2565613,80.25,13.0
2025-08-09 07:00:00,-3.190155,5.34198,80.25,13.0
2025-08-09 08:00:00,-2.961731,5.33992,80.25,13.0
2025-08-09 09:00:00,-2.7895508,4.9692535,80.25,13.0
2025-08-09 10:00:00,-2.7236786,3.4787445,80.25,13.0
2025-08-09 11:00:00,-3.1728668,2.902008,80.25,13.0
2025-08-09 12:00:00,-3.684555,2.2375946,80.25,13.0
2025-08-09 13:00:00,-4.4746246,1.8672638,80.25,13.0
2025-08-09 14:00:00,-5.146179,1.8344727,80.25,13.0
2025-08-09 15:00:00,-5.5876617,2.09758,80.25,13.0
2025-08-09 16:00:00,-5.585312,2.5737305,80.25,13.0
2025-08-09 17:00:00,-5.316101,3.2940674,80.25,13.0
2025-08-09 18:00:00,-5.300247,3.7020416,80.25,13.0
2025-08-09 19:00:00,-5.6181946,3.840042,80.25,13.0
2025-08-09 20:00:00,-6.223419,3.7393494,80.25,13.0
2025-08-09 21:00:00,-6.651306,3.8172913,80.25,13.0
2025-08-09 22:00:00,-6.6560974,3.5320587,80.25,13.0
2025-08-09 23:00:00,-7.1577454,4.0801697,80.25,13.0
2025-08-10 00:00:00,-6.7734222,5.15184,80.25,13.0
2025-08-10 01:00:00,-5.314804,5.6083984,80.25,13.0
2025-08-10 02:00:00,-3.239502,5.2800446,80.25,13.0
2025-08-10 03:00:00,-1.9959869,4.5369415,80.25,13.0
2025-08-10 04:00:00,-1.5794983,3.6997986,80.25,13.0
2025-08-10 05:00:00,-1.3913727,3.0293427,80.25,13.0
2025-08-10 06:00:00,-1.0679169,2.3877258,80.25,13.0
2025-08-10 07:00:00,-0.9448242,1.6849518,80.25,13.0
2025-08-10 08:00:00,-1.1796112,1.0327606,80.25,13.0
2025-08-10 09:00:00,-1.5578918,0.5738373,80.25,13.0
2025-08-10 10:00:00,-1.081604,-1.4375,80.25,13.0
2025-08-10 11:00:00,-1.7343445,-2.2732086,80.25,13.0
2025-08-10 12:00:00,-2.658432,-2.6407623,80.25,13.0
2025-08-10 13:00:00,-3.1513214,-2.3634796,80.25,13.0
2025-08-10 14:00:00,-3.1669922,-1.977951,80.25,13.0
2025-08-10 15:00:00,-2.9444733,-2.0555878,80.25,13.0
2025-08-10 16:00:00,-2.8008118,-2.1046143,80.25,13.0
2025-08-10 17:00:00,-2.8545685,-2.0079346,80.25,13.0
2025-08-10 18:00:00,-3.0310059,-1.5910034,80.25,13.0
2025-08-10 19:00:00,-3.1336823,-1.050415,80.25,13.0
2025-08-10 20:00:00,-3.1620789,-0.51693726,80.25,13.0
2025-08-10 21:00:00,-3.020523,-0.12814331,80.25,13.0
2025-08-10 22:00:00,-2.2787476,-0.24806213,80.25,13.0
2025-08-10 23:00:00,-2.3957367,-0.39561462,80.25,13.0
2025-08-11 00:00:00,-3.068344,-0.3752594,80.25,13.0
2025-08-11 01:00:00,-3.664093,-0.17704773,80.25,13.0
2025-08-11 02:00:00,-4.1649933,0.22781372,80.25,13.0
2025-08-11 03:00:00,-4.4189606,0.33799744,80.25,13.0
2025-08-11 04:00:00,-4.9525146,0.338562,80.25,13.0
2025-08-11 05:00:00,-5.475601,0.3813324,80.25,13.0
2025-08-11 06:00:00,-5.6626434,0.61994934,80.25,13.0
2025-08-11 07:00:00,-5.61322,0.9421387,80.25,13.0
2025-08-11 08:00:00,-5.461563,1.1069183,80.25,13.0
2025-08-11 09:00:00,-5.4408875,1.0882416,80.25,13.0
2025-08-11 10:00:00,-5.2652283,0.043823242,80.25,13.0
2025-08-11 11:00:00,-5.8841553,-0.049224854,80.25,13.0
2025-08-11 12:00:00,-6.468689,0.66589355,80.25,13.0
2025-08-11 13:00:00,-6.699463,1.5037842,80.25,13.0
2025-08-11 14:00:00,-6.6801147,2.4730988,80.25,13.0
2025-08-11 15:00:00,-6.487488,3.1176453,80.25,13.0
2025-08-11 16:00:00,-6.279251,3.5222168,80.25,13.0
2025-08-11 17:00:00,-5.7059937,3.5979767,80.25,13.0
2025-08-11 18:00:00,-5.229706,3.5404053,80.25,13.0
2025-08-11 19:00:00,-4.458069,3.5331116,80.25,13.0
2025-08-11 20:00:00,-2.6972198,3.561798,80.25,13.0
2025-08-11 21:00:00,0.029266357,2.9492188,80.25,13.0
2025-08-11 22:00:00,2.212677,1.6024628,80.25,13.0
2025-08-11 23:00:00,3.6387787,-0.11260986,80.25,13.0
2025-08-12 00:00:00,3.5536041,-0.97387695,80.25,13.0
2025-08-12 01:00:00,2.6571503,-0.77796936,80.25,13.0
2025-08-12 02:00:00,1.4755859,-0.46446228,80.25,13.0
2025-08-12 03:00:00,0.19508362,0.14987183,80.25,13.0
2025-08-12 04:00:00,-0.91145325,0.8929596,80.25,13.0
2025-08-12 05:00:00,-1.4529572,1.077301,80.25,13.0
2025-08-12 06:00:00,-1.7272186,0.69252014,80.25,13.0
2025-08-12 07:00:00,-1.9280243,0.23100281,80.25,13.0
2025-08-12 08:00:00,-2.0381622,-0.18014526,80.25,13.0
2025-08-12 09:00:00,-2.2360992,-0.7157593,80.25,13.0
2025-08-12 10:00:00,-2.302887,-1.973465,80.25,13.0
2025-08-12 11:00:00,-2.6433258,-2.0876007,80.25,13.0
2025-08-12 12:00:00,-2.8658142,-2.1537933,80.25,13.0
2025-08-12 13:00:00,-3.1073456,-1.8154755,80.25,13.0
2025-08-12 14:00:00,-3.1696625,-1.8243713,80.25,13.0
2025-08-12 15:00:00,-3.3267975,-2.1181335,80.25,13.0
2025-08-12 16:00:00,-3.8397064,-2.2623444,80.25,13.0
2025-08-12 17:00:00,-4.429016,-2.1446838,80.25,13.0
2025-08-12 18:00:00,-4.662964,-1.9464264,80.25,13.0
2025-08-12 19:00:00,-4.662323,-1.9434509,80.25,13.0
2025-08-12 20:00:00,-4.830536,-1.8306274,80.25,13.0
2025-08-12 21:00:00,-5.015808,-1.7430878,80.25,13.0
2025-08-12 22:00:00,-4.7270966,-1.5166779,80.25,13.0
2025-08-12 23:00:00,-5.151245,-1.4734344,80.25,13.0
2025-08-13 00:00:00,-4.7538605,-1.3984833,80.25,13.0
2025-08-13 01:00:00,-4.853958,-2.0165405,80.25,13.0
2025-08-13 02:00:00,-5.082428,-1.626297,80.25,13.0
2025-08-13 03:00:00,-4.769409,-1.0020599,80.25,13.0
2025-08-13 04:00:00,-4.469162,-0.45005798,80.25,13.0
2025-08-13 05:00:00,-4.0070343,0.2972412,80.25,13.0
2025-08-13 06:00:00,-3.1033325,1.0074921,80.25,13.0
2025-08-13 07:00:00,-2.468216,0.9212494,80.25,13.0
2025-08-13 08:00:00,-1.826828,1.0337677,80.25,13.0
2025-08-13 09:00:00,-0.94914246,0.99876404,80.25,13.0
2025-08-13 10:00:00,1.0467224,0.52015686,80.25,13.0
2025-08-13 11:00:00,2.0449219,0.1894226,80.25,13.0
2025-08-13 12:00:00,2.5517273,0.5406494,80.25,13.0
2025-08-13 13:00:00,3.985794,1.0218811,80.25,13.0
2025-08-13 14:00:00,5.2582245,0.6539459,80.25,13.0
2025-08-13 15:00:00,5.5222626,0.04573059,80.25,13.0
2025-08-13 16:00:00,5.106537,-0.58010864,80.25,13.0
2025-08-13 17:00:00,4.500885,-0.78800964,80.25,13.0
2025-08-13 18:00:00,3.9915771,-1.0262146,80.25,13.0
2025-08-13 19:00:00,3.5381165,-1.2933502,80.25,13.0
2025-08-13 20:00:00,3.0409393,-1.4947968,80.25,13.0
2025-08-13 21:00:00,2.907837,-2.0705566,80.25,13.0
2025-08-13 22:00:00,3.2170715,-2.5008545,80.25,13.0
2025-08-13 23:00:00,2.6206207,-2.771576,80.25,13.0
2025-08-14 00:00:00,1.9799805,-3.2710114,80.25,13.0
2025-08-14 01:00:00,1.3488922,-3.5587616,80.25,13.0
2025-08-14 02:00:00,0.4786682,-3.3973236,80.25,13.0
2025-08-14 03:00:00,-0.22264099,-3.0741425,80.25,13.0
2025-08-14 04:00:00,-0.5951538,-2.7657623,80.25,13.0
2025-08-14 05:00:00,-1.01297,-3.0256805,80.25,13.0
2025-08-14 06:00:00,-1.325531,-3.5029297,80.25,13.0
2025-08-14 07:00:00,-1.6264343,-4.1687927,80.25,13.0
2025-08-14 08:00:00,-2.3388824,-4.589752,80.25,13.0
2025-08-14 09:00:00,-3.1447296,-4.6696777,80.25,13.0
2025-08-14 10:00:00,-3.9627228,-5.2302246,80.25,13.0
2025-08-14 11:00:00,-4.0762177,-4.8242035,80.25,13.0
2025-08-14 12:00:00,-3.9682922,-4.5734253,80.25,13.0
2025-08-14 13:00:00,-4.1040955,-4.2667847,80.25,13.0
2025-08-14 14:00:00,-4.132538,-3.9404755,80.25,13.0
2025-08-14 15:00:00,-4.242462,-3.5676422,80.25,13.0
2025-08-14 16:00:00,-4.333145,-3.0139923,80.25,13.0
2025-08-14 17:00:00,-3.9463043,-2.433136,80.25,13.0
2025-08-14 18:00:00,-3.524765,-2.1463165,80.25,13.0
2025-08-14 19:00:00,-3.2507477,-2.057846,80.25,13.0
2025-08-14 20:00:00,-3.0144806,-1.9889679,80.25,13.0
2025-08-14 21:00:00,-2.8484955,-1.4862671,80.25,13.0
2025-08-14 22:00:00,-2.787796,-0.9536133,80.25,13.0
2025-08-14 23:00:00,-2.6425629,-0.38127136,80.25,13.0
2025-08-15 00:00:00,-2.1585693,0.18722534,80.25,13.0
2025-08-15 01:00:00,-1.652832,0.40625,80.25,13.0
2025-08-15 02:00:00,-1.4872284,0.29660034,80.25,13.0
2025-08-15 03:00:00,-1.5835114,0.39657593,80.25,13.0
2025-08-15 04:00:00,-1.755188,0.77145386,80.25,13.0
2025-08-15 05:00:00,-1.6307068,0.6616211,80.25,13.0
2025-08-15 06:00:00,-1.574646,0.38565063,80.25,13.0
2025-08-15 07:00:00,-1.6585541,0.32077026,80.25,13.0
2025-08-15 08:00:00,-1.5697174,0.76068115,80.25,13.0
2025-08-15 09:00:00,-0.8577881,0.8471832,80.25,13.0
2025-08-15 10:00:00,0.035568237,-0.9806061,80.25,13.0
2025-08-15 11:00:00,0.4347229,-0.8854828,80.25,13.0
2025-08-15 12:00:00,0.96206665,-0.5305023,80.25,13.0
2025-08-15 13:00:00,1.7848053,-0.44947815,80.25,13.0
2025-08-15 14:00:00,2.3214264,-0.7045593,80.25,13.0
2025-08-15 15:00:00,2.716095,-1.1184692,80.25,13.0
2025-08-15 16:00:00,2.9139404,-1.2801056,80.25,13.0
2025-08-15 17:00:00,2.8648071,-1.313797,80.25,13.0
2025-08-15 18:00:00,2.577835,-1.2310181,80.25,13.0
2025-08-15 19:00:00,2.4089508,-1.1750793,80.25,13.0
2025-08-15 20:00:00,2.4767761,-1.1481171,80.25,13.0
2025-08-15 21:00:00,2.5365143,-1.1132202,80.25,13.0
2025-08-15 22:00:00,3.33284,-0.8491974,80.25,13.0
2025-08-15 23:00:00,3.60318,-0.99142456,80.25,13.0
2025-08-16 00:00:00,3.7453613,-1.3492126,80.25,13.0
2025-08-16 01:00:00,3.7953491,-1.5045013,80.25,13.0
2025-08-16 02:00:00,3.849472,-1.4969635,80.25,13.0
2025-08-16 03:00:00,4.018265,-1.5355682,80.25,13.0
2025-08-16 04:00:00,4.350937,-1.4687805,80.25,13.0
2025-08-16 05:00:00,4.7611237,-1.2141113,80.25,13.0
2025-08-16 06:00:00,5.212555,-0.8634796,80.25,13.0
2025-08-16 07:00:00,5.7336426,-0.39582825,80.25,13.0
2025-08-16 08:00:00,6.373474,-0.10217285,80.25,13.0
2025-08-16 09:00:00,6.9508514,-0.016815186,80.25,13.0
2025-08-16 10:00:00,6.901932,-0.46096802,80.25,13.0
2025-08-16 11:00:00,6.9040527,-0.8060608,80.25,13.0
2025-08-16 12:00:00,7.05661,-0.5876465,80.25,13.0
2025-08-16 13:00:00,7.028656,-0.17623901,80.25,13.0
2025-08-16 14:00:00,7.01503,-0.30696106,80.25,13.0
2025-08-16 15:00:00,6.6380615,-0.18875122,80.25,13.0
2025-08-16 16:00:00,6.310608,0.20407104,80.25,13.0
2025-08-16 17:00:00,6.3362427,0.8399048,80.25,13.0
2025-08-16 18:00:00,6.4711914,1.1549683,80.25,13.0
2025-08-16 19:00:00,6.7229156,0.8760834,80.25,13.0
2025-08-16 20:00:00,6.8260803,0.015090942,80.25,13.0
2025-08-16 21:00:00,6.569275,-0.8061981,80.25,13.0
2025-08-16 22:00:00,5.795105,-1.598526,80.25,13.0
2025-08-16 23:00:00,4.888687,-1.9005585,80.25,13.0
2025-08-17 00:00:00,4.0247498,-2.1627502,80.25,13.0
2025-08-17 01:00:00,3.4907837,-2.4957428,80.25,13.0
2025-08-17 02:00:00,2.967926,-2.879593,80.25,13.0
2025-08-17 03:00:00,2.5976562,-3.2316132,80.25,13.0
2025-08-17 04:00:00,2.6697693,-3.6501007,80.25,13.0
2025-08-17 05:00:00,2.5096283,-4.2025757,80.25,13.0
2025-08-17 06:00:00,2.2428894,-4.494507,80.25,13.0
2025-08-17 07:00:00,2.1411438,-4.704483,80.25,13.0
2025-08-17 08:00:00,2.3520203,-4.8640137,80.25,13.0
2025-08-17 09:00:00,2.550293,-5.295227,80.25,13.0
2025-08-17 10:00:00,1.7948151,-5.2883453,80.25,13.0
2025-08-17 11:00:00,1.6098785,-5.2008514,80.25,13.0
2025-08-17 12:00:00,1.4785461,-5.2219086,80.25,13.0
2025-08-17 13:00:00,1.4069977,-5.239807,80.25,13.0
2025-08-17 14:00:00,1.4560394,-5.520645,80.25,13.0
2025-08-17 15:00:00,1.242218,-5.862793,80.25,13.0
2025-08-17 16:00:00,1.0072327,-6.187973,80.25,13.0
2025-08-17 17:00:00,0.65992737,-6.732559,80.25,13.0
2025-08-17 18:00:00,-0.00018310547,-7.298279,80.25,13.0
2025-08-17 19:00:00,-0.86582947,-7.860016,80.25,13.0
2025-08-17 20:00:00,-1.6863708,-8.251556,80.25,13.0
2025-08-17 21:00:00,-2.3369293,-8.570114,80.25,13.0
2025-08-17 22:00:00,-3.2211914,-8.381943,80.25,13.0
2025-08-17 23:00:00,-3.299469,-8.63298,80.25,13.0
2025-08-18 00:00:00,-3.2956085,-8.77977,80.25,13.0
2025-08-18 01:00:00,-3.0910492,-8.44278,80.25,13.0
2025-08-18 02:00:00,-2.5156555,-8.113129,80.25,13.0
2025-08-18 03:00:00,-1.8660889,-7.935211,80.25,13.0
2025-08-18 04:00:00,-1.0633392,-8.074051,80.25,13.0
2025-08-18 05:00:00,-0.19392395,-7.5860443,80.25,13.0
2025-08-18 06:00:00,0.70951843,-6.9694824,80.25,13.0
2025-08-18 07:00:00,1.843689,-7.2209625,80.25,13.0
2025-08-18 08:00:00,2.1917877,-7.7662506,80.25,13.0
2025-08-18 09:00:00,1.902359,-8.100204,80.25,13.0
2025-08-18 10:00:00,1.2466736,-6.5222626,80.25,13.0
2025-08-18 11:00:00,2.0588226,-7.812256,80.25,13.0
2025-08-18 12:00:00,2.020691,-8.668854,80.25,13.0
2025-08-18 13:00:00,1.6721802,-8.562393,80.25,13.0
2025-08-18 14:00:00,1.2404938,-8.125977,80.25,13.0
2025-08-18 15:00:00,1.0158386,-7.470764,80.25,13.0
2025-08-18 16:00:00,1.4641724,-7.249008,80.25,13.0
2025-08-18 17:00:00,1.7068481,-7.1371613,80.25,13.0
2025-08-18 18:00:00,1.9209442,-6.9111023,80.25,13.0
2025-08-18 19:00:00,1.9955597,-6.837799,80.25,13.0
2025-08-18 20:00:00,2.0571442,-7.0762634,80.25,13.0
2025-08-18 21:00:00,1.9993896,-7.760559,80.25,13.0
2025-08-18 22:00:00,0.50486755,-8.044189,80.25,13.0
2025-08-18 23:00:00,0.54055786,-8.3654785,80.25,13.0
2025-08-19 00:00:00,0.80615234,-8.489105,80.25,13.0
2025-08-19 01:00:00,0.9368439,-8.514603,80.25,13.0
2025-08-19 02:00:00,1.0974121,-8.472549,80.25,13.0
2025-08-19 03:00:00,1.6130981,-8.318802,80.25,13.0
2025-08-19 04:00:00,2.4310303,-8.234482,80.25,13.0
2025-08-19 05:00:00,3.113266,-8.279419,80.25,13.0
2025-08-19 06:00:00,3.3707733,-8.158127,80.25,13.0
2025-08-19 07:00:00,3.8799438,-7.686737,80.25,13.0
2025-08-19 08:00:00,4.4804688,-7.530838,80.25,13.0
2025-08-19 09:00:00,4.5842896,-8.092545,80.25,13.0
2025-08-19 10:00:00,3.7338257,-8.656586,80.25,13.0
2025-08-19 11:00:00,2.4755096,-9.367142,80.25,13.0
2025-08-19 12:00:00,1.0578766,-9.577255,80.25,13.0
2025-08-19 13:00:00,-0.05189514,-9.563065,80.25,13.0
2025-08-19 14:00:00,-0.85391235,-9.442444,80.25,13.0
2025-08-19 15:00:00,-1.7958221,-9.451569,80.25,13.0
2025-08-19 16:00:00,-2.9815674,-9.481186,80.25,13.0
2025-08-19 17:00:00,-3.5074005,-9.6392975,80.25,13.0
2025-08-19 18:00:00,-3.21315,-10.123474,80.25,13.0
2025-08-19 19:00:00,-3.0031128,-10.717117,80.25,13.0
2025-08-19 20:00:00,-2.465088,-10.9831085,80.25,13.0
2025-08-19 21:00:00,-2.188095,-11.244598,80.25,13.0
2025-08-19 22:00:00,-1.9773102,-11.591171,80.25,13.0
2025-08-19 23:00:00,-2.2184296,-11.8637085,80.25,13.0
2025-08-20 00:00:00,-2.6563568,-12.327896,80.25,13.0
2025-08-20 01:00:00,-3.3177948,-12.4253235,80.25,13.0
2025-08-20 02:00:00,-3.703888,-12.091248,80.25,13.0
2025-08-20 03:00:00,-3.9758148,-11.7655945,80.25,13.0
2025-08-20 04:00:00,-4.4818573,-11.568207,80.25,13.0
2025-08-20 05:00:00,-4.663727,-11.439743,80.25,13.0
2025-08-20 06:00:00,-4.599701,-11.180634,80.25,13.0
2025-08-20 07:00:00,-4.7204742,-11.130432,80.25,13.0
2025-08-20 08:00:00,-5.2406616,-10.654007,80.25,13.0
2025-08-20 09:00:00,-5.6841736,-10.115829,80.25,13.0
2025-08-20 10:00:00,-5.504196,-9.333786,80.25,13.0
2025-08-20 11:00:00,-6.155182,-8.755081,80.25,13.0
2025-08-20 12:00:00,-6.1771393,-8.044891,80.25,13.0
2025-08-20 13:00:00,-5.588257,-7.612793,80.25,13.0
2025-08-20 14:00:00,-5.1242065,-7.4267273,80.25,13.0
2025-08-20 15:00:00,-5.0908356,-7.133072,80.25,13.0
2025-08-20 16:00:00,-4.9188995,-6.813614,80.25,13.0
2025-08-20 17:00:00,-4.332016,-6.973633,80.25,13.0
2025-08-20 18:00:00,-4.239273,-7.220108,80.25,13.0
2025-08-20 19:00:00,-4.4137115,-7.12027,80.25,13.0
2025-08-20 20:00:00,-4.4887695,-6.7780914,80.25,13.0
2025-08-20 21:00:00,-4.302582,-6.3072815,80.25,13.0
2025-08-20 22:00:00,-4.3440704,-5.709732,80.25,13.0
2025-08-20 23:00:00,-3.8707275,-5.8827667,80.25,13.0
2025-08-21 00:00:00,-3.899002,-6.045868,80.25,13.0
2025-08-21 01:00:00,-3.9274902,-6.034912,80.25,13.0
2025-08-21 02:00:00,-3.9539642,-6.1716003,80.25,13.0
2025-08-21 03:00:00,-4.2134857,-6.1216125,80.25,13.0
2025-08-21 04:00:00,-4.5501404,-5.7196045,80.25,13.0
2025-08-21 05:00:00,-4.6302032,-5.413559,80.25,13.0
2025-08-21 06:00:00,-4.3533783,-5.268524,80.25,13.0
2025-08-21 07:00:00,-3.9025574,-5.265274,80.25,13.0
2025-08-21 08:00:00,-3.3545685,-5.0658417,80.25,13.0
2025-08-21 09:00:00,-2.9765625,-5.0857544,80.25,13.0
2025-08-21 10:00:00,-2.877655,-4.384613,80.25,13.0
2025-08-21 11:00:00,-2.7826538,-4.720291,80.25,13.0
2025-08-21 12:00:00,-2.777771,-5.2469482,80.25,13.0
2025-08-21 13:00:00,-3.232727,-5.4131927,80.25,13.0
2025-08-21 14:00:00,-3.6440735,-5.200638,80.25,13.0
2025-08-21 15:00:00,-3.6784668,-5.0542297,80.25,13.0
2025-08-21 16:00:00,-3.3359985,-5.108139,80.25,13.0
2025-08-21 17:00:00,-3.1968231,-5.1625977,80.25,13.0
2025-08-21 18:00:00,-3.2344666,-5.057907,80.25,13.0
2025-08-21 19:00:00,-3.182724,-4.895767,80.25,13.0
2025-08-21 20:00:00,-2.7580872,-4.948807,80.25,13.0
2025-08-21 21:00:00,-2.6809082,-5.057907,80.25,13.0
2025-08-21 22:00:00,-3.528061,-4.985367,80.25,13.0
2025-08-21 23:00:00,-3.9711761,-5.0503387,80.25,13.0
2025-08-22 00:00:00,-4.1699066,-4.7788696,80.25,13.0
2025-08-22 01:00:00,-4.067383,-4.531891,80.25,13.0
2025-08-22 02:00:00,-3.9520721,-4.3964996,80.25,13.0
2025-08-22 03:00:00,-3.7468567,-4.444916,80.25,13.0
2025-08-22 04:00:00,-3.8231812,-4.3973236,80.25,13.0
2025-08-22 05:00:00,-3.9705658,-4.2398376,80.25,13.0
2025-08-22 06:00:00,-4.063919,-4.028244,80.25,13.0
2025-08-22 07:00:00,-3.9299316,-3.9120483,80.25,13.0
2025-08-22 08:00:00,-3.7633057,-3.8819122,80.25,13.0
2025-08-22 09:00:00,-3.5953064,-3.8912048,80.25,13.0
2025-08-22 10:00:00,-3.3929443,-4.410034,80.25,13.0
2025-08-22 11:00:00,-3.6632233,-4.0140686,80.25,13.0
2025-08-22 12:00:00,-3.8325958,-3.6771393,80.25,13.0
2025-08-22 13:00:00,-3.9197693,-3.6496887,80.25,13.0
2025-08-22 14:00:00,-4.1705933,-3.4960632,80.25,13.0
2025-08-22 15:00:00,-4.2285767,-3.487915,80.25,13.0
2025-08-22 16:00:00,-3.9015198,-3.769516,80.25,13.0
2025-08-22 17:00:00,-3.49852,-4.4228973,80.25,13.0
2025-08-22 18:00:00,-3.4955597,-4.634903,80.25,13.0
2025-08-22 19:00:00,-3.8380585,-4.3648376,80.25,13.0
2025-08-22 20:00:00,-4.073105,-3.7457886,80.25,13.0
2025-08-22 21:00:00,-4.2153473,-3.1457367,80.25,13.0
2025-08-22 22:00:00,-3.4710388,-3.334137,80.25,13.0
2025-08-22 23:00:00,-3.119873,-3.8675232,80.25,13.0
2025-08-23 00:00:00,-3.0811768,-4.29245,80.25,13.0
2025-08-23 01:00:00,-3.0641632,-4.5387726,80.25,13.0
2025-08-23 02:00:00,-3.4963684,-4.4154053,80.25,13.0
2025-08-23 03:00:00,-4.0024567,-3.738861,80.25,13.0
2025-08-23 04:00:00,-4.296112,-2.9210663,80.25,13.0
2025-08-23 05:00:00,-4.232498,-2.1059265,80.25,13.0
2025-08-23 06:00:00,-4.020218,-1.5460968,80.25,13.0
2025-08-23 07:00:00,-3.6063995,-1.5847473,80.25,13.0
2025-08-23 08:00:00,-3.3999634,-2.0484772,80.25,13.0
2025-08-23 09:00:00,-3.5022278,-2.6285706,80.25,13.0
2025-08-23 10:00:00,-3.3414917,-3.2598724,80.25,13.0
2025-08-23 11:00:00,-3.8951263,-2.7172852,80.25,13.0
2025-08-23 12:00:00,-4.1321716,-2.2817993,80.25,13.0
2025-08-23 13:00:00,-3.80336,-1.9834595,80.25,13.0
2025-08-23 14:00:00,-3.6828156,-1.7578583,80.25,13.0
2025-08-23 15:00:00,-3.9459686,-1.3965149,80.25,13.0
2025-08-23 16:00:00,-4.1600494,-0.8894043,80.25,13.0
2025-08-23 17:00:00,-3.9904022,-0.64012146,80.25,13.0
2025-08-23 18:00:00,-3.804428,-0.6480408,80.25,13.0
2025-08-23 19:00:00,-3.1341858,-0.81707764,80.25,13.0
2025-08-23 20:00:00,-2.4728546,-1.557251,80.25,13.0
2025-08-23 21:00:00,-2.3881073,-2.0970764,80.25,13.0
2025-08-23 22:00:00,-3.1271362,-1.3475952,80.25,13.0
2025-08-23 23:00:00,-3.1212463,-0.53230286,80.25,13.0
2025-08-24 00:00:00,-2.8251343,0.085617065,80.25,13.0
2025-08-24 01:00:00,-2.2392883,0.4940338,80.25,13.0
2025-08-24 02:00:00,-1.6338348,0.67837524,80.25,13.0
2025-08-24 03:00:00,-1.1653137,0.8476105,80.25,13.0
2025-08-24 04:00:00,-0.88690186,0.77056885,80.25,13.0
2025-08-24 05:00:00,-0.90315247,0.8080292,80.25,13.0
2025-08-24 06:00:00,-0.69828796,0.76071167,80.25,13.0
2025-08-24 07:00:00,-0.61782837,0.8598938,80.25,13.0
2025-08-24 08:00:00,-0.9844513,1.223175,80.25,13.0
2025-08-24 09:00:00,-1.2065735,1.6259308,80.25,13.0
2025-08-24 10:00:00,-1.2434387,0.717865,80.25,13.0
2025-08-24 11:00:00,-1.4357452,1.0274353,80.25,13.0
2025-08-24 12:00:00,-1.4526978,1.6603699,80.25,13.0
2025-08-24 13:00:00,-1.1538849,2.3937683,80.25,13.0
2025-08-24 14:00:00,-0.36105347,2.9938965,80.25,13.0
2025-08-24 15:00:00,1.6124115,2.862091,80.25,13.0
2025-08-24 16:00:00,3.4837494,2.0172882,80.25,13.0
2025-08-24 17:00:00,4.711319,0.7922821,80.25,13.0
2025-08-24 18:00:00,4.7689514,0.10594177,80.25,13.0
2025-08-24 19:00:00,4.6268463,-0.23487854,80.25,13.0
2025-08-24 20:00:00,4.604019,-0.5887146,80.25,13.0
2025-08-24 21:00:00,4.170349,-1.1495514,80.25,13.0
2025-08-24 22:00:00,3.627716,-1.0239563,80.25,13.0
2025-08-24 23:00:00,2.9804077,-1.0309448,80.25,13.0
2025-08-25 00:00:00,2.7339935,-1.2087402,80.25,13.0
2025-08-25 01:00:00,2.4059143,-1.7457123,80.25,13.0
2025-08-25 02:00:00,1.3085175,-1.7730408,80.25,13.0
2025-08-25 03:00:00,0.15267944,-1.2992096,80.25,13.0
2025-08-25 04:00:00,-0.9644165,-0.8053589,80.25,13.0
2025-08-25 05:00:00,-1.4653168,-0.7131195,80.25,13.0
2025-08-25 06:00:00,-1.5661926,-0.78804016,80.25,13.0
2025-08-25 07:00:00,-1.7321777,-0.75717163,80.25,13.0
2025-08-25 08:00:00,-1.8796387,-0.49938965,80.25,13.0
2025-08-25 09:00:00,-2.557495,0.05441284,80.25,13.0
2025-08-25 10:00:00,-3.050766,0.060897827,80.25,13.0
2025-08-25 11:00:00,-3.4393158,0.29125977,80.25,13.0
2025-08-25 12:00:00,-3.736969,0.52412415,80.25,13.0
2025-08-25 13:00:00,-3.668457,0.6981354,80.25,13.0
2025-08-25 14:00:00,-3.5482635,1.1348877,80.25,13.0
2025-08-25 15:00:00,-3.3096924,1.7097778,80.25,13.0
2025-08-25 16:00:00,-2.8442383,1.9816742,80.25,13.0
2025-08-25 17:00:00,-1.9461823,2.1328888,80.25,13.0
2025-08-25 18:00:00,-0.691803,2.1185455,80.25,13.0
2025-08-25 19:00:00,0.4122467,1.8125153,80.25,13.0
2025-08-25 20:00:00,0.49786377,1.5469055,80.25,13.0
2025-08-25 21:00:00,0.037750244,1.4463043,80.25,13.0
2025-08-25 22:00:00,-1.3399658,0.6612854,80.25,13.0
2025-08-25 23:00:00,-1.7797546,0.7982025,80.25,13.0
2025-08-26 00:00:00,-2.2166748,1.3094788,80.25,13.0
2025-08-26 01:00:00,-2.051178,1.826294,80.25,13.0
2025-08-26 02:00:00,-1.5110321,2.0422668,80.25,13.0
2025-08-26 03:00:00,-0.8093872,2.1322174,80.25,13.0
2025-08-26 04:00:00,-0.40794373,1.9269104,80.25,13.0
2025-08-26 05:00:00,-0.7004242,1.9754181,80.25,13.0
2025-08-26 06:00:00,-1.484787,2.0909271,80.25,13.0
2025-08-26 07:00:00,-2.2575073,2.3878784,80.25,13.0
2025-08-26 08:00:00,-2.712387,2.8021698,80.25,13.0
2025-08-26 09:00:00,-3.0413513,3.1332397,80.25,13.0
2025-08-26 10:00:00,-3.6811066,1.5976868,80.25,13.0
2025-08-26 11:00:00,-3.8159332,2.049408,80.25,13.0
2025-08-26 12:00:00,-4.4214325,2.3321228,80.25,13.0
2025-08-26 13:00:00,-4.564926,2.8075562,80.25,13.0
2025-08-26 14:00:00,-4.434204,3.490448,80.25,13.0
2025-08-26 15:00:00,-4.1560516,3.484604,80.25,13.0
2025-08-26 16:00:00,-3.6685638,3.2702026,80.25,13.0
2025-08-26 17:00:00,-3.5495148,3.0544586,80.25,13.0
2025-08-26 18:00:00,-3.725891,2.843216,80.25,13.0
2025-08-26 19:00:00,-3.777008,2.7957153,80.25,13.0
2025-08-26 20:00:00,-3.6050415,2.784546,80.25,13.0
2025-08-26 21:00:00,-3.5053253,2.6861267,80.25,13.0
2025-08-26 22:00:00,-2.9624634,2.6500854,80.25,13.0
2025-08-26 23:00:00,-2.0405731,2.517105,80.25,13.0
2025-08-27 00:00:00,-0.83709717,2.2956085,80.25,13.0
2025-08-27 01:00:00,0.62757874,1.8881989,80.25,13.0
2025-08-27 02:00:00,1.7321167,1.3640137,80.25,13.0
2025-08-27 03:00:00,2.6251984,1.0182343,80.25,13.0
2025-08-27 04:00:00,3.6526947,0.34521484,80.25,13.0
2025-08-27 05:00:00,4.029907,-0.16111755,80.25,13.0
2025-08-27 06:00:00,3.746399,-0.14834595,80.25,13.0
2025-08-27 07:00:00,4.3437805,0.016326904,80.25,13.0
2025-08-27 08:00:00,5.840927,-1.2952423,80.25,13.0
2025-08-27 09:00:00,6.0812225,-2.8233185,80.25,13.0
2025-08-27 10:00:00,5.247574,-3.4875946,80.25,13.0
2025-08-27 11:00:00,5.4839935,-3.2039642,80.25,13.0
2025-08-27 12:00:00,5.5233,-2.620224,80.25,13.0
2025-08-27 13:00:00,5.5054016,-1.7739868,80.25,13.0
2025-08-27 14:00:00,5.966263,-0.93836975,80.25,13.0
2025-08-27 15:00:00,6.362747,-0.4703064,80.25,13.0
2025-08-27 16:00:00,6.4045563,-0.43034363,80.25,13.0
2025-08-27 17:00:00,6.3861084,-0.25349426,80.25,13.0
2025-08-27 18:00:00,6.3126526,0.092453,80.25,13.0
2025-08-27 19:00:00,6.331421,0.34455872,80.25,13.0
2025-08-27 20:00:00,6.206085,0.43763733,80.25,13.0
2025-08-27 21:00:00,6.1443024,0.44703674,80.25,13.0
2025-08-27 22:00:00,5.3395844,0.27038574,80.25,13.0
2025-08-27 23:00:00,5.35112,0.5535431,80.25,13.0
2025-08-28 00:00:00,5.503845,0.5629883,80.25,13.0
2025-08-28 01:00:00,5.4798126,0.28323364,80.25,13.0
2025-08-28 02:00:00,5.5548553,0.09448242,80.25,13.0
2025-08-28 03:00:00,5.536911,0.06349182,80.25,13.0
2025-08-28 04:00:00,5.3988647,0.02734375,80.25,13.0
2025-08-28 05:00:00,5.151779,0.037017822,80.25,13.0
2025-08-28 06:00:00,4.7494965,0.3308258,80.25,13.0
2025-08-28 07:00:00,4.3150787,0.785614,80.25,13.0
2025-08-28 08:00:00,4.0967255,1.1502991,80.25,13.0
2025-08-28 09:00:00,3.8288574,1.1929779,80.25,13.0
2025-08-28 10:00:00,3.8688965,1.0267639,80.25,13.0
2025-08-28 11:00:00,3.6246033,1.7928925,80.25,13.0
2025-08-28 12:00:00,3.2667847,2.2493591,80.25,13.0
2025-08-28 13:00:00,2.900238,2.520752,80.25,13.0
2025-08-28 14:00:00,2.871933,2.7560577,80.25,13.0
2025-08-28 15:00:00,2.7998962,2.9595337,80.25,13.0
2025-08-28 16:00:00,1.7515869,3.1064148,80.25,13.0
2025-08-28 17:00:00,0.26542664,3.1980896,80.25,13.0
2025-08-28 18:00:00,-0.9104767,3.3379364,80.25,13.0
2025-08-28 19:00:00,-1.6073151,3.4784088,80.25,13.0
2025-08-28 20:00:00,-1.890625,3.7151337,80.25,13.0
2025-08-28 21:00:00,-1.9487305,3.9792786,80.25,13.0
2025-08-28 22:00:00,-1.5209503,4.319626,80.25,13.0
2025-08-28 23:00:00,-0.2341156,4.616272,80.25,13.0
2025-08-29 00:00:00,0.8726654,4.8338776,80.25,13.0
2025-08-29 01:00:00,1.5542755,5.068985,80.25,13.0
2025-08-29 02:00:00,1.8072205,5.373169,80.25,13.0
2025-08-29 03:00:00,1.5571747,5.7407837,80.25,13.0
2025-08-29 04:00:00,1.4715729,6.092575,80.25,13.0
2025-08-29 05:00:00,0.9190979,6.6869507,80.25,13.0
2025-08-29 06:00:00,0.5736847,7.3053284,80.25,13.0
2025-08-29 07:00:00,0.82162476,7.97995,80.25,13.0
2025-08-29 08:00:00,1.5434113,8.464752,80.25,13.0
2025-08-29 09:00:00,2.4552917,8.932373,80.25,13.0
2025-08-29 10:00:00,1.8708344,8.863449,80.25,13.0
2025-08-29 11:00:00,2.1625366,9.376602,80.25,13.0
2025-08-29 12:00:00,2.9253082,9.635254,80.25,13.0
2025-08-29 13:00:00,4.357025,9.596237,80.25,13.0
2025-08-29 14:00:00,5.6384125,9.38382,80.25,13.0
2025-08-29 15:00:00,6.4411774,9.035095,80.25,13.0
2025-08-29 16:00:00,6.9563904,8.67276,80.25,13.0
2025-08-29 17:00:00,7.0818024,8.257996,80.25,13.0
2025-08-29 18:00:00,6.8153534,7.986725,80.25,13.0
2025-08-29 19:00:00,6.653076,7.9172516,80.25,13.0
2025-08-29 20:00:00,6.518936,7.8819885,80.25,13.0
2025-08-29 21:00:00,6.4250946,7.873764,80.25,13.0
2025-08-29 22:00:00,5.906311,7.4540405,80.25,13.0
2025-08-29 23:00:00,5.75795,7.1347046,80.25,13.0
2025-08-30 00:00:00,5.695114,6.99498,80.25,13.0
2025-08-30 01:00:00,5.8473816,6.895401,80.25,13.0
2025-08-30 02:00:00,5.95665,6.6488647,80.25,13.0
2025-08-30 03:00:00,6.0739136,6.3781433,80.25,13.0
2025-08-30 04:00:00,6.239502,6.09877,80.25,13.0
2025-08-30 05:00:00,6.230072,5.8164215,80.25,13.0
2025-08-30 06:00:00,5.7854614,5.5188293,80.25,13.0
2025-08-30 07:00:00,5.2083282,5.1393433,80.25,13.0
2025-08-30 08:00:00,4.6940765,4.760788,80.25,13.0
2025-08-30 09:00:00,4.1908264,4.549835,80.25,13.0
2025-08-30 10:00:00,3.6257172,4.010559,80.25,13.0
2025-08-30 11:00:00,3.1625671,3.9360962,80.25,13.0
2025-08-30 12:00:00,3.013626,3.403122,80.25,13.0
2025-08-30 13:00:00,3.1252747,2.9545593,80.25,13.0
2025-08-30 14:00:00,2.7620544,2.7065582,80.25,13.0
2025-08-30 15:00:00,2.138382,2.4341736,80.25,13.0
2025-08-30 16:00:00,2.0051727,2.1684418,80.25,13.0
2025-08-30 17:00:00,1.5905762,1.9659119,80.25,13.0
2025-08-30 18:00:00,0.56814575,2.176422,80.25,13.0
2025-08-30 19:00:00,-0.31593323,2.2596588,80.25,13.0
2025-08-30 20:00:00,-0.8542938,2.0859375,80.25,13.0
2025-08-30 21:00:00,-1.6615295,2.1936493,80.25,13.0
2025-08-30 22:00:00,-2.1934204,2.8823853,80.25,13.0
2025-08-30 23:00:00,-2.440979,3.0927277,80.25,13.0
2025-08-31 00:00:00,-2.2976532,2.6305084,80.25,13.0
2025-08-31 01:00:00,-1.5142517,1.5721283,80.25,13.0
2025-08-31 02:00:00,-0.5466156,0.5066376,80.25,13.0
2025-08-31 03:00:00,-0.03401184,-0.28622437,80.25,13.0
2025-08-31 04:00:00,0.110443115,-0.6455078,80.25,13.0
2025-08-31 05:00:00,-0.051605225,-0.7295227,80.25,13.0
2025-08-31 06:00:00,-0.23794556,-0.86109924,80.25,13.0
2025-08-31 07:00:00,-0.633667,-0.93743896,80.25,13.0
2025-08-31 08:00:00,-1.2962799,-0.85702515,80.25,13.0
2025-08-31 09:00:00,-1.878891,-0.8225708,80.25,13.0
2025-08-31 10:00:00,-2.3263245,-1.0789795,80.25,13.0
2025-08-31 11:00:00,-2.3708649,-1.3402405,80.25,13.0
2025-08-31 12:00:00,-2.557495,-1.3492126,80.25,13.0
2025-08-31 13:00:00,-2.173294,-1.6063538,80.25,13.0
2025-08-31 14:00:00,-2.161087,-1.890686,80.25,13.0
2025-08-31 15:00:00,-2.4798126,-1.9159241,80.25,13.0
2025-08-31 16:00:00,-2.666092,-1.3744812,80.25,13.0
2025-08-31 17:00:00,-2.5537872,-1.1499939,80.25,13.0
2025-08-31 18:00:00,-2.378418,-1.3558807,80.25,13.0
2025-08-31 19:00:00,-2.0820465,-1.8183899,80.25,13.0
2025-08-31 20:00:00,-2.0920105,-2.1443634,80.25,13.0
2025-08-31 21:00:00,-2.063446,-2.127121,80.25,13.0
2025-08-31 22:00:00,-1.878891,-2.1118011,80.25,13.0
2025-08-31 23:00:00,-1.9388885,-1.398529,80.25,13.0
2025-09-01 00:00:00,-1.351532,-0.6222992,80.25,13.0
2025-09-01 01:00:00,-0.3123932,-0.42845154,80.25,13.0
2025-09-01 02:00:00,0.7338104,-0.55145264,80.25,13.0
2025-09-01 03:00:00,1.3574677,-0.6036682,80.25,13.0
2025-09-01 04:00:00,1.7177429,-0.52809143,80.25,13.0
2025-09-01 05:00:00,1.9162292,-0.3943329,80.25,13.0
2025-09-01 06:00:00,1.8848877,-0.2214508,80.25,13.0
2025-09-01 07:00:00,1.833725,-0.25004578,80.25,13.0
2025-09-01 08:00:00,1.6651001,-0.3542328,80.25,13.0
2025-09-01 09:00:00,1.2071075,-0.25238037,80.25,13.0
2025-09-01 10:00:00,0.12184143,-0.5136261,80.25,13.0
2025-09-01 11:00:00,-0.6930542,0.11457825,80.25,13.0
2025-09-01 12:00:00,-1.099411,0.7345581,80.25,13.0
2025-09-01 13:00:00,-1.1008911,1.2215271,80.25,13.0
2025-09-01 14:00:00,-1.2033081,1.0301514,80.25,13.0
2025-09-01 15:00:00,-1.3085785,0.607666,80.25,13.0
2025-09-01 16:00:00,-1.5579529,0.44638062,80.25,13.0
2025-09-01 17:00:00,-1.9697723,0.30810547,80.25,13.0
2025-09-01 18:00:00,-2.5599823,0.28623962,80.25,13.0
2025-09-01 19:00:00,-3.0425262,0.25534058,80.25,13.0
2025-09-01 20:00:00,-3.234024,0.08274841,80.25,13.0
2025-09-01 21:00:00,-3.2757416,-0.27789307,80.25,13.0
2025-09-01 22:00:00,-3.1521301,-1.2132568,80.25,13.0
2025-09-01 23:00:00,-2.9640656,-1.6633759,80.25,13.0
2025-09-02 00:00:00,-3.0643005,-2.0115662,80.25,13.0
2025-09-02 01:00:00,-3.300949,-2.2471008,80.25,13.0
2025-09-02 02:00:00,-3.4351501,-2.4405823,80.25,13.0
2025-09-02 03:00:00,-3.5539398,-2.5021362,80.25,13.0
2025-09-02 04:00:00,-3.757492,-2.5100098,80.25,13.0
2025-09-02 05:00:00,-3.9428864,-2.4616241,80.25,13.0
2025-09-02 06:00:00,-4.1062317,-2.111969,80.25,13.0
2025-09-02 07:00:00,-3.9175873,-1.606842,80.25,13.0
2025-09-02 08:00:00,-3.593567,-1.2453308,80.25,13.0
2025-09-02 09:00:00,-3.0007935,-0.8519287,80.25,13.0
2025-09-02 10:00:00,-0.97540283,-1.6727295,80.25,13.0
2025-09-02 11:00:00,-1.1130524,-2.0846558,80.25,13.0
2025-09-02 12:00:00,-1.3090363,-1.7460327,80.25,13.0
2025-09-02 13:00:00,-0.83761597,-1.4898834,80.25,13.0
2025-09-02 14:00:00,-0.11645508,-1.486023,80.25,13.0
2025-09-02 15:00:00,0.36680603,-1.7205048,80.25,13.0
2025-09-02 16:00:00,0.31544495,-2.0092926,80.25,13.0
2025-09-02 17:00:00,0.0135650635,-1.9840088,80.25,13.0
2025-09-02 18:00:00,-0.1309967,-1.6172638,80.25,13.0
2025-09-02 19:00:00,0.18275452,-1.1763153,80.25,13.0
2025-09-02 20:00:00,0.46139526,-1.0119781,80.25,13.0
2025-09-02 21:00:00,0.66459656,-0.9824066,80.25,13.0
2025-09-02 22:00:00,0.0053100586,-2.0164948,80.25,13.0
2025-09-02 23:00:00,-0.32228088,-2.4408264,80.25,13.0
2025-09-03 00:00:00,-0.71032715,-2.1155548,80.25,13.0
2025-09-03 01:00:00,-0.9337311,-1.4847717,80.25,13.0
2025-09-03 02:00:00,-1.1943512,-1.1941528,80.25,13.0
2025-09-03 03:00:00,-1.3757172,-1.12323,80.25,13.0
2025-09-03 04:00:00,-1.5304108,-0.9270325,80.25,13.0
2025-09-03 05:00:00,-1.6272736,-0.6479187,80.25,13.0
2025-09-03 06:00:00,-1.861023,-0.50920105,80.25,13.0
2025-09-03 07:00:00,-2.2445526,-0.37077332,80.25,13.0
2025-09-03 08:00:00,-2.5716248,-0.38832092,80.25,13.0
2025-09-03 09:00:00,-2.713684,-0.13775635,80.25,13.0
2025-09-03 10:00:00,-2.7901306,-0.7365875,80.25,13.0
2025-09-03 11:00:00,-2.9695435,-0.5947418,80.25,13.0
2025-09-03 12:00:00,-3.036377,-0.73809814,80.25,13.0
2025-09-03 13:00:00,-3.3880615,-0.65138245,80.25,13.0
2025-09-03 14:00:00,-3.7322998,-0.56829834,80.25,13.0
2025-09-03 15:00:00,-4.0445557,-0.07789612,80.25,13.0
2025-09-03 16:00:00,-4.121582,0.08894348,80.25,13.0
2025-09-03 17:00:00,-4.0758057,0.20529175,80.25,13.0
2025-09-03 18:00:00,-4.271576,-0.009216309,80.25,13.0
2025-09-03 19:00:00,-4.4674835,0.26930237,80.25,13.0
2025-09-03 20:00:00,-4.539398,0.5525665,80.25,13.0
2025-09-03 21:00:00,-4.296509,0.6499481,80.25,13.0
2025-09-03 22:00:00,-3.8312988,0.6545105,80.25,13.0
2025-09-03 23:00:00,-3.4402008,0.6536865,80.25,13.0
2025-09-04 00:00:00,-3.313919,0.80348206,80.25,13.0
2025-09-04 01:00:00,-3.1912384,1.0587158,80.25,13.0
2025-09-04 02:00:00,-2.8081055,1.316803,80.25,13.0
2025-09-04 03:00:00,-2.3853912,1.6132965,80.25,13.0
2025-09-04 04:00:00,-2.0190735,2.1144867,80.25,13.0
2025-09-04 05:00:00,-1.4206085,2.6425018,80.25,13.0
2025-09-04 06:00:00,-0.9025116,2.7143707,80.25,13.0
2025-09-04 07:00:00,-0.6329498,2.6868439,80.25,13.0
2025-09-04 08:00:00,-0.35710144,2.324234,80.25,13.0
2025-09-04 09:00:00,-0.46043396,1.6037903,80.25,13.0
2025-09-04 10:00:00,-1.818039,-0.58358765,80.25,13.0
2025-09-04 11:00:00,-2.8732758,-0.6781311,80.25,13.0
2025-09-04 12:00:00,-3.2153015,-0.02168274,80.25,13.0
2025-09-04 13:00:00,-3.2214203,0.0071868896,80.25,13.0
2025-09-04 14:00:00,-3.3453217,0.08491516,80.25,13.0
2025-09-04 15:00:00,-3.581833,-0.32937622,80.25,13.0
2025-09-04 16:00:00,-4.3111115,-0.63674927,80.25,13.0
2025-09-04 17:00:00,-4.4266357,-0.26820374,80.25,13.0
2025-09-04 18:00:00,-4.438339,-0.20828247,80.25,13.0
2025-09-04 19:00:00,-4.490082,-0.5076752,80.25,13.0
2025-09-04 20:00:00,-4.585602,-1.0966644,80.25,13.0
2025-09-04 21:00:00,-5.115097,-1.54776,80.25,13.0
2025-09-04 22:00:00,-5.827194,-1.5070801,80.25,13.0
2025-09-04 23:00:00,-6.03067,-1.6401215,80.25,13.0
2025-09-05 00:00:00,-6.147583,-1.5417328,80.25,13.0
2025-09-05 01:00:00,-6.2675934,-1.4256134,80.25,13.0
2025-09-05 02:00:00,-6.504257,-1.259964,80.25,13.0
2025-09-05 03:00:00,-6.6627197,-1.0438538,80.25,13.0
2025-09-05 04:00:00,-6.875366,-1.0427704,80.25,13.0
2025-09-05 05:00:00,-7.250595,-0.99539185,80.25,13.0
2025-09-05 06:00:00,-7.5236816,-1.2388,80.25,13.0
2025-09-05 07:00:00,-7.733429,-1.6999207,80.25,13.0
2025-09-05 08:00:00,-7.7685394,-2.1502533,80.25,13.0
2025-09-05 09:00:00,-7.654434,-2.4226532,80.25,13.0
2025-09-05 10:00:00,-7.0121613,-2.6338959,80.25,13.0
2025-09-05 11:00:00,-7.109665,-3.4948425,80.25,13.0
2025-09-05 12:00:00,-7.1565857,-4.0526276,80.25,13.0
2025-09-05 13:00:00,-7.015259,-3.936615,80.25,13.0
2025-09-05 14:00:00,-6.653244,-3.767395,80.25,13.0
2025-09-05 15:00:00,-6.427414,-3.6094818,80.25,13.0
2025-09-05 16:00:00,-6.4995728,-3.1346283,80.25,13.0
2025-09-05 17:00:00,-6.60376,-2.8838348,80.25,13.0
2025-09-05 18:00:00,-6.8499146,-3.025528,80.25,13.0
2025-09-05 19:00:00,-7.1877136,-3.3928833,80.25,13.0
2025-09-05 20:00:00,-7.46846,-3.796692,80.25,13.0
2025-09-05 21:00:00,-7.760193,-4.3087006,80.25,13.0
2025-09-05 22:00:00,-7.500946,-4.73703,80.25,13.0
2025-09-05 23:00:00,-7.750351,-4.814041,80.25,13.0
2025-09-06 00:00:00,-7.619171,-4.779175,80.25,13.0
2025-09-06 01:00:00,-7.5162506,-4.8275146,80.25,13.0
2025-09-06 02:00:00,-7.1587524,-4.9945526,80.25,13.0
2025-09-06 03:00:00,-6.959259,-4.9641876,80.25,13.0
2025-09-06 04:00:00,-6.959488,-4.832611,80.25,13.0
2025-09-06 05:00:00,-6.759369,-4.661209,80.25,13.0
2025-09-06 06:00:00,-6.5171967,-4.536606,80.25,13.0
2025-09-06 07:00:00,-6.224228,-4.5163727,80.25,13.0
2025-09-06 08:00:00,-5.980301,-4.4898224,80.25,13.0
2025-09-06 09:00:00,-5.485428,-4.6478424,80.25,13.0
2025-09-06 10:00:00,-5.9100494,-4.4474792,80.25,13.0
2025-09-06 11:00:00,-5.5682526,-3.6768494,80.25,13.0
2025-09-06 12:00:00,-5.0332794,-3.1459656,80.25,13.0
2025-09-06 13:00:00,-4.3247986,-2.9165802,80.25,13.0
2025-09-06 14:00:00,-3.582199,-2.7543335,80.25,13.0
2025-09-06 15:00:00,-2.8897552,-2.6760101,80.25,13.0
2025-09-06 16:00:00,-2.3997955,-2.5566711,80.25,13.0
2025-09-06 17:00:00,-2.2939606,-2.3670807,80.25,13.0
2025-09-06 18:00:00,-2.2933044,-1.5387421,80.25,13.0
2025-09-06 19:00:00,-2.1577606,-0.58680725,80.25,13.0
2025-09-06 20:00:00,-2.1056519,-0.18882751,80.25,13.0
2025-09-06 21:00:00,-2.319992,0.062301636,80.25,13.0
2025-09-06 22:00:00,-2.3945312,-0.3035431,80.25,13.0
2025-09-06 23:00:00,-2.8109589,0.3400116,80.25,13.0
2025-09-07 00:00:00,-3.0392303,1.1064148,80.25,13.0
2025-09-07 01:00:00,-3.242691,1.386383,80.25,13.0
2025-09-07 02:00:00,-3.6783905,1.5284576,80.25,13.0
2025-09-07 03:00:00,-4.4120636,1.668335,80.25,13.0
2025-09-07 04:00:00,-4.0698547,2.4986572,80.25,13.0
2025-09-07 05:00:00,-3.5391693,2.6066895,80.25,13.0
2025-09-07 06:00:00,-2.6572113,2.2960968,80.25,13.0
2025-09-07 07:00:00,-2.0641022,2.1728668,80.25,13.0
2025-09-07 08:00:00,-1.6093445,2.2679596,80.25,13.0
2025-09-07 09:00:00,-0.9219208,2.9560547,80.25,13.0
2025-09-07 10:00:00,1.028244,4.2333527,80.25,13.0
2025-09-07 11:00:00,1.5598907,5.472946,80.25,13.0
2025-09-07 12:00:00,1.3643646,6.3315887,80.25,13.0
2025-09-07 13:00:00,0.73957825,6.161148,80.25,13.0
2025-09-07 14:00:00,-0.021347046,5.651123,80.25,13.0
2025-09-07 15:00:00,-0.1421051,5.4121094,80.25,13.0
2025-09-07 16:00:00,0.69247437,5.5606384,80.25,13.0
2025-09-07 17:00:00,2.7738953,5.6319275,80.25,13.0
2025-09-07 18:00:00,4.9738617,5.730896,80.25,13.0
2025-09-07 19:00:00,6.998108,5.76474,80.25,13.0
2025-09-07 20:00:00,8.536743,5.3557434,80.25,13.0
2025-09-07 21:00:00,9.89238,4.572632,80.25,13.0
2025-09-07 22:00:00,10.601852,3.5152588,80.25,13.0
2025-09-07 23:00:00,10.441101,2.8124847,80.25,13.0
2025-09-08 00:00:00,9.728546,2.4439392,80.25,13.0
2025-09-08 01:00:00,9.309402,2.6938782,80.25,13.0
2025-09-08 02:00:00,9.011108,2.9554443,80.25,13.0
2025-09-08 03:00:00,8.664337,2.840805,80.25,13.0
2025-09-08 04:00:00,8.317764,2.3891602,80.25,13.0
2025-09-08 05:00:00,8.339478,1.9775543,80.25,13.0
2025-09-08 06:00:00,8.322784,1.8866425,80.25,13.0
2025-09-08 07:00:00,7.848831,1.9377136,80.25,13.0
2025-09-08 08:00:00,7.347519,1.4147186,80.25,13.0
2025-09-08 09:00:00,6.9115906,0.5091095,80.25,13.0
2025-09-08 10:00:00,6.4186096,0.44311523,80.25,13.0
2025-09-08 11:00:00,5.961334,-0.51904297,80.25,13.0
2025-09-08 12:00:00,5.475189,-1.6426697,80.25,13.0
2025-09-08 13:00:00,4.836426,-1.9319763,80.25,13.0
2025-09-08 14:00:00,4.096054,-2.0522919,80.25,13.0
2025-09-08 15:00:00,3.2877197,-2.059082,80.25,13.0
2025-09-08 16:00:00,2.933609,-1.651123,80.25,13.0
2025-09-08 17:00:00,3.0958557,-1.1732178,80.25,13.0
2025-09-08 18:00:00,3.3851166,-1.1400452,80.25,13.0
2025-09-08 19:00:00,3.385147,-1.0921173,80.25,13.0
2025-09-08 20:00:00,3.2748566,-1.0508118,80.25,13.0
2025-09-08 21:00:00,3.0138702,-0.9846039,80.25,13.0
2025-09-08 22:00:00,2.7169037,-1.52742,80.25,13.0
2025-09-08 23:00:00,1.960846,-2.011032,80.25,13.0
2025-09-09 00:00:00,0.9731598,-1.8925476,80.25,13.0
2025-09-09 01:00:00,0.3483429,-1.3491821,80.25,13.0
2025-09-09 02:00:00,-0.41119385,-0.6335907,80.25,13.0
2025-09-09 03:00:00,-1.442276,0.20802307,80.25,13.0
2025-09-09 04:00:00,-1.1809235,0.8007355,80.25,13.0
2025-09-09 05:00:00,-1.1441193,1.2505646,80.25,13.0
2025-09-09 06:00:00,-0.3665619,2.1515808,80.25,13.0
2025-09-09 07:00:00,1.3070679,3.001831,80.25,13.0
2025-09-09 08:00:00,2.4553986,3.5222168,80.25,13.0
2025-09-09 09:00:00,3.7616425,4.0169067,80.25,13.0
2025-09-09 10:00:00,3.5248413,3.6463928,80.25,13.0
2025-09-09 11:00:00,2.521515,3.882309,80.25,13.0
2025-09-09 12:00:00,1.5202332,4.756241,80.25,13.0
2025-09-09 13:00:00,1.2929382,4.7129974,80.25,13.0
2025-09-09 14:00:00,1.97966,4.4822083,80.25,13.0
2025-09-09 15:00:00,2.5334167,4.4920654,80.25,13.0
2025-09-09 16:00:00,2.9354248,4.50914,80.25,13.0
2025-09-09 17:00:00,3.4962769,4.6701965,80.25,13.0
2025-09-09 18:00:00,3.5655823,5.0532074,80.25,13.0
2025-09-09 19:00:00,3.2453156,5.3675995,80.25,13.0
2025-09-09 20:00:00,2.8845062,5.6954346,80.25,13.0
2025-09-09 21:00:00,2.9651642,6.047165,80.25,13.0
2025-09-09 22:00:00,3.6030273,6.0338135,80.25,13.0
2025-09-09 23:00:00,4.490082,6.224777,80.25,13.0
2025-09-10 00:00:00,4.794998,6.4924316,80.25,13.0
2025-09-10 01:00:00,4.5889893,6.7789307,80.25,13.0
2025-09-10 02:00:00,4.517227,6.8671875,80.25,13.0
2025-09-10 03:00:00,5.223999,6.8488617,80.25,13.0
2025-09-10 04:00:00,6.1402435,7.136673,80.25,13.0
2025-09-10 05:00:00,6.707535,7.6273346,80.25,13.0
2025-09-10 06:00:00,6.9656067,7.646469,80.25,13.0
2025-09-10 07:00:00,6.93013,6.9223633,80.25,13.0
2025-09-10 08:00:00,6.8035126,6.1857605,80.25,13.0
2025-09-10 09:00:00,7.1328278,5.889908,80.25,13.0
2025-09-10 10:00:00,6.8320923,5.6853943,80.25,13.0
2025-09-10 11:00:00,7.187546,4.2749176,80.25,13.0
2025-09-10 12:00:00,7.276001,2.1056519,80.25,13.0
2025-09-10 13:00:00,6.5519867,0.4459381,80.25,13.0
2025-09-10 14:00:00,5.5474396,0.050064087,80.25,13.0
2025-09-10 15:00:00,4.8913116,0.5453186,80.25,13.0
2025-09-10 16:00:00,4.007599,0.9788971,80.25,13.0
2025-09-10 17:00:00,5.1030273,1.7396393,80.25,13.0
2025-09-10 18:00:00,5.925308,2.4914398,80.25,13.0
2025-09-10 19:00:00,6.8299713,3.2627258,80.25,13.0
2025-09-10 20:00:00,7.548996,3.2947388,80.25,13.0
2025-09-10 21:00:00,8.084091,3.498932,80.25,13.0
2025-09-10 22:00:00,8.426178,3.716629,80.25,13.0
2025-09-10 23:00:00,7.5783234,4.406311,80.25,13.0
2025-09-11 00:00:00,6.7992706,4.5227814,80.25,13.0
2025-09-11 01:00:00,6.3823853,4.9699097,80.25,13.0
2025-09-11 02:00:00,6.4724884,5.224182,80.25,13.0
2025-09-11 03:00:00,6.588333,5.4326477,80.25,13.0
2025-09-11 04:00:00,6.821686,5.8855743,80.25,13.0
2025-09-11 05:00:00,7.07666,6.1636963,80.25,13.0
2025-09-11 06:00:00,7.6470337,6.267578,80.25,13.0
2025-09-11 07:00:00,8.109756,6.0383453,80.25,13.0
2025-09-11 08:00:00,8.417084,5.284012,80.25,13.0
2025-09-11 09:00:00,8.470871,3.9427338,80.25,13.0
2025-09-11 10:00:00,8.083405,1.6457672,80.25,13.0
2025-09-11 11:00:00,7.776245,-1.2405701,80.25,13.0
2025-09-11 12:00:00,6.9333344,-3.4671936,80.25,13.0
2025-09-11 13:00:00,6.111145,-4.6562805,80.25,13.0
2025-09-11 14:00:00,5.619095,-5.092453,80.25,13.0
2025-09-11 15:00:00,4.9900055,-5.121277,80.25,13.0
2025-09-11 16:00:00,4.1530304,-4.925293,80.25,13.0
2025-09-11 17:00:00,3.450653,-4.4908752,80.25,13.0
2025-09-11 18:00:00,2.5961304,-4.33078,80.25,13.0
2025-09-11 19:00:00,1.8919067,-3.9761353,80.25,13.0
2025-09-11 20:00:00,1.0245056,-3.5891113,80.25,13.0
2025-09-11 21:00:00,0.4053192,-3.1868896,80.25,13.0
2025-09-11 22:00:00,-0.26296997,-3.5679474,80.25,13.0
2025-09-11 23:00:00,-1.0174408,-3.112732,80.25,13.0
2025-09-12 00:00:00,-1.3005524,-2.4677734,80.25,13.0
2025-09-12 01:00:00,-1.5375824,-2.1312866,80.25,13.0
2025-09-12 02:00:00,-1.7283325,-1.8573303,80.25,13.0
2025-09-12 03:00:00,-2.054596,-2.0317383,80.25,13.0
2025-09-12 04:00:00,-2.8969727,-2.0644226,80.25,13.0
2025-09-12 05:00:00,-3.8612518,-1.621872,80.25,13.0
2025-09-12 06:00:00,-4.355316,-0.9084625,80.25,13.0
2025-09-12 07:00:00,-4.22229,-0.4559784,80.25,13.0
2025-09-12 08:00:00,-4.024124,-0.6658478,80.25,13.0
2025-09-12 09:00:00,-3.9797058,-0.87957764,80.25,13.0
2025-09-12 10:00:00,-3.8047333,-1.9360962,80.25,13.0
2025-09-12 11:00:00,-4.192856,-1.725357,80.25,13.0
2025-09-12 12:00:00,-4.2308807,-1.3131104,80.25,13.0
2025-09-12 13:00:00,-4.3622284,-1.4582977,80.25,13.0
2025-09-12 14:00:00,-4.360077,-1.2426453,80.25,13.0
2025-09-12 15:00:00,-3.834671,-1.0079956,80.25,13.0
2025-09-12 16:00:00,-3.0487366,-1.3398438,80.25,13.0
2025-09-12 17:00:00,-2.5187378,-2.2050323,80.25,13.0
2025-09-12 18:00:00,-2.1408691,-3.220581,80.25,13.0
2025-09-12 19:00:00,-1.658493,-4.788452,80.25,13.0
2025-09-12 20:00:00,-2.0608673,-5.8092804,80.25,13.0
2025-09-12 21:00:00,-2.7488556,-5.90683,80.25,13.0
2025-09-12 22:00:00,-3.1009674,-5.907959,80.25,13.0
2025-09-12 23:00:00,-3.331543,-6.2625732,80.25,13.0
2025-09-13 00:00:00,-4.0342255,-6.819504,80.25,13.0
2025-09-13 01:00:00,-4.9362183,-7.3612976,80.25,13.0
2025-09-13 02:00:00,-5.627945,-8.206116,80.25,13.0
2025-09-13 03:00:00,-6.2771454,-8.581223,80.25,13.0
2025-09-13 04:00:00,-6.823242,-8.293716,80.25,13.0
2025-09-13 05:00:00,-7.2082977,-7.7355804,80.25,13.0
2025-09-13 06:00:00,-7.336151,-7.303726,80.25,13.0
2025-09-13 07:00:00,-7.419403,-6.947983,80.25,13.0
2025-09-13 08:00:00,-7.4369354,-6.471298,80.25,13.0
2025-09-13 09:00:00,-7.3819733,-6.064789,80.25,13.0
2025-09-13 10:00:00,-7.5701294,-6.7592773,80.25,13.0
2025-09-13 11:00:00,-7.8457947,-5.901367,80.25,13.0
2025-09-13 12:00:00,-7.9551086,-5.378769,80.25,13.0
2025-09-13 13:00:00,-8.036285,-5.044281,80.25,13.0
2025-09-13 14:00:00,-8.071487,-4.7671356,80.25,13.0
2025-09-13 15:00:00,-8.273941,-4.414505,80.25,13.0
2025-09-13 16:00:00,-8.454285,-4.016556,80.25,13.0
2025-09-13 17:00:00,-8.608444,-3.711197,80.25,13.0
2025-09-13 18:00:00,-8.80191,-3.616562,80.25,13.0
2025-09-13 19:00:00,-9.025681,-3.5878754,80.25,13.0
2025-09-13 20:00:00,-9.205963,-3.5634003,80.25,13.0
2025-09-13 21:00:00,-9.245575,-3.002945,80.25,13.0
2025-09-13 22:00:00,-8.636795,-4.1753387,80.25,13.0
2025-09-13 23:00:00,-8.83934,-4.4280243,80.25,13.0
2025-09-14 00:00:00,-9.232574,-4.3792725,80.25,13.0
2025-09-14 01:00:00,-9.451691,-3.5340881,80.25,13.0
2025-09-14 02:00:00,-9.436798,-2.695984,80.25,13.0
2025-09-14 03:00:00,-9.284683,-1.9073639,80.25,13.0
2025-09-14 04:00:00,-9.33548,-1.5844727,80.25,13.0
2025-09-14 05:00:00,-9.565292,-1.2934113,80.25,13.0
2025-09-14 06:00:00,-9.894287,-1.0287323,80.25,13.0
2025-09-14 07:00:00,-10.062988,-0.650589,80.25,13.0
2025-09-14 08:00:00,-9.976944,-0.14439392,80.25,13.0
2025-09-14 09:00:00,-9.662827,0.44299316,80.25,13.0
2025-09-14 10:00:00,-8.945084,-0.22138977,80.25,13.0
2025-09-14 11:00:00,-9.023056,-0.14761353,80.25,13.0
2025-09-14 12:00:00,-9.21933,0.5463257,80.25,13.0
2025-09-14 13:00:00,-8.723145,1.0390167,80.25,13.0
2025-09-14 14:00:00,-8.169601,1.1212463,80.25,13.0
2025-09-14 15:00:00,-8.010712,0.93608093,80.25,13.0
2025-09-14 16:00:00,-7.9858856,1.0080414,80.25,13.0
2025-09-14 17:00:00,-7.6068115,1.3896942,80.25,13.0
2025-09-14 18:00:00,-7.0294037,1.6712341,80.25,13.0
2025-09-14 19:00:00,-6.306259,1.9516754,80.25,13.0
2025-09-14 20:00:00,-5.246353,2.0345612,80.25,13.0
2025-09-14 21:00:00,-3.8946533,1.9201202,80.25,13.0
2025-09-14 22:00:00,-2.482544,0.79992676,80.25,13.0
2025-09-14 23:00:00,-1.6999054,-0.17601013,80.25,13.0
2025-09-15 00:00:00,-2.221405,-1.2153778,80.25,13.0
2025-09-15 01:00:00,-3.297821,-1.3620148,80.25,13.0
2025-09-15 02:00:00,-3.9705963,-1.098999,80.25,13.0
2025-09-15 03:00:00,-4.2420654,-1.090744,80.25,13.0
2025-09-15 04:00:00,-4.485443,-1.4728546,80.25,13.0
2025-09-15 05:00:00,-4.927231,-2.0997162,80.25,13.0
2025-09-15 06:00:00,-5.4938965,-2.5417938,80.25,13.0
2025-09-15 07:00:00,-5.8365784,-2.8376923,80.25,13.0
2025-09-15 08:00:00,-5.984329,-3.5057678,80.25,13.0
2025-09-15 09:00:00,-6.080841,-4.3022766,80.25,13.0
2025-09-15 10:00:00,-6.875931,-4.5824738,80.25,13.0
2025-09-15 11:00:00,-6.5043945,-5.0160522,80.25,13.0
2025-09-15 12:00:00,-6.1357117,-5.831238,80.25,13.0
2025-09-15 13:00:00,-5.823517,-6.535919,80.25,13.0
2025-09-15 14:00:00,-5.4111023,-7.1662292,80.25,13.0
2025-09-15 15:00:00,-5.022293,-7.2938538,80.25,13.0
2025-09-15 16:00:00,-4.4553375,-7.0338745,80.25,13.0
2025-09-15 17:00:00,-3.4998627,-6.8749084,80.25,13.0
2025-09-15 18:00:00,-2.7503662,-7.0025635,80.25,13.0
2025-09-15 19:00:00,-2.0637817,-7.06015,80.25,13.0
2025-09-15 20:00:00,-1.7054901,-6.8098755,80.25,13.0
2025-09-15 21:00:00,-1.4832916,-6.3183594,80.25,13.0
2025-09-15 22:00:00,-0.86457825,-6.087326,80.25,13.0
2025-09-15 23:00:00,-1.3803253,-5.8437347,80.25,13.0
2025-09-16 00:00:00,-2.1854706,-5.334549,80.25,13.0
2025-09-16 01:00:00,-2.8126526,-4.9396667,80.25,13.0
2025-09-16 02:00:00,-3.5765228,-4.9885406,80.25,13.0
2025-09-16 03:00:00,-4.387436,-5.201294,80.25,13.0
2025-09-16 04:00:00,-5.3661346,-5.49115,80.25,13.0
2025-09-16 05:00:00,-6.4860992,-5.327667,80.25,13.0
2025-09-16 06:00:00,-7.4508057,-5.195343,80.25,13.0
2025-09-16 07:00:00,-8.111847,-4.8726044,80.25,13.0
2025-09-16 08:00:00,-8.571808,-4.6365356,80.25,13.0
2025-09-16 09:00:00,-8.767944,-4.5254517,80.25,13.0
2025-09-16 10:00:00,-8.996216,-5.6752777,80.25,13.0
2025-09-16 11:00:00,-9.338135,-5.2828674,80.25,13.0
2025-09-16 12:00:00,-9.323074,-4.396637,80.25,13.0
2025-09-16 13:00:00,-9.165161,-3.5971375,80.25,13.0
2025-09-16 14:00:00,-8.683945,-2.975525,80.25,13.0
2025-09-16 15:00:00,-8.513428,-2.8441315,80.25,13.0
2025-09-16 16:00:00,-8.353806,-2.9137573,80.25,13.0
2025-09-16 17:00:00,-8.183456,-3.2220612,80.25,13.0
2025-09-16 18:00:00,-8.056717,-3.6929626,80.25,13.0
2025-09-16 19:00:00,-7.697403,-4.0654755,80.25,13.0
2025-09-16 20:00:00,-7.495285,-4.4481506,80.25,13.0
2025-09-16 21:00:00,-6.8598633,-4.6661377,80.25,13.0
2025-09-16 22:00:00,-5.918335,-5.275009,80.25,13.0
2025-09-16 23:00:00,-5.3352356,-5.3439484,80.25,13.0
2025-09-17 00:00:00,-4.5201416,-4.945877,80.25,13.0
2025-09-17 01:00:00,-3.593811,-4.7786713,80.25,13.0
2025-09-17 02:00:00,-2.4960785,-4.8118744,80.25,13.0
2025-09-17 03:00:00,-1.5877228,-5.0448303,80.25,13.0
2025-09-17 04:00:00,-0.93782043,-5.201599,80.25,13.0
2025-09-17 05:00:00,-0.59469604,-5.19162,80.25,13.0
2025-09-17 06:00:00,-0.433136,-4.82843,80.25,13.0
2025-09-17 07:00:00,-0.12719727,-4.5100555,80.25,13.0
2025-09-17 08:00:00,0.16622925,-4.1852417,80.25,13.0
2025-09-17 09:00:00,0.6018524,-4.240677,80.25,13.0
2025-09-17 10:00:00,0.6906433,-4.3741302,80.25,13.0
2025-09-17 11:00:00,0.52645874,-4.3934784,80.25,13.0
2025-09-17 12:00:00,0.49734497,-4.5799103,80.25,13.0
2025-09-17 13:00:00,0.43899536,-4.8466797,80.25,13.0
2025-09-17 14:00:00,0.29748535,-5.0385437,80.25,13.0
2025-09-17 15:00:00,0.19165039,-5.0077972,80.25,13.0
2025-09-17 16:00:00,0.07232666,-4.8287964,80.25,13.0
2025-09-17 17:00:00,0.13552856,-4.9544373,80.25,13.0
2025-09-17 18:00:00,-0.07846069,-5.06839,80.25,13.0
2025-09-17 19:00:00,-0.2897644,-5.228012,80.25,13.0
2025-09-17 20:00:00,-0.55410767,-5.446228,80.25,13.0
2025-09-17 21:00:00,-0.9577484,-5.4095,80.25,13.0
2025-09-17 22:00:00,-1.4817047,-5.1920166,80.25,13.0
2025-09-17 23:00:00,-1.769455,-4.9358215,80.25,13.0
2025-09-18 00:00:00,-2.0616608,-4.7696075,80.25,13.0
2025-09-18 01:00:00,-2.2443542,-4.7059326,80.25,13.0
2025-09-18 02:00:00,-2.4012604,-4.549164,80.25,13.0
2025-09-18 03:00:00,-2.54805,-4.5156097,80.25,13.0
2025-09-18 04:00:00,-2.5914001,-4.448517,80.25,13.0
2025-09-18 05:00:00,-2.5316162,-4.599716,80.25,13.0
2025-09-18 06:00:00,-2.6232758,-4.348236,80.25,13.0
2025-09-18 07:00:00,-2.4850464,-3.943161,80.25,13.0
2025-09-18 08:00:00,-2.342331,-3.6211395,80.25,13.0
2025-09-18 09:00:00,-2.110077,-3.449646,80.25,13.0
2025-09-18 10:00:00,-1.5400696,-3.7677155,80.25,13.0
2025-09-18 11:00:00,-1.6466217,-3.3546753,80.25,13.0
2025-09-18 12:00:00,-1.3303375,-2.5098114,80.25,13.0
2025-09-18 13:00:00,-0.7891388,-1.6117706,80.25,13.0
2025-09-18 14:00:00,-0.05709839,-1.0018005,80.25,13.0
2025-09-18 15:00:00,0.8026123,-0.7682648,80.25,13.0
2025-09-18 16:00:00,1.686676,-0.84169006,80.25,13.0
2025-09-18 17:00:00,2.6829987,-1.2010956,80.25,13.0
2025-09-18 18:00:00,3.458969,-2.0306244,80.25,13.0
2025-09-18 19:00:00,4.0295715,-2.6799316,80.25,13.0
2025-09-18 20:00:00,4.3313293,-3.2059479,80.25,13.0
2025-09-18 21:00:00,4.3270874,-4.242447,80.25,13.0
2025-09-18 22:00:00,3.9397888,-5.5137024,80.25,13.0
2025-09-18 23:00:00,2.4548035,-6.7241364,80.25,13.0
2025-09-19 00:00:00,1.0157471,-7.3585663,80.25,13.0
2025-09-19 01:00:00,0.2783203,-7.5123596,80.25,13.0
2025-09-19 02:00:00,-0.06124878,-7.499878,80.25,13.0
2025-09-19 03:00:00,-0.2265625,-7.5347137,80.25,13.0
2025-09-19 04:00:00,-0.24238586,-7.6219788,80.25,13.0
2025-09-19 05:00:00,-0.23622131,-7.5395813,80.25,13.0
2025-09-19 06:00:00,-0.25946045,-7.2669067,80.25,13.0
2025-09-19 07:00:00,-0.17347717,-7.0949707,80.25,13.0
2025-09-19 08:00:00,-0.18696594,-7.0281067,80.25,13.0
2025-09-19 09:00:00,-0.30184937,-7.1497803,80.25,13.0
2025-09-19 10:00:00,-0.81147766,-6.9180603,80.25,13.0
2025-09-19 11:00:00,-0.44952393,-7.07753,80.25,13.0
2025-09-19 12:00:00,-0.3310547,-6.9850006,80.25,13.0
2025-09-19 13:00:00,-0.30567932,-6.6457825,80.25,13.0
2025-09-19 14:00:00,-0.07235718,-6.2503204,80.25,13.0
2025-09-19 15:00:00,0.49067688,-6.0672607,80.25,13.0
2025-09-19 16:00:00,1.1655884,-6.183731,80.25,13.0
2025-09-19 17:00:00,1.9375305,-6.243683,80.25,13.0
2025-09-19 18:00:00,2.4581604,-6.4143066,80.25,13.0
2025-09-19 19:00:00,3.2341309,-6.4033966,80.25,13.0
2025-09-19 20:00:00,4.169983,-6.2966614,80.25,13.0
2025-09-19 21:00:00,5.38826,-6.13855,80.25,13.0
2025-09-19 22:00:00,6.542511,-6.373993,80.25,13.0
2025-09-19 23:00:00,7.4345856,-6.2708435,80.25,13.0
2025-09-20 00:00:00,7.56398,-6.408951,80.25,13.0
2025-09-20 01:00:00,6.9351044,-7.227844,80.25,13.0
2025-09-20 02:00:00,5.4385986,-8.171509,80.25,13.0
2025-09-20 03:00:00,3.9940643,-8.340485,80.25,13.0
2025-09-20 04:00:00,2.4717407,-8.460388,80.25,13.0
2025-09-20 05:00:00,1.157898,-8.635361,80.25,13.0
2025-09-20 06:00:00,-0.00831604,-8.699158,80.25,13.0
2025-09-20 07:00:00,-0.29034424,-8.647369,80.25,13.0
2025-09-20 08:00:00,0.021469116,-8.76355,80.25,13.0
2025-09-20 09:00:00,0.36801147,-8.941086,80.25,13.0
2025-09-20 10:00:00,-0.16825867,-8.312698,80.25,13.0
2025-09-20 11:00:00,-0.276886,-8.445816,80.25,13.0
2025-09-20 12:00:00,-0.58828735,-8.47493,80.25,13.0
2025-09-20 13:00:00,-0.93307495,-8.384857,80.25,13.0
2025-09-20 14:00:00,-0.88604736,-8.271194,80.25,13.0
2025-09-20 15:00:00,-0.641037,-8.470108,80.25,13.0
2025-09-20 16:00:00,-0.43818665,-8.847412,80.25,13.0
2025-09-20 17:00:00,-0.47653198,-9.06543,80.25,13.0
2025-09-20 18:00:00,-0.95428467,-9.419037,80.25,13.0
2025-09-20 19:00:00,-1.4610443,-9.595413,80.25,13.0
2025-09-20 20:00:00,-1.7380371,-10.054962,80.25,13.0
2025-09-20 21:00:00,-2.544098,-10.278412,80.25,13.0
2025-09-20 22:00:00,-4.4993286,-9.906479,80.25,13.0
2025-09-20 23:00:00,-5.7639923,-9.880127,80.25,13.0
2025-09-21 00:00:00,-6.6259003,-10.334686,80.25,13.0
2025-09-21 01:00:00,-6.527176,-10.883591,80.25,13.0
2025-09-21 02:00:00,-5.934082,-11.302963,80.25,13.0
2025-09-21 03:00:00,-5.5570984,-11.796387,80.25,13.0
2025-09-21 04:00:00,-5.3102875,-12.08876,80.25,13.0
2025-09-21 05:00:00,-5.341446,-11.808868,80.25,13.0
2025-09-21 06:00:00,-5.377762,-11.106812,80.25,13.0
2025-09-21 07:00:00,-5.4922943,-9.716705,80.25,13.0
2025-09-21 08:00:00,-6.1773376,-7.3617706,80.25,13.0
2025-09-21 09:00:00,-7.499069,-4.4865265,80.25,13.0
2025-09-21 10:00:00,-7.2989807,-2.0638123,80.25,13.0
2025-09-21 11:00:00,-7.922867,-1.8697357,80.25,13.0
2025-09-21 12:00:00,-8.17952,-2.131836,80.25,13.0
2025-09-21 13:00:00,-8.248718,-2.141327,80.25,13.0
2025-09-21 14:00:00,-7.428726,-2.8172913,80.25,13.0
2025-09-21 15:00:00,-8.641434,-3.6373749,80.25,13.0
2025-09-21 16:00:00,-10.634201,-4.8419952,80.25,13.0
2025-09-21 17:00:00,-10.335342,-6.3069916,80.25,13.0
2025-09-21 18:00:00,-9.718964,-7.28743,80.25,13.0
2025-09-21 19:00:00,-9.068588,-7.335434,80.25,13.0
2025-09-21 20:00:00,-8.714951,-7.988571,80.25,13.0
2025-09-21 21:00:00,-8.707489,-9.381439,80.25,13.0
2025-09-21 22:00:00,-8.147369,-10.279816,80.25,13.0
2025-09-21 23:00:00,-6.797516,-12.071045,80.25,13.0
2025-09-22 00:00:00,-5.167053,-12.928329,80.25,13.0
2025-09-22 01:00:00,-4.7499695,-13.250931,80.25,13.0
2025-09-22 02:00:00,-4.184189,-13.403824,80.25,13.0
2025-09-22 03:00:00,-4.2445374,-13.582031,80.25,13.0
2025-09-22 04:00:00,-4.169937,-13.655289,80.25,13.0
2025-09-22 05:00:00,-4.2157593,-13.670731,80.25,13.0
2025-09-22 06:00:00,-4.5405884,-12.906937,80.25,13.0
2025-09-22 07:00:00,-4.420288,-11.68866,80.25,13.0
2025-09-22 08:00:00,-4.563492,-10.296768,80.25,13.0
2025-09-22 09:00:00,-5.1227875,-7.678009,80.25,13.0
2025-09-22 10:00:00,-5.8974304,-2.7243958,80.25,13.0
2025-09-22 11:00:00,-5.027405,0.2852173,80.25,13.0
2025-09-22 12:00:00,-4.6702576,1.6321869,80.25,13.0
2025-09-22 13:00:00,-5.5078278,2.4871368,80.25,13.0
2025-09-22 14:00:00,-5.9637604,3.5547333,80.25,13.0
2025-09-22 15:00:00,-5.666977,4.243393,80.25,13.0
2025-09-22 16:00:00,-4.814087,4.609131,80.25,13.0
2025-09-22 17:00:00,-3.9683075,4.926895,80.25,13.0
2025-09-22 18:00:00,-3.012848,5.016876,80.25,13.0
2025-09-22 19:00:00,-2.2576141,5.0214844,80.25,13.0
2025-09-22 20:00:00,-1.9418335,4.867737,80.25,13.0
2025-09-22 21:00:00,-1.734909,4.5989075,80.25,13.0
2025-09-22 22:00:00,-0.9259949,4.790634,80.25,13.0
2025-09-22 23:00:00,-1.0508118,4.209793,80.25,13.0
2025-09-23 00:00:00,-1.4932251,3.92305,80.25,13.0
2025-09-23 01:00:00,-1.5909119,3.7312622,80.25,13.0
2025-09-23 02:00:00,-1.6687927,3.5307312,80.25,13.0
2025-09-23 03:00:00,-1.7074127,3.510727,80.25,13.0
2025-09-23 04:00:00,-1.6066742,3.4940186,80.25,13.0
2025-09-23 05:00:00,-1.3554535,3.0976105,80.25,13.0
2025-09-23 06:00:00,-1.259903,2.7206573,80.25,13.0
2025-09-23 07:00:00,-1.0897369,2.356308,80.25,13.0
2025-09-23 08:00:00,-1.0167999,2.229538,80.25,13.0
2025-09-23 09:00:00,-1.071106,2.5427551,80.25,13.0
2025-09-23 10:00:00,-0.21870422,1.9565582,80.25,13.0
2025-09-23 11:00:00,0.20220947,2.1292267,80.25,13.0
2025-09-23 12:00:00,-0.006515503,1.9374542,80.25,13.0
2025-09-23 13:00:00,-0.17793274,2.4732056,80.25,13.0
2025-09-23 14:00:00,0.36824036,3.140976,80.25,13.0
2025-09-23 15:00:00,1.2024536,3.3461761,80.25,13.0
2025-09-23 16:00:00,1.791336,3.4160767,80.25,13.0
2025-09-23 17:00:00,2.33313,3.75708,80.25,13.0
2025-09-23 18:00:00,2.6622925,4.30748,80.25,13.0
2025-09-23 19:00:00,2.8154907,4.8722534,80.25,13.0
2025-09-23 20:00:00,2.735199,5.435272,80.25,13.0
2025-09-23 21:00:00,2.8492737,5.8648834,80.25,13.0
2025-09-23 22:00:00,3.2724152,5.823517,80.25,13.0
2025-09-23 23:00:00,3.858963,5.6325226,80.25,13.0
2025-09-24 00:00:00,4.3634033,5.2714844,80.25,13.0
2025-09-24 01:00:00,4.914093,4.9741974,80.25,13.0
2025-09-24 02:00:00,5.2911835,4.714081,80.25,13.0
2025-09-24 03:00:00,5.3898315,4.4001007,80.25,13.0
2025-09-24 04:00:00,5.1769714,4.3109894,80.25,13.0
2025-09-24 05:00:00,5.022049,4.456024,80.25,13.0
2025-09-24 06:00:00,4.933319,4.8951263,80.25,13.0
2025-09-24 07:00:00,5.160446,4.8382874,80.25,13.0
2025-09-24 08:00:00,5.291107,4.5430145,80.25,13.0
2025-09-24 09:00:00,5.6309357,3.7476654,80.25,13.0
2025-09-24 10:00:00,5.935318,2.8656921,80.25,13.0
2025-09-24 11:00:00,5.400696,2.105606,80.25,13.0
2025-09-24 12:00:00,4.708435,1.7432861,80.25,13.0
2025-09-24 13:00:00,3.6979218,1.2650299,80.25,13.0
2025-09-24 14:00:00,2.9203491,1.080719,80.25,13.0
2025-09-24 15:00:00,2.329834,0.8192444,80.25,13.0
2025-09-24 16:00:00,1.796051,0.5405121,80.25,13.0
2025-09-24 17:00:00,1.3257599,0.36116028,80.25,13.0
2025-09-24 18:00:00,0.576828,-0.21136475,80.25,13.0
2025-09-24 19:00:00,-0.18435669,-0.5721741,80.25,13.0
2025-09-24 20:00:00,-1.3549194,-0.5768738,80.25,13.0
2025-09-24 21:00:00,-1.9978027,-0.19699097,80.25,13.0
2025-09-24 22:00:00,-1.0150452,-0.11853027,80.25,13.0
2025-09-24 23:00:00,-0.5136261,0.013061523,80.25,13.0
2025-09-25 00:00:00,0.035461426,-0.10006714,80.25,13.0
2025-09-25 01:00:00,0.46939087,-0.075164795,80.25,13.0
2025-09-25 02:00:00,0.8232269,-0.09197998,80.25,13.0
2025-09-25 03:00:00,1.0611267,-0.22444153,80.25,13.0
2025-09-25 04:00:00,1.0132904,0.009918213,80.25,13.0
2025-09-25 05:00:00,1.2724609,0.5984802,80.25,13.0
2025-09-25 06:00:00,1.3865509,1.4185638,80.25,13.0
2025-09-25 07:00:00,1.756897,2.239029,80.25,13.0
2025-09-25 08:00:00,1.8633575,2.8065186,80.25,13.0
2025-09-25 09:00:00,1.9462128,3.164688,80.25,13.0
2025-09-25 10:00:00,1.9081268,2.6740417,80.25,13.0
2025-09-25 11:00:00,1.6420593,3.2460327,80.25,13.0
2025-09-25 12:00:00,0.8820343,3.9728088,80.25,13.0
2025-09-25 13:00:00,0.20375061,4.976181,80.25,13.0
2025-09-25 14:00:00,-0.21786499,5.8587494,80.25,13.0
2025-09-25 15:00:00,-1.1975098,6.5215454,80.25,13.0
2025-09-25 16:00:00,-2.004898,6.9268646,80.25,13.0
2025-09-25 17:00:00,-2.9510956,7.306595,80.25,13.0
2025-09-25 18:00:00,-3.609314,7.853714,80.25,13.0
2025-09-25 19:00:00,-3.5032043,8.3564,80.25,13.0
2025-09-25 20:00:00,-2.6652222,8.518738,80.25,13.0
2025-09-25 21:00:00,-1.8463898,8.470581,80.25,13.0
2025-09-25 22:00:00,-0.59754944,8.603683,80.25,13.0
2025-09-25 23:00:00,-0.0056915283,8.217361,80.25,13.0
2025-09-26 00:00:00,0.58638,7.7487335,80.25,13.0
2025-09-26 01:00:00,1.6100464,7.3389587,80.25,13.0
2025-09-26 02:00:00,2.3805847,6.5726013,80.25,13.0
2025-09-26 03:00:00,3.3175354,5.902069,80.25,13.0
2025-09-26 04:00:00,4.8746185,5.4383698,80.25,13.0
2025-09-26 05:00:00,6.1266937,5.1371307,80.25,13.0
2025-09-26 06:00:00,6.9747314,4.6315002,80.25,13.0
2025-09-26 07:00:00,7.589737,4.3746185,80.25,13.0
2025-09-26 08:00:00,7.893112,4.3531036,80.25,13.0
2025-09-26 09:00:00,7.929352,4.149414,80.25,13.0
2025-09-26 10:00:00,7.7279205,4.3796844,80.25,13.0
2025-09-26 11:00:00,7.389099,4.5890503,80.25,13.0
2025-09-26 12:00:00,7.8698273,5.3244324,80.25,13.0
2025-09-26 13:00:00,7.504364,4.769165,80.25,13.0
2025-09-26 14:00:00,8.269104,5.3784027,80.25,13.0
2025-09-26 15:00:00,8.64444,5.7751617,80.25,13.0
2025-09-26 16:00:00,8.392319,6.054657,80.25,13.0
2025-09-26 17:00:00,8.159012,6.2481995,80.25,13.0
2025-09-26 18:00:00,7.868866,6.6244965,80.25,13.0
2025-09-26 19:00:00,7.705368,6.966797,80.25,13.0
2025-09-26 20:00:00,6.696594,6.8010254,80.25,13.0
2025-09-26 21:00:00,5.4999695,6.865036,80.25,13.0
2025-09-26 22:00:00,3.8640594,6.117737,80.25,13.0
2025-09-26 23:00:00,2.109314,5.6115723,80.25,13.0
2025-09-27 00:00:00,0.7298889,5.3678894,80.25,13.0
2025-09-27 01:00:00,-1.6928558,4.555908,80.25,13.0
2025-09-27 02:00:00,-4.174942,3.9763641,80.25,13.0
2025-09-27 03:00:00,-5.346649,3.3516388,80.25,13.0
2025-09-27 04:00:00,-5.908066,3.0017548,80.25,13.0
2025-09-27 05:00:00,-6.6878357,2.7818146,80.25,13.0
2025-09-27 06:00:00,-7.666443,2.846939,80.25,13.0
2025-09-27 07:00:00,-7.7224426,3.660553,80.25,13.0
2025-09-27 08:00:00,-7.7727966,3.8927612,80.25,13.0
2025-09-27 09:00:00,-7.327072,4.7874756,80.25,13.0
2025-09-27 10:00:00,-5.278473,6.258789,80.25,13.0
2025-09-27 11:00:00,-0.45739746,7.862854,80.25,13.0
2025-09-27 12:00:00,2.4226074,7.595627,80.25,13.0
2025-09-27 13:00:00,2.5402832,7.2657776,80.25,13.0
2025-09-27 14:00:00,3.0627441,7.6341553,80.25,13.0
2025-09-27 15:00:00,4.12854,8.155731,80.25,13.0
2025-09-27 16:00:00,4.8187866,8.637527,80.25,13.0
2025-09-27 17:00:00,5.3505096,9.111633,80.25,13.0
2025-09-27 18:00:00,5.8453217,9.628342,80.25,13.0
2025-09-27 19:00:00,6.7754364,10.093903,80.25,13.0
2025-09-27 20:00:00,8.046417,10.307831,80.25,13.0
2025-09-27 21:00:00,9.623276,10.160065,80.25,13.0
2025-09-27 22:00:00,11.696945,7.9276123,80.25,13.0
2025-09-27 23:00:00,13.380035,4.426773,80.25,13.0
2025-09-28 00:00:00,13.870911,1.3610687,80.25,13.0
2025-09-28 01:00:00,13.460007,-0.34407043,80.25,13.0
2025-09-28 02:00:00,12.862961,-0.023071289,80.25,13.0
2025-09-28 03:00:00,12.802124,0.09364319,80.25,13.0
2025-09-28 04:00:00,12.431046,0.024093628,80.25,13.0
2025-09-28 05:00:00,11.784988,-0.52497864,80.25,13.0
2025-09-28 06:00:00,11.26239,-0.89505005,80.25,13.0
2025-09-28 07:00:00,10.971664,-1.519165,80.25,13.0
2025-09-28 08:00:00,10.483505,-2.2669983,80.25,13.0
2025-09-28 09:00:00,9.779678,-2.9311218,80.25,13.0
2025-09-28 10:00:00,9.280594,-2.632965,80.25,13.0
2025-09-28 11:00:00,9.272369,-2.6055298,80.25,13.0
2025-09-28 12:00:00,9.106934,-2.6661224,80.25,13.0
2025-09-28 13:00:00,8.665268,-3.0032654,80.25,13.0
2025-09-28 14:00:00,8.153854,-3.5765991,80.25,13.0
2025-09-28 15:00:00,7.4866943,-3.8453064,80.25,13.0
2025-09-28 16:00:00,6.9924164,-3.8218994,80.25,13.0
2025-09-28 17:00:00,6.535446,-3.6793976,80.25,13.0
2025-09-28 18:00:00,6.1137085,-3.6745453,80.25,13.0
2025-09-28 19:00:00,5.776184,-3.7507172,80.25,13.0
2025-09-28 20:00:00,5.1304474,-3.997589,80.25,13.0
2025-09-28 21:00:00,4.3547516,-3.9226074,80.25,13.0
2025-09-28 22:00:00,3.916977,-3.6809998,80.25,13.0
2025-09-28 23:00:00,3.0189056,-3.5145416,80.25,13.0
2025-09-29 00:00:00,2.3472595,-3.0499878,80.25,13.0
2025-09-29 01:00:00,1.9316406,-2.7068176,80.25,13.0
2025-09-29 02:00:00,1.2385101,-2.9135284,80.25,13.0
2025-09-29 03:00:00,0.3915863,-3.227188,80.25,13.0
2025-09-29 04:00:00,-0.48194885,-3.1825562,80.25,13.0
2025-09-29 05:00:00,-1.292572,-3.0242767,80.25,13.0
2025-09-29 06:00:00,-2.0204315,-2.6468353,80.25,13.0
2025-09-29 07:00:00,-2.5358887,-2.554596,80.25,13.0
2025-09-29 08:00:00,-2.9524689,-2.7610626,80.25,13.0
2025-09-29 09:00:00,-3.2019806,-3.2046661,80.25,13.0
2025-09-29 10:00:00,-3.527008,-2.9852905,80.25,13.0
2025-09-29 11:00:00,-3.6004944,-2.902237,80.25,13.0
2025-09-29 12:00:00,-4.182373,-2.8360443,80.25,13.0
2025-09-29 13:00:00,-4.3931427,-2.2968445,80.25,13.0
2025-09-29 14:00:00,-4.276352,-2.0395813,80.25,13.0
2025-09-29 15:00:00,-4.6795197,-2.28273,80.25,13.0
2025-09-29 16:00:00,-4.6757965,-2.37648,80.25,13.0
2025-09-29 17:00:00,-4.553131,-2.6735382,80.25,13.0
2025-09-29 18:00:00,-4.6987762,-3.39711,80.25,13.0
2025-09-29 19:00:00,-4.736725,-4.2714233,80.25,13.0
2025-09-29 20:00:00,-4.891464,-5.081665,80.25,13.0
2025-09-29 21:00:00,-5.0592194,-5.2069244,80.25,13.0
2025-09-29 22:00:00,-4.77919,-5.3337708,80.25,13.0
2025-09-29 23:00:00,-4.790283,-5.3636017,80.25,13.0
2025-09-30 00:00:00,-4.67572,-5.253006,80.25,13.0
2025-09-30 01:00:00,-4.6312256,-5.2016907,80.25,13.0
2025-09-30 02:00:00,-4.3210297,-5.2700195,80.25,13.0
2025-09-30 03:00:00,-3.8983002,-5.5797577,80.25,13.0
2025-09-30 04:00:00,-3.6117249,-5.972,80.25,13.0
2025-09-30 05:00:00,-3.3542023,-6.2196503,80.25,13.0
2025-09-30 06:00:00,-3.005005,-6.427292,80.25,13.0
2025-09-30 07:00:00,-2.74086,-6.238266,80.25,13.0
2025-09-30 08:00:00,-2.287033,-6.13266,80.25,13.0
2025-09-30 09:00:00,-1.9151611,-6.0671997,80.25,13.0
2025-09-30 10:00:00,-1.8361511,-6.3456116,80.25,13.0
2025-09-30 11:00:00,-1.5261078,-5.9499817,80.25,13.0
2025-09-30 12:00:00,-1.2676392,-5.5085907,80.25,13.0
2025-09-30 13:00:00,-0.8530121,-5.0309296,80.25,13.0
2025-09-30 14:00:00,-0.4930725,-4.908066,80.25,13.0
2025-09-30 15:00:00,-0.33854675,-4.9984436,80.25,13.0
2025-09-30 16:00:00,-0.35307312,-5.141342,80.25,13.0
2025-09-30 17:00:00,-0.589447,-5.015625,80.25,13.0
2025-09-30 18:00:00,-1.4002075,-4.8753815,80.25,13.0
2025-09-30 19:00:00,-2.519455,-4.320862,80.25,13.0
2025-09-30 20:00:00,-3.350891,-3.5695953,80.25,13.0
2025-09-30 21:00:00,-4.0525665,-2.9339752,80.25,13.0
2025-09-30 22:00:00,-4.7591248,-2.4559479,80.25,13.0
2025-09-30 23:00:00,-5.6291656,-2.0322418,80.25,13.0
2025-10-01 00:00:00,-6.6315002,-1.9132996,80.25,13.0
2025-10-01 01:00:00,-7.387558,-1.4959869,80.25,13.0
2025-10-01 02:00:00,-8.020538,-1.3078461,80.25,13.0
2025-10-01 03:00:00,-8.887512,-1.202713,80.25,13.0
2025-10-01 04:00:00,-9.689285,-0.7469635,80.25,13.0
2025-10-01 05:00:00,-10.198044,-0.1394043,80.25,13.0
2025-10-01 06:00:00,-10.813446,0.08532715,80.25,13.0
2025-10-01 07:00:00,-11.277252,0.417099,80.25,13.0
2025-10-01 08:00:00,-11.5383,0.47546387,80.25,13.0
2025-10-01 09:00:00,-12.0217285,0.34042358,80.25,13.0
2025-10-01 10:00:00,-12.67923,-1.3214111,80.25,13.0
2025-10-01 11:00:00,-13.111694,-0.12809753,80.25,13.0
2025-10-01 12:00:00,-12.985062,0.7584839,80.25,13.0
2025-10-01 13:00:00,-12.603149,1.2910767,80.25,13.0
2025-10-01 14:00:00,-12.59198,1.3339539,80.25,13.0
2025-10-01 15:00:00,-12.344254,1.405899,80.25,13.0
2025-10-01 16:00:00,-11.621368,1.5446472,80.25,13.0
2025-10-01 17:00:00,-10.414917,1.9151459,80.25,13.0
2025-10-01 18:00:00,-8.911224,2.7787476,80.25,13.0
2025-10-01 19:00:00,-7.3438873,3.274231,80.25,13.0
2025-10-01 20:00:00,-6.202133,3.3449707,80.25,13.0
2025-10-01 21:00:00,-5.2435913,3.3490906,80.25,13.0
2025-10-01 22:00:00,-4.4753876,2.9675598,80.25,13.0
2025-10-01 23:00:00,-3.9042206,3.0936584,80.25,13.0
2025-10-02 00:00:00,-4.052704,2.574585,80.25,13.0
2025-10-02 01:00:00,-4.5548553,2.2055664,80.25,13.0
2025-10-02 02:00:00,-4.830719,2.3540344,80.25,13.0
2025-10-02 03:00:00,-5.459564,2.595169,80.25,13.0
2025-10-02 04:00:00,-5.766144,2.642273,80.25,13.0
2025-10-02 05:00:00,-6.298126,2.7568054,80.25,13.0
2025-10-02 06:00:00,-7.511963,2.7147217,80.25,13.0
2025-10-02 07:00:00,-8.073212,3.3321533,80.25,13.0
2025-10-02 08:00:00,-7.656769,3.8581543,80.25,13.0
2025-10-02 09:00:00,-7.456024,4.245224,80.25,13.0
2025-10-02 10:00:00,-7.1684113,3.4908905,80.25,13.0
2025-10-02 11:00:00,-7.395523,4.368927,80.25,13.0
2025-10-02 12:00:00,-7.7455597,5.532181,80.25,13.0
2025-10-02 13:00:00,-7.4756927,6.683899,80.25,13.0
2025-10-02 14:00:00,-6.224106,7.1696777,80.25,13.0
2025-10-02 15:00:00,-4.3892517,7.2867584,80.25,13.0
2025-10-02 16:00:00,-2.875122,6.9475555,80.25,13.0
2025-10-02 17:00:00,-2.4214478,6.0432434,80.25,13.0
2025-10-02 18:00:00,-2.559967,5.7830048,80.25,13.0
2025-10-02 19:00:00,-2.8475647,5.5247498,80.25,13.0
2025-10-02 20:00:00,-3.5759888,4.939209,80.25,13.0
2025-10-02 21:00:00,-4.4049377,4.84079,80.25,13.0
2025-10-02 22:00:00,-4.9503784,4.784439,80.25,13.0
2025-10-02 23:00:00,-4.7674103,5.592407,80.25,13.0
2025-10-03 00:00:00,-4.407089,6.283951,80.25,13.0
2025-10-03 01:00:00,-4.1281433,6.53183,80.25,13.0
2025-10-03 02:00:00,-4.2906494,6.769043,80.25,13.0
2025-10-03 03:00:00,-4.4540863,6.9371643,80.25,13.0
2025-10-03 04:00:00,-4.336548,6.838196,80.25,13.0
2025-10-03 05:00:00,-4.2659454,6.5798645,80.25,13.0
2025-10-03 06:00:00,-3.9149628,6.447006,80.25,13.0
2025-10-03 07:00:00,-2.9659576,6.2330933,80.25,13.0
2025-10-03 08:00:00,-1.6747131,5.6311035,80.25,13.0
2025-10-03 09:00:00,-0.5352173,5.369049,80.25,13.0
2025-10-03 10:00:00,1.2846985,4.66037,80.25,13.0
2025-10-03 11:00:00,2.0529327,5.512375,80.25,13.0
2025-10-03 12:00:00,4.226654,6.261734,80.25,13.0
2025-10-03 13:00:00,8.3229065,6.6869965,80.25,13.0
2025-10-03 14:00:00,9.003372,7.486328,80.25,13.0
2025-10-03 15:00:00,8.200546,8.996231,80.25,13.0
2025-10-03 16:00:00,8.427902,9.708832,80.25,13.0
2025-10-03 17:00:00,9.430283,9.6475525,80.25,13.0
2025-10-03 18:00:00,9.520264,8.872543,80.25,13.0
2025-10-03 19:00:00,10.0043335,8.958832,80.25,13.0
2025-10-03 20:00:00,10.035461,9.265045,80.25,13.0
2025-10-03 21:00:00,9.914215,9.410095,80.25,13.0
2025-10-03 22:00:00,8.297623,9.540329,80.25,13.0
2025-10-03 23:00:00,7.463333,9.646118,80.25,13.0
2025-10-04 00:00:00,7.3894653,9.48111,80.25,13.0
2025-10-04 01:00:00,7.3954773,9.181763,80.25,13.0
2025-10-04 02:00:00,7.078247,9.025253,80.25,13.0
2025-10-04 03:00:00,5.756378,8.388565,80.25,13.0
2025-10-04 04:00:00,5.4251404,8.481247,80.25,13.0
2025-10-04 05:00:00,4.9327393,8.454285,80.25,13.0
2025-10-04 06:00:00,4.213669,8.81398,80.25,13.0
2025-10-04 07:00:00,3.5593567,8.470123,80.25,13.0
2025-10-04 08:00:00,2.9985504,7.638214,80.25,13.0
2025-10-04 09:00:00,2.9876251,7.138977,80.25,13.0
2025-10-04 10:00:00,3.9650726,6.250824,80.25,13.0
2025-10-04 11:00:00,2.7654724,5.2482452,80.25,13.0
2025-10-04 12:00:00,0.053131104,4.2819214,80.25,13.0
2025-10-04 13:00:00,-2.3819885,3.7625427,80.25,13.0
2025-10-04 14:00:00,-3.824234,4.1399994,80.25,13.0
2025-10-04 15:00:00,-4.155655,3.6177368,80.25,13.0
2025-10-04 16:00:00,-4.7477264,2.33638,80.25,13.0
2025-10-04 17:00:00,-5.0435486,1.5571747,80.25,13.0
2025-10-04 18:00:00,-5.035721,1.5211029,80.25,13.0
2025-10-04 19:00:00,-4.2916565,2.0082703,80.25,13.0
2025-10-04 20:00:00,-3.5653076,2.5628357,80.25,13.0
2025-10-04 21:00:00,-2.8546753,3.0504608,80.25,13.0
2025-10-04 22:00:00,-3.2630005,3.058319,80.25,13.0
2025-10-04 23:00:00,-2.3936615,3.742508,80.25,13.0
2025-10-05 00:00:00,-1.6289062,4.2204437,80.25,13.0
2025-10-05 01:00:00,-0.89527893,4.316864,80.25,13.0
2025-10-05 02:00:00,-0.52882385,4.422943,80.25,13.0
2025-10-05 03:00:00,-0.36787415,4.6049805,80.25,13.0
2025-10-05 04:00:00,-0.030151367,4.8624268,80.25,13.0
2025-10-05 05:00:00,0.33399963,5.1488647,80.25,13.0
2025-10-05 06:00:00,0.60401917,5.351227,80.25,13.0
2025-10-05 07:00:00,0.7825012,5.610672,80.25,13.0
2025-10-05 08:00:00,0.94392395,5.928177,80.25,13.0
2025-10-05 09:00:00,1.2419739,5.9819794,80.25,13.0
2025-10-05 10:00:00,1.5699158,5.461548,80.25,13.0
2025-10-05 11:00:00,1.6839752,5.214279,80.25,13.0
2025-10-05 12:00:00,0.9213562,4.661026,80.25,13.0
2025-10-05 13:00:00,-0.1630249,4.0870056,80.25,13.0
2025-10-05 14:00:00,-0.8292084,3.9113312,80.25,13.0
2025-10-05 15:00:00,-0.9339752,4.1228027,80.25,13.0
2025-10-05 16:00:00,-1.1143646,3.5897064,80.25,13.0
2025-10-05 17:00:00,-1.6371155,2.8272858,80.25,13.0
2025-10-05 18:00:00,-2.318985,2.5118408,80.25,13.0
2025-10-05 19:00:00,-3.0065918,2.0360413,80.25,13.0
2025-10-05 20:00:00,-3.5697784,1.8964844,80.25,13.0
2025-10-05 21:00:00,-3.9773254,1.5836182,80.25,13.0
2025-10-05 22:00:00,-3.7875671,0.5233307,80.25,13.0
2025-10-05 23:00:00,-5.012146,0.51600647,80.25,13.0
2025-10-06 00:00:00,-5.7612915,1.102356,80.25,13.0
2025-10-06 01:00:00,-5.918289,1.7393341,80.25,13.0
2025-10-06 02:00:00,-5.908325,2.2150269,80.25,13.0
2025-10-06 03:00:00,-6.084671,2.7924194,80.25,13.0
2025-10-06 04:00:00,-5.85672,3.8302307,80.25,13.0
2025-10-06 05:00:00,-4.9782257,4.598755,80.25,13.0
2025-10-06 06:00:00,-3.8379822,5.047943,80.25,13.0
2025-10-06 07:00:00,-2.2283478,4.945877,80.25,13.0
2025-10-06 08:00:00,-0.8058777,4.228302,80.25,13.0
2025-10-06 09:00:00,-0.3869629,3.219345,80.25,13.0
2025-10-06 10:00:00,0.3012085,1.3578033,80.25,13.0
2025-10-06 11:00:00,-0.9971466,1.4893799,80.25,13.0
2025-10-06 12:00:00,-2.1226044,2.4216003,80.25,13.0
2025-10-06 13:00:00,-2.9530945,2.4311523,80.25,13.0
2025-10-06 14:00:00,-4.088684,2.6414032,80.25,13.0
2025-10-06 15:00:00,-4.458542,2.8462524,80.25,13.0
2025-10-06 16:00:00,-4.4101105,3.4615936,80.25,13.0
2025-10-06 17:00:00,-3.9760132,4.1115265,80.25,13.0
2025-10-06 18:00:00,-3.9276428,4.29657,80.25,13.0
2025-10-06 19:00:00,-3.9758759,4.348297,80.25,13.0
2025-10-06 20:00:00,-4.041321,4.4694214,80.25,13.0
2025-10-06 21:00:00,-4.3252563,4.5921936,80.25,13.0
2025-10-06 22:00:00,-4.534363,4.312454,80.25,13.0
2025-10-06 23:00:00,-5.406906,4.51947,80.25,13.0
2025-10-07 00:00:00,-5.828003,4.6676483,80.25,13.0
2025-10-07 01:00:00,-6.468796,4.6463165,80.25,13.0
2025-10-07 02:00:00,-7.2200317,4.908264,80.25,13.0
2025-10-07 03:00:00,-7.3402405,5.623871,80.25,13.0
2025-10-07 04:00:00,-7.1988525,5.9868927,80.25,13.0
2025-10-07 05:00:00,-7.5564117,5.5856934,80.25,13.0
2025-10-07 06:00:00,-8.33963,5.2170715,80.25,13.0
2025-10-07 07:00:00,-8.665329,5.2831573,80.25,13.0
2025-10-07 08:00:00,-8.299759,5.4934845,80.25,13.0
2025-10-07 09:00:00,-8.145447,5.6786804,80.25,13.0
2025-10-07 10:00:00,-7.7772675,5.220398,80.25,13.0
2025-10-07 11:00:00,-7.9458313,5.524933,80.25,13.0
2025-10-07 12:00:00,-7.954712,5.7381897,80.25,13.0
2025-10-07 13:00:00,-8.6245575,5.7787476,80.25,13.0
2025-10-07 14:00:00,-8.695251,5.8539734,80.25,13.0
2025-10-07 15:00:00,-8.359848,5.3767395,80.25,13.0
2025-10-07 16:00:00,-8.745026,4.8792877,80.25,13.0
2025-10-07 17:00:00,-9.167847,4.9490967,80.25,13.0
2025-10-07 18:00:00,-9.242477,5.0387573,80.25,13.0
2025-10-07 19:00:00,-9.179245,5.15007,80.25,13.0
2025-10-07 20:00:00,-8.916931,5.4555817,80.25,13.0
2025-10-07 21:00:00,-8.423309,5.6544495,80.25,13.0
2025-10-07 22:00:00,-7.486435,5.2689056,80.25,13.0
2025-10-07 23:00:00,-6.484558,5.5121307,80.25,13.0
2025-10-08 00:00:00,-5.0932617,5.358383,80.25,13.0
2025-10-08 01:00:00,-3.858551,5.1976624,80.25,13.0
2025-10-08 02:00:00,-2.8721466,4.8660736,80.25,13.0
2025-10-08 03:00:00,-2.4414368,4.7981567,80.25,13.0
2025-10-08 04:00:00,-2.5064545,4.8466187,80.25,13.0
2025-10-08 05:00:00,-3.5939941,4.285507,80.25,13.0
2025-10-08 06:00:00,-5.27034,4.0637817,80.25,13.0
2025-10-08 07:00:00,-6.6756287,3.4865875,80.25,13.0
2025-10-08 08:00:00,-8.266449,3.4494324,80.25,13.0
2025-10-08 09:00:00,-8.951828,4.19606,80.25,13.0
2025-10-08 10:00:00,-8.452148,5.825012,80.25,13.0
2025-10-08 11:00:00,-6.7333374,7.6304474,80.25,13.0
2025-10-08 12:00:00,-7.197815,6.865402,80.25,13.0
2025-10-08 13:00:00,-8.690903,6.505295,80.25,13.0
2025-10-08 14:00:00,-8.472336,7.453705,80.25,13.0
2025-10-08 15:00:00,-5.923752,8.694412,80.25,13.0
2025-10-08 16:00:00,-2.941269,9.5372925,80.25,13.0
2025-10-08 17:00:00,-2.9898987,9.084,80.25,13.0
2025-10-08 18:00:00,-4.441391,8.774704,80.25,13.0
2025-10-08 19:00:00,-6.2496033,8.286331,80.25,13.0
2025-10-08 20:00:00,-7.072876,8.245377,80.25,13.0
2025-10-08 21:00:00,-7.6292725,7.7107544,80.25,13.0
2025-10-08 22:00:00,-6.915634,7.981064,80.25,13.0
2025-10-08 23:00:00,-6.1741486,8.30394,80.25,13.0
2025-10-09 00:00:00,-6.0424957,8.031494,80.25,13.0
2025-10-09 01:00:00,-6.114868,8.120636,80.25,13.0
2025-10-09 02:00:00,-5.5043335,8.346405,80.25,13.0
2025-10-09 03:00:00,-4.6516266,8.259506,80.25,13.0
2025-10-09 04:00:00,-4.061722,8.013245,80.25,13.0
2025-10-09 05:00:00,-3.4430084,8.09375,80.25,13.0
2025-10-09 06:00:00,-2.3066254,7.9833374,80.25,13.0
2025-10-09 07:00:00,-1.182785,7.699066,80.25,13.0
2025-10-09 08:00:00,-0.42344666,7.4452667,80.25,13.0
2025-10-09 09:00:00,0.24005127,7.5986176,80.25,13.0
2025-10-09 10:00:00,1.6816559,6.7402344,80.25,13.0
2025-10-09 11:00:00,1.496109,6.3827515,80.25,13.0
2025-10-09 12:00:00,1.4585876,5.892914,80.25,13.0
2025-10-09 13:00:00,1.9849701,5.4659576,80.25,13.0
2025-10-09 14:00:00,2.8584137,4.4936523,80.25,13.0
2025-10-09 15:00:00,3.4588165,3.2897186,80.25,13.0
2025-10-09 16:00:00,3.8310394,2.2451324,80.25,13.0
2025-10-09 17:00:00,4.478134,0.9457092,80.25,13.0
2025-10-09 18:00:00,5.022064,-0.45121765,80.25,13.0
2025-10-09 19:00:00,4.9613647,-1.4685364,80.25,13.0
2025-10-09 20:00:00,4.5914,-1.9972992,80.25,13.0
2025-10-09 21:00:00,4.4115753,-2.2988892,80.25,13.0
2025-10-09 22:00:00,4.4898987,-3.8469238,80.25,13.0
2025-10-09 23:00:00,3.4214325,-5.2001343,80.25,13.0
2025-10-10 00:00:00,2.5314636,-5.486145,80.25,13.0
2025-10-10 01:00:00,2.4187927,-5.280945,80.25,13.0
2025-10-10 02:00:00,2.5240936,-5.0769196,80.25,13.0
2025-10-10 03:00:00,2.7286682,-4.957535,80.25,13.0
2025-10-10 04:00:00,2.9970245,-4.9675293,80.25,13.0
2025-10-10 05:00:00,3.1643982,-4.8542023,80.25,13.0
2025-10-10 06:00:00,3.2481384,-4.664871,80.25,13.0
2025-10-10 07:00:00,3.428955,-4.561096,80.25,13.0
2025-10-10 08:00:00,3.4059143,-4.383621,80.25,13.0
2025-10-10 09:00:00,3.327835,-4.1994324,80.25,13.0
2025-10-10 10:00:00,2.8346863,-3.472107,80.25,13.0
2025-10-10 11:00:00,2.6022797,-2.9524689,80.25,13.0
2025-10-10 12:00:00,2.5123749,-2.6474,80.25,13.0
2025-10-10 13:00:00,2.3128662,-2.401764,80.25,13.0
2025-10-10 14:00:00,2.1238708,-2.3460388,80.25,13.0
2025-10-10 15:00:00,1.7285156,-2.59404,80.25,13.0
2025-10-10 16:00:00,1.180481,-2.7457123,80.25,13.0
2025-10-10 17:00:00,0.62213135,-2.934845,80.25,13.0
2025-10-10 18:00:00,0.23027039,-3.2423706,80.25,13.0
2025-10-10 19:00:00,-0.091674805,-3.5296326,80.25,13.0
2025-10-10 20:00:00,-0.7943268,-3.6401672,80.25,13.0
2025-10-10 21:00:00,-1.5410309,-3.6992798,80.25,13.0
2025-10-10 22:00:00,-1.8815002,-4.311249,80.25,13.0
2025-10-10 23:00:00,-2.190628,-4.558548,80.25,13.0
2025-10-11 00:00:00,-2.5568848,-4.984146,80.25,13.0
2025-10-11 01:00:00,-2.958847,-5.397583,80.25,13.0
2025-10-11 02:00:00,-3.3172607,-5.5025787,80.25,13.0
2025-10-11 03:00:00,-3.734024,-5.667038,80.25,13.0
2025-10-11 04:00:00,-3.7967987,-5.8672333,80.25,13.0
2025-10-11 05:00:00,-3.7411804,-6.2931824,80.25,13.0
2025-10-11 06:00:00,-3.661972,-6.7536926,80.25,13.0
2025-10-11 07:00:00,-3.7259216,-7.2364197,80.25,13.0
2025-10-11 08:00:00,-3.5404053,-7.6065063,80.25,13.0
2025-10-11 09:00:00,-3.4400635,-7.846924,80.25,13.0
2025-10-11 10:00:00,-3.6343994,-7.169403,80.25,13.0
2025-10-11 11:00:00,-3.0510406,-7.364212,80.25,13.0
2025-10-11 12:00:00,-2.473404,-7.48703,80.25,13.0
2025-10-11 13:00:00,-1.6990051,-7.3920746,80.25,13.0
2025-10-11 14:00:00,-0.74246216,-7.3985596,80.25,13.0
2025-10-11 15:00:00,0.2818451,-7.766205,80.25,13.0
2025-10-11 16:00:00,1.143631,-8.182266,80.25,13.0
2025-10-11 17:00:00,1.4870148,-8.228821,80.25,13.0
2025-10-11 18:00:00,1.4772644,-7.6124725,80.25,13.0
2025-10-11 19:00:00,1.5543976,-7.030716,80.25,13.0
2025-10-11 20:00:00,1.846283,-6.6999817,80.25,13.0
2025-10-11 21:00:00,2.2029266,-6.3151245,80.25,13.0
2025-10-11 22:00:00,1.9322052,-6.0480194,80.25,13.0
2025-10-11 23:00:00,2.1707306,-5.5689545,80.25,13.0
2025-10-12 00:00:00,2.454132,-5.1096497,80.25,13.0
2025-10-12 01:00:00,2.7779388,-4.575775,80.25,13.0
2025-10-12 02:00:00,3.2832642,-3.8862152,80.25,13.0
2025-10-12 03:00:00,3.7573547,-3.151291,80.25,13.0
2025-10-12 04:00:00,3.998001,-2.4510345,80.25,13.0
2025-10-12 05:00:00,4.328003,-1.6185913,80.25,13.0
2025-10-12 06:00:00,4.4911346,-0.670166,80.25,13.0
2025-10-12 07:00:00,4.703171,0.34399414,80.25,13.0
2025-10-12 08:00:00,5.4794464,1.4689789,80.25,13.0
2025-10-12 09:00:00,5.992447,2.4703827,80.25,13.0
2025-10-12 10:00:00,6.564972,3.3992767,80.25,13.0
2025-10-12 11:00:00,6.528427,4.539963,80.25,13.0
2025-10-12 12:00:00,6.0980225,5.532913,80.25,13.0
2025-10-12 13:00:00,6.014679,6.37236,80.25,13.0
2025-10-12 14:00:00,6.059784,6.80365,80.25,13.0
2025-10-12 15:00:00,5.3270416,7.1560516,80.25,13.0
2025-10-12 16:00:00,4.4070587,7.607483,80.25,13.0
2025-10-12 17:00:00,3.4386902,7.9714203,80.25,13.0
2025-10-12 18:00:00,2.6925201,8.175552,80.25,13.0
2025-10-12 19:00:00,2.626648,8.37944,80.25,13.0
2025-10-12 20:00:00,1.2865906,7.9879303,80.25,13.0
2025-10-12 21:00:00,-0.1197052,7.937134,80.25,13.0
2025-10-12 22:00:00,-0.98153687,7.6070557,80.25,13.0
2025-10-12 23:00:00,-2.185669,7.2966003,80.25,13.0
2025-10-13 00:00:00,-3.2624207,7.2884216,80.25,13.0
2025-10-13 01:00:00,-4.211273,7.158615,80.25,13.0
2025-10-13 02:00:00,-5.188324,6.989456,80.25,13.0
2025-10-13 03:00:00,-6.054199,6.638443,80.25,13.0
2025-10-13 04:00:00,-6.501251,6.4223022,80.25,13.0
2025-10-13 05:00:00,-6.713669,6.150757,80.25,13.0
2025-10-13 06:00:00,-7.0424347,6.019043,80.25,13.0
2025-10-13 07:00:00,-7.8924866,5.8372955,80.25,13.0
2025-10-13 08:00:00,-8.859283,5.7471466,80.25,13.0
2025-10-13 09:00:00,-9.575653,5.800003,80.25,13.0
2025-10-13 10:00:00,-9.705017,6.033478,80.25,13.0
2025-10-13 11:00:00,-9.930374,5.943161,80.25,13.0
2025-10-13 12:00:00,-9.434494,6.6050873,80.25,13.0
2025-10-13 13:00:00,-7.4296417,7.7051697,80.25,13.0
2025-10-13 14:00:00,-4.452011,8.399643,80.25,13.0
2025-10-13 15:00:00,-0.76750183,9.018936,80.25,13.0
2025-10-13 16:00:00,1.7506714,8.673325,80.25,13.0
2025-10-13 17:00:00,1.9949188,8.232269,80.25,13.0
2025-10-13 18:00:00,1.0864105,8.011398,80.25,13.0
2025-10-13 19:00:00,-0.03892517,7.849106,80.25,13.0
2025-10-13 20:00:00,-0.8867035,8.211487,80.25,13.0
2025-10-13 21:00:00,-1.3148499,8.241577,80.25,13.0
2025-10-13 22:00:00,-1.4136505,7.968109,80.25,13.0
2025-10-13 23:00:00,-1.0166931,7.925812,80.25,13.0
2025-10-14 00:00:00,-0.59539795,7.9167633,80.25,13.0
2025-10-14 01:00:00,-0.08821106,7.8151245,80.25,13.0
2025-10-14 02:00:00,0.6073303,7.7259827,80.25,13.0
2025-10-14 03:00:00,0.48402405,6.9780273,80.25,13.0
2025-10-14 04:00:00,-0.3160553,6.027054,80.25,13.0
2025-10-14 05:00:00,-1.3598022,5.0541687,80.25,13.0
2025-10-14 06:00:00,-2.3513794,4.536392,80.25,13.0
2025-10-14 07:00:00,-2.637436,4.424408,80.25,13.0
2025-10-14 08:00:00,-1.9784851,4.1880493,80.25,13.0
2025-10-14 09:00:00,-0.7971039,3.675644,80.25,13.0
2025-10-14 10:00:00,-0.026321411,3.1824188,80.25,13.0
2025-10-14 11:00:00,0.8924103,2.1317596,80.25,13.0
2025-10-14 12:00:00,1.8707733,0.7799835,80.25,13.0
2025-10-14 13:00:00,3.3191833,-0.27774048,80.25,13.0
2025-10-14 14:00:00,4.239517,-2.286026,80.25,13.0
2025-10-14 15:00:00,3.503952,-4.877075,80.25,13.0
2025-10-14 16:00:00,2.5432892,-6.453079,80.25,13.0
2025-10-14 17:00:00,3.2434082,-7.0966034,80.25,13.0
2025-10-14 18:00:00,5.350342,-7.3434753,80.25,13.0
2025-10-14 19:00:00,6.864685,-6.8263855,80.25,13.0
2025-10-14 20:00:00,7.725662,-5.5042877,80.25,13.0
2025-10-14 21:00:00,8.305832,-4.368393,80.25,13.0
2025-10-14 22:00:00,8.67955,-3.6701965,80.25,13.0
2025-10-14 23:00:00,9.296249,-4.0116577,80.25,13.0
2025-10-15 00:00:00,9.86142,-4.6485596,80.25,13.0
2025-10-15 01:00:00,9.902832,-5.1737823,80.25,13.0
2025-10-15 02:00:00,10.025772,-6.269043,80.25,13.0
2025-10-15 03:00:00,9.323563,-7.1093903,80.25,13.0
2025-10-15 04:00:00,8.360687,-7.7322235,80.25,13.0
2025-10-15 05:00:00,7.822342,-7.8573914,80.25,13.0
2025-10-15 06:00:00,7.8364105,-7.9188232,80.25,13.0
2025-10-15 07:00:00,8.24501,-8.070282,80.25,13.0
2025-10-15 08:00:00,8.526199,-8.382706,80.25,13.0
2025-10-15 09:00:00,8.951187,-8.702637,80.25,13.0
2025-10-15 10:00:00,8.260468,-7.681656,80.25,13.0
2025-10-15 11:00:00,7.5664215,-7.8447723,80.25,13.0
2025-10-15 12:00:00,7.173477,-8.640579,80.25,13.0
2025-10-15 13:00:00,7.193268,-9.970886,80.25,13.0
2025-10-15 14:00:00,7.2573395,-10.941574,80.25,13.0
2025-10-15 15:00:00,7.2418823,-11.472794,80.25,13.0
2025-10-15 16:00:00,7.4570923,-11.587372,80.25,13.0
2025-10-15 17:00:00,7.6978607,-11.469696,80.25,13.0
2025-10-15 18:00:00,7.889023,-11.232498,80.25,13.0
2025-10-15 19:00:00,8.244019,-10.935135,80.25,13.0
2025-10-15 20:00:00,8.976532,-10.81282,80.25,13.0
2025-10-15 21:00:00,9.656555,-10.876129,80.25,13.0
2025-10-15 22:00:00,9.656342,-9.598114,80.25,13.0
2025-10-15 23:00:00,10.671005,-10.175995,80.25,13.0
2025-10-16 00:00:00,11.0490265,-10.639389,80.25,13.0
2025-10-16 01:00:00,11.099472,-10.764587,80.25,13.0
2025-10-16 02:00:00,11.176575,-11.025528,80.25,13.0
2025-10-16 03:00:00,10.815781,-11.0811615,80.25,13.0
2025-10-16 04:00:00,11.039871,-10.823959,80.25,13.0
2025-10-16 05:00:00,11.450485,-10.852249,80.25,13.0
2025-10-16 06:00:00,11.560059,-11.025726,80.25,13.0
2025-10-16 07:00:00,11.463547,-11.128235,80.25,13.0
2025-10-16 08:00:00,11.37294,-11.27626,80.25,13.0
2025-10-16 09:00:00,11.035416,-11.332901,80.25,13.0
2025-10-16 10:00:00,11.014404,-10.316849,80.25,13.0
2025-10-16 11:00:00,10.924667,-11.03389,80.25,13.0
2025-10-16 12:00:00,10.307251,-11.307251,80.25,13.0
2025-10-16 13:00:00,9.944397,-11.502808,80.25,13.0
2025-10-16 14:00:00,9.874069,-11.507904,80.25,13.0
2025-10-16 15:00:00,9.650757,-11.143677,80.25,13.0
2025-10-16 16:00:00,9.764313,-10.790573,80.25,13.0
2025-10-16 17:00:00,9.98436,-10.482178,80.25,13.0
2025-10-16 18:00:00,10.350998,-10.265259,80.25,13.0
2025-10-16 19:00:00,10.669189,-10.3411255,80.25,13.0
2025-10-16 20:00:00,10.750504,-10.018921,80.25,13.0
2025-10-16 21:00:00,10.785126,-9.7973175,80.25,13.0
2025-10-16 22:00:00,10.279709,-8.656387,80.25,13.0
2025-10-16 23:00:00,10.28978,-9.092285,80.25,13.0
2025-10-17 00:00:00,10.129456,-9.009155,80.25,13.0
2025-10-17 01:00:00,10.233215,-8.945282,80.25,13.0
2025-10-17 02:00:00,10.379562,-8.776398,80.25,13.0
2025-10-17 03:00:00,10.529144,-8.668091,80.25,13.0
2025-10-17 04:00:00,10.503174,-8.605682,80.25,13.0
2025-10-17 05:00:00,10.430466,-8.486023,80.25,13.0
2025-10-17 06:00:00,10.347031,-8.376556,80.25,13.0
2025-10-17 07:00:00,10.031494,-8.460831,80.25,13.0
2025-10-17 08:00:00,9.952515,-8.335114,80.25,13.0
2025-10-17 09:00:00,9.87294,-8.356079,80.25,13.0
2025-10-17 10:00:00,9.564529,-7.831955,80.25,13.0
2025-10-17 11:00:00,9.607376,-8.22789,80.25,13.0
2025-10-17 12:00:00,9.442551,-7.993683,80.25,13.0
2025-10-17 13:00:00,9.157059,-7.6815186,80.25,13.0
2025-10-17 14:00:00,8.576126,-7.627533,80.25,13.0
2025-10-17 15:00:00,7.7598724,-7.780426,80.25,13.0
2025-10-17 16:00:00,6.7947235,-7.929825,80.25,13.0
2025-10-17 17:00:00,6.4613037,-8.242783,80.25,13.0
2025-10-17 18:00:00,6.737137,-8.782043,80.25,13.0
2025-10-17 19:00:00,7.16214,-9.208374,80.25,13.0
2025-10-17 20:00:00,8.124054,-8.865372,80.25,13.0
2025-10-17 21:00:00,9.159317,-8.519196,80.25,13.0
2025-10-17 22:00:00,9.883621,-6.663437,80.25,13.0
2025-10-17 23:00:00,10.563919,-7.044342,80.25,13.0
2025-10-18 00:00:00,10.239304,-6.5035095,80.25,13.0
2025-10-18 01:00:00,10.284485,-6.403885,80.25,13.0
2025-10-18 02:00:00,10.290588,-7.0022736,80.25,13.0
2025-10-18 03:00:00,10.400742,-8.051651,80.25,13.0
2025-10-18 04:00:00,10.170151,-9.133636,80.25,13.0
2025-10-18 05:00:00,10.0837555,-9.644409,80.25,13.0
2025-10-18 06:00:00,9.803253,-9.847702,80.25,13.0
2025-10-18 07:00:00,9.357712,-9.603729,80.25,13.0
2025-10-18 08:00:00,9.018005,-9.570297,80.25,13.0
2025-10-18 09:00:00,8.958389,-9.216293,80.25,13.0
2025-10-18 10:00:00,10.734009,-8.143539,80.25,13.0
2025-10-18 11:00:00,11.233566,-7.9954834,80.25,13.0
2025-10-18 12:00:00,11.884781,-8.049957,80.25,13.0
2025-10-18 13:00:00,12.2464905,-8.0546875,80.25,13.0
2025-10-18 14:00:00,12.438675,-8.961197,80.25,13.0
2025-10-18 15:00:00,11.827652,-9.831238,80.25,13.0
2025-10-18 16:00:00,11.495331,-9.70134,80.25,13.0
2025-10-18 17:00:00,11.543823,-9.899246,80.25,13.0
2025-10-18 18:00:00,11.115631,-10.074432,80.25,13.0
2025-10-18 19:00:00,10.25206,-10.989105,80.25,13.0
2025-10-18 20:00:00,8.313049,-11.563919,80.25,13.0
2025-10-18 21:00:00,7.2514954,-11.364792,80.25,13.0
2025-10-18 22:00:00,7.690979,-8.797073,80.25,13.0
2025-10-18 23:00:00,7.614212,-8.718903,80.25,13.0
2025-10-19 00:00:00,6.1720276,-9.364822,80.25,13.0
2025-10-19 01:00:00,3.995285,-9.73053,80.25,13.0
2025-10-19 02:00:00,2.075241,-9.534744,80.25,13.0
2025-10-19 03:00:00,1.5593414,-8.884476,80.25,13.0
2025-10-19 04:00:00,1.7413025,-8.495636,80.25,13.0
2025-10-19 05:00:00,2.031952,-8.147827,80.25,13.0
2025-10-19 06:00:00,2.1567535,-7.860962,80.25,13.0
2025-10-19 07:00:00,2.074936,-7.684662,80.25,13.0
2025-10-19 08:00:00,2.0120392,-7.760742,80.25,13.0
2025-10-19 09:00:00,1.9177551,-7.911789,80.25,13.0
2025-10-19 10:00:00,1.7447052,-8.664749,80.25,13.0
2025-10-19 11:00:00,2.2026672,-9.263458,80.25,13.0
2025-10-19 12:00:00,3.4582367,-9.532089,80.25,13.0
2025-10-19 13:00:00,4.5914307,-10.080032,80.25,13.0
2025-10-19 14:00:00,4.4944916,-11.386978,80.25,13.0
2025-10-19 15:00:00,3.0942535,-12.264618,80.25,13.0
2025-10-19 16:00:00,1.0451355,-12.654724,80.25,13.0
2025-10-19 17:00:00,-1.8690338,-13.505722,80.25,13.0
2025-10-19 18:00:00,-4.6381073,-13.857422,80.25,13.0
2025-10-19 19:00:00,-6.3471375,-13.663223,80.25,13.0
2025-10-19 20:00:00,-7.454788,-13.338989,80.25,13.0
2025-10-19 21:00:00,-8.145966,-13.215485,80.25,13.0
2025-10-19 22:00:00,-8.571976,-11.576782,80.25,13.0
2025-10-19 23:00:00,-7.857605,-12.294434,80.25,13.0
2025-10-20 00:00:00,-6.6156006,-13.377029,80.25,13.0
2025-10-20 01:00:00,-5.126663,-13.917252,80.25,13.0
2025-10-20 02:00:00,-4.1696777,-14.080261,80.25,13.0
2025-10-20 03:00:00,-3.020935,-13.623077,80.25,13.0
2025-10-20 04:00:00,-2.4494019,-13.772339,80.25,13.0
2025-10-20 05:00:00,-2.3352814,-13.56105,80.25,13.0
2025-10-20 06:00:00,-2.2910767,-13.175186,80.25,13.0
2025-10-20 07:00:00,-2.5416565,-13.299774,80.25,13.0
2025-10-20 08:00:00,-2.5508118,-13.717972,80.25,13.0
2025-10-20 09:00:00,-1.3171844,-13.418671,80.25,13.0
2025-10-20 10:00:00,-0.88105774,-12.669449,80.25,13.0
2025-10-20 11:00:00,0.65579224,-12.4831085,80.25,13.0
2025-10-20 12:00:00,1.0776215,-12.244415,80.25,13.0
2025-10-20 13:00:00,0.3849945,-11.014267,80.25,13.0
2025-10-20 14:00:00,-0.5896454,-9.755707,80.25,13.0
2025-10-20 15:00:00,-1.664856,-8.882278,80.25,13.0
2025-10-20 16:00:00,-3.089035,-8.060547,80.25,13.0
2025-10-20 17:00:00,-4.5162964,-7.525116,80.25,13.0
2025-10-20 18:00:00,-6.4138184,-7.2533264,80.25,13.0
2025-10-20 19:00:00,-7.4518585,-7.2293243,80.25,13.0
2025-10-20 20:00:00,-6.9561462,-8.082153,80.25,13.0
2025-10-20 21:00:00,-5.772415,-9.285324,80.25,13.0
2025-10-20 22:00:00,-4.7993164,-9.491547,80.25,13.0
2025-10-20 23:00:00,-3.2756958,-10.31929,80.25,13.0
2025-10-21 00:00:00,-2.0215302,-11.010025,80.25,13.0
2025-10-21 01:00:00,-1.0965118,-11.59166,80.25,13.0
2025-10-21 02:00:00,-1.1050262,-12.05307,80.25,13.0
2025-10-21 03:00:00,-1.5982513,-11.602722,80.25,13.0
2025-10-21 04:00:00,-1.9338837,-10.895493,80.25,13.0
2025-10-21 05:00:00,-2.6156921,-9.909851,80.25,13.0
2025-10-21 06:00:00,-3.3484344,-8.601822,80.25,13.0
2025-10-21 07:00:00,-3.9235382,-7.1121063,80.25,13.0
2025-10-21 08:00:00,-4.2586823,-6.342804,80.25,13.0
2025-10-21 09:00:00,-4.5694427,-6.0746155,80.25,13.0
2025-10-21 10:00:00,-4.228363,-6.191498,80.25,13.0
2025-10-21 11:00:00,-3.8699799,-7.1737823,80.25,13.0
2025-10-21 12:00:00,-4.129822,-8.016495,80.25,13.0
2025-10-21 13:00:00,-4.046936,-8.399033,80.25,13.0
2025-10-21 14:00:00,-4.9472656,-7.815674,80.25,13.0
2025-10-21 15:00:00,-5.5025024,-7.1249695,80.25,13.0
2025-10-21 16:00:00,-6.3697357,-6.719345,80.25,13.0
2025-10-21 17:00:00,-7.023041,-6.0420227,80.25,13.0
2025-10-21 18:00:00,-7.2654266,-5.554306,80.25,13.0
2025-10-21 19:00:00,-7.068222,-5.8568573,80.25,13.0
2025-10-21 20:00:00,-6.7934113,-6.6708984,80.25,13.0
2025-10-21 21:00:00,-6.763153,-7.575485,80.25,13.0
2025-10-21 22:00:00,-6.739731,-7.6146393,80.25,13.0
2025-10-21 23:00:00,-6.9519806,-8.388565,80.25,13.0
2025-10-22 00:00:00,-6.5729523,-8.794983,80.25,13.0
2025-10-22 01:00:00,-6.003952,-9.351746,80.25,13.0
2025-10-22 02:00:00,-5.53479,-9.572052,80.25,13.0
2025-10-22 03:00:00,-5.0480347,-9.60582,80.25,13.0
2025-10-22 04:00:00,-4.7075043,-9.4492035,80.25,13.0
2025-10-22 05:00:00,-4.2092896,-9.21785,80.25,13.0
2025-10-22 06:00:00,-4.001648,-8.992416,80.25,13.0
2025-10-22 07:00:00,-3.5873108,-8.652924,80.25,13.0
2025-10-22 08:00:00,-3.07135,-8.517502,80.25,13.0
2025-10-22 09:00:00,-2.6154175,-8.425842,80.25,13.0
2025-10-22 10:00:00,-2.0453644,-8.295715,80.25,13.0
2025-10-22 11:00:00,-2.097641,-8.305084,80.25,13.0
2025-10-22 12:00:00,-2.2552795,-8.182114,80.25,13.0
2025-10-22 13:00:00,-2.3542328,-7.805359,80.25,13.0
2025-10-22 14:00:00,-2.714798,-7.3367004,80.25,13.0
2025-10-22 15:00:00,-2.8607178,-6.868988,80.25,13.0
2025-10-22 16:00:00,-2.8589935,-6.6261597,80.25,13.0
2025-10-22 17:00:00,-2.9177094,-6.6319733,80.25,13.0
2025-10-22 18:00:00,-2.8184967,-6.82959,80.25,13.0
2025-10-22 19:00:00,-2.9926453,-6.891281,80.25,13.0
2025-10-22 20:00:00,-3.4938507,-6.1561737,80.25,13.0
2025-10-22 21:00:00,-4.5265656,-5.052658,80.25,13.0
2025-10-22 22:00:00,-5.728668,-3.3122559,80.25,13.0
2025-10-22 23:00:00,-6.5248413,-2.9000397,80.25,13.0
2025-10-23 00:00:00,-6.8467407,-3.3660889,80.25,13.0
2025-10-23 01:00:00,-6.568619,-4.1301727,80.25,13.0
2025-10-23 02:00:00,-6.396179,-4.986862,80.25,13.0
2025-10-23 03:00:00,-6.2990723,-5.4284973,80.25,13.0
2025-10-23 04:00:00,-6.3799896,-5.716812,80.25,13.0
2025-10-23 05:00:00,-6.4606934,-5.950775,80.25,13.0
2025-10-23 06:00:00,-6.5055847,-6.2177734,80.25,13.0
2025-10-23 07:00:00,-6.2292175,-6.594818,80.25,13.0
2025-10-23 08:00:00,-5.784195,-6.994217,80.25,13.0
2025-10-23 09:00:00,-5.3137817,-7.068634,80.25,13.0
2025-10-23 10:00:00,-5.2877655,-7.337387,80.25,13.0
2025-10-23 11:00:00,-4.987686,-7.3051147,80.25,13.0
2025-10-23 12:00:00,-4.8255157,-7.5659027,80.25,13.0
2025-10-23 13:00:00,-4.696945,-7.37854,80.25,13.0
2025-10-23 14:00:00,-4.419327,-7.588379,80.25,13.0
2025-10-23 15:00:00,-4.194214,-7.7248993,80.25,13.0
2025-10-23 16:00:00,-4.206421,-7.6752167,80.25,13.0
2025-10-23 17:00:00,-4.2252502,-7.586014,80.25,13.0
2025-10-23 18:00:00,-4.1036835,-7.3545074,80.25,13.0
2025-10-23 19:00:00,-3.9542694,-7.2455597,80.25,13.0
2025-10-23 20:00:00,-3.7488708,-7.182251,80.25,13.0
2025-10-23 21:00:00,-3.7071533,-6.9439545,80.25,13.0
2025-10-23 22:00:00,-3.5086823,-7.1610107,80.25,13.0
2025-10-23 23:00:00,-3.4211884,-7.619873,80.25,13.0
2025-10-24 00:00:00,-3.2985535,-7.7471924,80.25,13.0
2025-10-24 01:00:00,-2.91391,-7.879959,80.25,13.0
2025-10-24 02:00:00,-2.5050354,-8.170212,80.25,13.0
2025-10-24 03:00:00,-2.332718,-8.492935,80.25,13.0
2025-10-24 04:00:00,-2.203888,-8.4709015,80.25,13.0
2025-10-24 05:00:00,-2.1132812,-8.326248,80.25,13.0
2025-10-24 06:00:00,-2.0918121,-8.172485,80.25,13.0
2025-10-24 07:00:00,-2.1914368,-7.973709,80.25,13.0
2025-10-24 08:00:00,-2.0310822,-7.8191376,80.25,13.0
2025-10-24 09:00:00,-1.7000427,-7.685608,80.25,13.0
2025-10-24 10:00:00,-1.6764984,-7.142227,80.25,13.0
2025-10-24 11:00:00,-1.1440887,-7.332199,80.25,13.0
2025-10-24 12:00:00,-0.69306946,-7.4332886,80.25,13.0
2025-10-24 13:00:00,-0.25975037,-7.5760345,80.25,13.0
2025-10-24 14:00:00,0.16529846,-7.9292603,80.25,13.0
2025-10-24 15:00:00,0.4650879,-8.314636,80.25,13.0
2025-10-24 16:00:00,0.6863098,-8.516586,80.25,13.0
2025-10-24 17:00:00,0.80152893,-8.797226,80.25,13.0
2025-10-24 18:00:00,0.7373047,-8.918152,80.25,13.0
2025-10-24 19:00:00,0.683136,-8.928619,80.25,13.0
2025-10-24 20:00:00,0.83496094,-8.8941345,80.25,13.0
2025-10-24 21:00:00,1.023941,-8.838867,80.25,13.0
2025-10-24 22:00:00,0.5500641,-8.054047,80.25,13.0
2025-10-24 23:00:00,1.4196625,-8.467499,80.25,13.0
2025-10-25 00:00:00,1.9983063,-8.793686,80.25,13.0
2025-10-25 01:00:00,2.2408905,-8.95961,80.25,13.0
2025-10-25 02:00:00,2.377533,-8.964569,80.25,13.0
2025-10-25 03:00:00,2.3357544,-8.805725,80.25,13.0
2025-10-25 04:00:00,2.415207,-8.46843,80.25,13.0
2025-10-25 05:00:00,2.3580017,-8.206329,80.25,13.0
2025-10-25 06:00:00,2.2865448,-7.8278656,80.25,13.0
2025-10-25 07:00:00,2.1956787,-7.465851,80.25,13.0
2025-10-25 08:00:00,2.1098175,-7.2040863,80.25,13.0
2025-10-25 09:00:00,2.0519104,-6.8838806,80.25,13.0
2025-10-25 10:00:00,2.7624512,-5.962448,80.25,13.0
2025-10-25 11:00:00,3.1063538,-5.864746,80.25,13.0
2025-10-25 12:00:00,3.270752,-5.7885437,80.25,13.0
2025-10-25 13:00:00,2.9216309,-5.660309,80.25,13.0
2025-10-25 14:00:00,2.5242004,-5.3543396,80.25,13.0
2025-10-25 15:00:00,2.2916565,-4.947357,80.25,13.0
2025-10-25 16:00:00,2.300232,-4.5700073,80.25,13.0
2025-10-25 17:00:00,2.3088226,-4.288666,80.25,13.0
2025-10-25 18:00:00,2.2364197,-3.9233704,80.25,13.0
2025-10-25 19:00:00,2.0625305,-3.69104,80.25,13.0
2025-10-25 20:00:00,1.9710236,-3.3720398,80.25,13.0
2025-10-25 21:00:00,1.9476013,-3.194107,80.25,13.0
2025-10-25 22:00:00,2.7819672,-3.1001434,80.25,13.0
2025-10-25 23:00:00,2.9312744,-2.8598022,80.25,13.0
2025-10-26 00:00:00,2.99823,-2.9961395,80.25,13.0
2025-10-26 01:00:00,2.7473145,-3.277298,80.25,13.0
2025-10-26 02:00:00,2.5396118,-3.1887817,80.25,13.0
2025-10-26 03:00:00,2.255127,-2.9410858,80.25,13.0
2025-10-26 04:00:00,2.115265,-2.652954,80.25,13.0
2025-10-26 05:00:00,1.9349823,-2.3537598,80.25,13.0
2025-10-26 06:00:00,2.0150146,-1.9801178,80.25,13.0
2025-10-26 07:00:00,2.1911469,-1.8445435,80.25,13.0
2025-10-26 08:00:00,2.3643188,-1.7829132,80.25,13.0
2025-10-26 09:00:00,2.5135345,-1.7750549,80.25,13.0
2025-10-26 10:00:00,2.3520203,-0.6843262,80.25,13.0
2025-10-26 11:00:00,2.4664764,-0.77711487,80.25,13.0
2025-10-26 12:00:00,2.5133057,-1.1120758,80.25,13.0
2025-10-26 13:00:00,2.506775,-1.2933044,80.25,13.0
2025-10-26 14:00:00,2.4261932,-1.551117,80.25,13.0
2025-10-26 15:00:00,2.274002,-1.8074036,80.25,13.0
2025-10-26 16:00:00,2.0114288,-1.7637634,80.25,13.0
2025-10-26 17:00:00,1.8694305,-1.6333923,80.25,13.0
2025-10-26 18:00:00,1.8874207,-1.3288879,80.25,13.0
2025-10-26 19:00:00,1.9780731,-0.99832153,80.25,13.0
2025-10-26 20:00:00,2.1502228,-0.91581726,80.25,13.0
2025-10-26 21:00:00,2.312149,-0.9853821,80.25,13.0
2025-10-26 22:00:00,1.715332,0.18424988,80.25,13.0
2025-10-26 23:00:00,1.5107422,0.55859375,80.25,13.0
2025-10-27 00:00:00,1.5950012,0.15768433,80.25,13.0
2025-10-27 01:00:00,1.568924,-0.5196686,80.25,13.0
2025-10-27 02:00:00,1.4625854,-0.73680115,80.25,13.0
2025-10-27 03:00:00,1.1151428,-0.6100769,80.25,13.0
2025-10-27 04:00:00,0.8541565,-0.06484985,80.25,13.0
2025-10-27 05:00:00,0.7479706,0.5114746,80.25,13.0
2025-10-27 06:00:00,0.80278015,1.0659332,80.25,13.0
2025-10-27 07:00:00,1.0437775,1.1022491,80.25,13.0
2025-10-27 08:00:00,1.1793976,0.97953796,80.25,13.0
2025-10-27 09:00:00,1.2510834,0.9248047,80.25,13.0
2025-10-27 10:00:00,0.80841064,1.704773,80.25,13.0
2025-10-27 11:00:00,0.537735,1.896698,80.25,13.0
2025-10-27 12:00:00,0.21720886,1.9402008,80.25,13.0
2025-10-27 13:00:00,-0.09779358,1.8062897,80.25,13.0
2025-10-27 14:00:00,-0.26161194,1.6529999,80.25,13.0
2025-10-27 15:00:00,-0.44041443,1.2261353,80.25,13.0
2025-10-27 16:00:00,-0.5749054,0.9169464,80.25,13.0
2025-10-27 17:00:00,-0.8125458,0.9841156,80.25,13.0
2025-10-27 18:00:00,-1.0160065,1.1825409,80.25,13.0
2025-10-27 19:00:00,-1.123169,1.3144073,80.25,13.0
2025-10-27 20:00:00,-1.2187195,0.9169769,80.25,13.0
2025-10-27 21:00:00,-1.3493195,0.56500244,80.25,13.0
2025-10-27 22:00:00,-2.091217,1.4630585,80.25,13.0
2025-10-27 23:00:00,-2.3856964,1.4961243,80.25,13.0
2025-10-28 00:00:00,-2.64859,1.5329742,80.25,13.0
2025-10-28 01:00:00,-2.702118,1.1031189,80.25,13.0
2025-10-28 02:00:00,-2.7263641,0.6694946,80.25,13.0
2025-10-28 03:00:00,-2.7673035,0.10089111,80.25,13.0
2025-10-28 04:00:00,-2.9538727,-0.5015564,80.25,13.0
2025-10-28 05:00:00,-3.298874,-0.8761749,80.25,13.0
2025-10-28 06:00:00,-3.6856232,-0.9221649,80.25,13.0
2025-10-28 07:00:00,-3.8808746,-1.2020721,80.25,13.0
2025-10-28 08:00:00,-3.9359741,-1.732193,80.25,13.0
2025-10-28 09:00:00,-4.2481995,-1.9485016,80.25,13.0
2025-10-28 10:00:00,-5.2955017,0.26919556,80.25,13.0
2025-10-28 11:00:00,-5.259445,0.91397095,80.25,13.0
2025-10-28 12:00:00,-5.255539,0.9187927,80.25,13.0
2025-10-28 13:00:00,-5.432892,0.7030029,80.25,13.0
2025-10-28 14:00:00,-5.5400543,0.28858948,80.25,13.0
2025-10-28 15:00:00,-5.7222595,-0.110076904,80.25,13.0
2025-10-28 16:00:00,-5.964325,-0.3798828,80.25,13.0
2025-10-28 17:00:00,-6.2247925,-0.5978699,80.25,13.0
2025-10-28 18:00:00,-6.453308,-0.5873108,80.25,13.0
2025-10-28 19:00:00,-6.7499695,-0.35198975,80.25,13.0
2025-10-28 20:00:00,-6.940216,-0.12576294,80.25,13.0
2025-10-28 21:00:00,-7.0861053,-0.031066895,80.25,13.0
2025-10-28 22:00:00,-7.509781,0.62112427,80.25,13.0
2025-10-28 23:00:00,-7.452179,0.25463867,80.25,13.0
2025-10-29 00:00:00,-7.8351746,-0.15467834,80.25,13.0
2025-10-29 01:00:00,-8.256424,-0.27026367,80.25,13.0
2025-10-29 02:00:00,-8.518936,-0.16464233,80.25,13.0
2025-10-29 03:00:00,-8.742691,-0.078323364,80.25,13.0
2025-10-29 04:00:00,-8.977066,0.06700134,80.25,13.0
2025-10-29 05:00:00,-9.208405,0.2882843,80.25,13.0
2025-10-29 06:00:00,-9.331268,0.60346985,80.25,13.0
2025-10-29 07:00:00,-9.355133,0.88238525,80.25,13.0
2025-10-29 08:00:00,-9.396973,1.2390289,80.25,13.0
2025-10-29 09:00:00,-9.321259,1.7929993,80.25,13.0
2025-10-29 10:00:00,-9.152527,1.6060791,80.25,13.0
2025-10-29 11:00:00,-9.133682,2.1009827,80.25,13.0
2025-10-29 12:00:00,-9.177826,2.0497131,80.25,13.0
2025-10-29 13:00:00,-9.279648,2.1024628,80.25,13.0
2025-10-29 14:00:00,-9.481567,2.1116486,80.25,13.0
2025-10-29 15:00:00,-9.580444,1.8683624,80.25,13.0
2025-10-29 16:00:00,-9.944077,1.3593292,80.25,13.0
2025-10-29 17:00:00,-10.1614685,1.1021576,80.25,13.0
2025-10-29 18:00:00,-10.300751,1.1798706,80.25,13.0
2025-10-29 19:00:00,-10.272614,1.3596954,80.25,13.0
2025-10-29 20:00:00,-10.281097,1.5901642,80.25,13.0
2025-10-29 21:00:00,-10.148651,1.7992249,80.25,13.0
2025-10-29 22:00:00,-9.901337,0.49623108,80.25,13.0
2025-10-29 23:00:00,-10.137329,0.72366333,80.25,13.0
2025-10-30 00:00:00,-10.212662,0.6452484,80.25,13.0
2025-10-30 01:00:00,-10.269287,0.48545837,80.25,13.0
2025-10-30 02:00:00,-10.258759,0.38401794,80.25,13.0
2025-10-30 03:00:00,-10.264999,0.34268188,80.25,13.0
2025-10-30 04:00:00,-10.197418,0.38253784,80.25,13.0
2025-10-30 05:00:00,-9.88829,0.631958,80.25,13.0
2025-10-30 06:00:00,-9.620514,0.8457184,80.25,13.0
2025-10-30 07:00:00,-9.057709,1.2042236,80.25,13.0
2025-10-30 08:00:00,-8.252213,1.8889618,80.25,13.0
2025-10-30 09:00:00,-7.174057,2.4543457,80.25,13.0
2025-10-30 10:00:00,-7.678711,0.10769653,80.25,13.0
2025-10-30 11:00:00,-6.944504,1.616684,80.25,13.0
2025-10-30 12:00:00,-5.676285,2.2366943,80.25,13.0
2025-10-30 13:00:00,-4.4308167,2.4486542,80.25,13.0
2025-10-30 14:00:00,-3.1819763,2.424759,80.25,13.0
2025-10-30 15:00:00,-2.1831512,2.0493927,80.25,13.0
2025-10-30 16:00:00,-1.2987671,1.8210907,80.25,13.0
2025-10-30 17:00:00,-0.28684998,1.6045532,80.25,13.0
2025-10-30 18:00:00,0.28579712,1.4472656,80.25,13.0
2025-10-30 19:00:00,0.86161804,1.679596,80.25,13.0
2025-10-30 20:00:00,1.3256378,1.7707367,80.25,13.0
2025-10-30 21:00:00,1.68367,1.7301483,80.25,13.0
2025-10-30 22:00:00,2.2608795,0.47857666,80.25,13.0
2025-10-30 23:00:00,2.0949097,0.20037842,80.25,13.0
2025-10-31 00:00:00,2.1540375,0.065216064,80.25,13.0
2025-10-31 01:00:00,2.1726227,0.021438599,80.25,13.0
2025-10-31 02:00:00,2.3500824,0.09289551,80.25,13.0
2025-10-31 03:00:00,2.2383423,-0.43449402,80.25,13.0
2025-10-31 04:00:00,1.7251587,-1.256607,80.25,13.0
2025-10-31 05:00:00,1.0923309,-2.0527344,80.25,13.0
2025-10-31 06:00:00,0.32774353,-2.3611603,80.25,13.0
2025-10-31 07:00:00,-0.63822937,-2.1336517,80.25,13.0
2025-10-31 08:00:00,-1.5759735,-1.4382172,80.25,13.0
2025-10-31 09:00:00,-2.2855072,-0.32347107,80.25,13.0
2025-10-31 10:00:00,-1.8381042,-1.9404297,80.25,13.0
2025-10-31 11:00:00,-2.6699219,-1.9121246,80.25,13.0
2025-10-31 12:00:00,-3.558258,-0.78370667,80.25,13.0
2025-10-31 13:00:00,-4.0119476,0.0476532,80.25,13.0
2025-10-31 14:00:00,-4.0846863,0.6186676,80.25,13.0
2025-10-31 15:00:00,-4.2416687,0.9756317,80.25,13.0
2025-10-31 16:00:00,-3.8936157,1.1247406,80.25,13.0
2025-10-31 17:00:00,-3.461197,1.2484283,80.25,13.0
2025-10-31 18:00:00,-2.700821,1.0623322,80.25,13.0
2025-10-31 19:00:00,-1.9353638,1.136673,80.25,13.0
2025-10-31 20:00:00,-1.1255646,0.9906769,80.25,13.0
2025-10-31 21:00:00,-0.9669342,1.1441956,80.25,13.0
2025-10-31 22:00:00,-0.4319458,1.0629272,80.25,13.0
2025-10-31 23:00:00,-0.56015015,0.7091217,80.25,13.0
2025-11-01 00:00:00,-0.8576355,1.0275879,80.25,13.0
2025-11-01 01:00:00,-0.7375946,2.017105,80.25,13.0
2025-11-01 02:00:00,0.023376465,2.9122925,80.25,13.0
2025-11-01 03:00:00,1.051651,2.8800354,80.25,13.0
2025-11-01 04:00:00,2.120224,2.6313477,80.25,13.0
2025-11-01 05:00:00,2.9453583,2.2566986,80.25,13.0
2025-11-01 06:00:00,3.42276,2.3191223,80.25,13.0
2025-11-01 07:00:00,3.8829346,2.463745,80.25,13.0
2025-11-01 08:00:00,4.0032654,2.4165497,80.25,13.0
2025-11-01 09:00:00,3.795929,1.4102173,80.25,13.0
2025-11-01 10:00:00,2.8112335,-0.07862854,80.25,13.0
2025-11-01 11:00:00,1.8978424,-1.420044,80.25,13.0
2025-11-01 12:00:00,0.983551,-1.9715118,80.25,13.0
2025-11-01 13:00:00,1.708786,-2.2558746,80.25,13.0
2025-11-01 14:00:00,3.6500702,-4.2780914,80.25,13.0
2025-11-01 15:00:00,4.454895,-7.0136566,80.25,13.0
2025-11-01 16:00:00,3.7507324,-7.3898315,80.25,13.0
2025-11-01 17:00:00,3.4306946,-6.4639587,80.25,13.0
2025-11-01 18:00:00,4.0455933,-5.265213,80.25,13.0
2025-11-01 19:00:00,4.8648987,-4.430252,80.25,13.0
2025-11-01 20:00:00,5.593582,-3.732895,80.25,13.0
2025-11-01 21:00:00,6.031143,-3.3831177,80.25,13.0
2025-11-01 22:00:00,5.3880005,-2.740158,80.25,13.0
2025-11-01 23:00:00,5.7641296,-2.3985596,80.25,13.0
2025-11-02 00:00:00,6.6811066,-2.0705872,80.25,13.0
2025-11-02 01:00:00,7.0837708,-1.9682922,80.25,13.0
2025-11-02 02:00:00,7.4618683,-1.5215302,80.25,13.0
2025-11-02 03:00:00,8.208389,-1.059372,80.25,13.0
2025-11-02 04:00:00,8.789871,-0.7090149,80.25,13.0
2025-11-02 05:00:00,8.9769745,-0.5420227,80.25,13.0
2025-11-02 06:00:00,8.845871,-0.60253906,80.25,13.0
2025-11-02 07:00:00,8.340881,-1.602066,80.25,13.0
2025-11-02 08:00:00,7.62854,-3.3471527,80.25,13.0
2025-11-02 09:00:00,6.880722,-5.2469635,80.25,13.0
2025-11-02 10:00:00,6.5503235,-7.1612396,80.25,13.0
2025-11-02 11:00:00,5.95726,-7.555832,80.25,13.0
2025-11-02 12:00:00,5.6769714,-7.409378,80.25,13.0
2025-11-02 13:00:00,5.7097626,-7.2668304,80.25,13.0
2025-11-02 14:00:00,5.4374084,-7.0505524,80.25,13.0
2025-11-02 15:00:00,5.0529175,-7.1036987,80.25,13.0
2025-11-02 16:00:00,4.645874,-6.83403,80.25,13.0
2025-11-02 17:00:00,4.068268,-6.6317444,80.25,13.0
2025-11-02 18:00:00,3.721344,-5.9924164,80.25,13.0
2025-11-02 19:00:00,3.4202118,-5.581436,80.25,13.0
2025-11-02 20:00:00,3.3203888,-5.2661133,80.25,13.0
2025-11-02 21:00:00,3.068695,-4.8684235,80.25,13.0
2025-11-02 22:00:00,2.3610992,-4.610672,80.25,13.0
2025-11-02 23:00:00,1.7563019,-4.3417053,80.25,13.0
2025-11-03 00:00:00,1.1034546,-4.2692566,80.25,13.0
2025-11-03 01:00:00,0.6324768,-4.143158,80.25,13.0
2025-11-03 02:00:00,0.24331665,-3.8251038,80.25,13.0
2025-11-03 03:00:00,-0.51008606,-3.4217834,80.25,13.0
2025-11-03 04:00:00,-0.83395386,-2.6208496,80.25,13.0
2025-11-03 05:00:00,-1.2923737,-2.1466064,80.25,13.0
2025-11-03 06:00:00,-2.077301,-2.227066,80.25,13.0
2025-11-03 07:00:00,-2.97052,-2.2947083,80.25,13.0
2025-11-03 08:00:00,-3.3921661,-1.8601227,80.25,13.0
2025-11-03 09:00:00,-3.4892273,-1.4981232,80.25,13.0
2025-11-03 10:00:00,-3.8127594,-0.87409973,80.25,13.0
2025-11-03 11:00:00,-3.44635,-0.35313416,80.25,13.0
2025-11-03 12:00:00,-2.8679504,-0.2645111,80.25,13.0
2025-11-03 13:00:00,-2.5008392,-0.18925476,80.25,13.0
2025-11-03 14:00:00,-2.4774475,-0.13780212,80.25,13.0
2025-11-03 15:00:00,-2.9094849,0.23397827,80.25,13.0
2025-11-03 16:00:00,-3.3097382,0.97306824,80.25,13.0
2025-11-03 17:00:00,-3.5104065,1.3607025,80.25,13.0
2025-11-03 18:00:00,-3.4137726,1.6342163,80.25,13.0
2025-11-03 19:00:00,-3.2816162,1.3721008,80.25,13.0
2025-11-03 20:00:00,-3.3720703,1.0475616,80.25,13.0
2025-11-03 21:00:00,-3.6778412,0.8816986,80.25,13.0
2025-11-03 22:00:00,-3.9337463,1.5447845,80.25,13.0
2025-11-03 23:00:00,-4.4042206,1.3000183,80.25,13.0
2025-11-04 00:00:00,-5.0603027,1.427475,80.25,13.0
2025-11-04 01:00:00,-5.3645325,1.8851776,80.25,13.0
2025-11-04 02:00:00,-5.4332123,2.2298737,80.25,13.0
2025-11-04 03:00:00,-5.524887,2.2976227,80.25,13.0
2025-11-04 04:00:00,-5.782196,2.2935638,80.25,13.0
2025-11-04 05:00:00,-6.0967255,2.3833618,80.25,13.0
2025-11-04 06:00:00,-6.2397003,2.3916779,80.25,13.0
2025-11-04 07:00:00,-6.160431,2.5093536,80.25,13.0
2025-11-04 08:00:00,-5.8681335,2.7416382,80.25,13.0
2025-11-04 09:00:00,-5.4345245,2.7327118,80.25,13.0
2025-11-04 10:00:00,-5.3979645,0.4880371,80.25,13.0
2025-11-04 11:00:00,-6.318466,0.65530396,80.25,13.0
2025-11-04 12:00:00,-6.5457306,1.6162262,80.25,13.0
2025-11-04 13:00:00,-6.308029,2.27417,80.25,13.0
2025-11-04 14:00:00,-6.534622,2.6303864,80.25,13.0
2025-11-04 15:00:00,-6.5845947,3.3663635,80.25,13.0
2025-11-04 16:00:00,-6.2921143,4.1885834,80.25,13.0
2025-11-04 17:00:00,-5.567215,4.883072,80.25,13.0
2025-11-04 18:00:00,-4.6975403,5.3435974,80.25,13.0
2025-11-04 19:00:00,-3.7415466,5.742813,80.25,13.0
2025-11-04 20:00:00,-2.8354187,5.951935,80.25,13.0
2025-11-04 21:00:00,-2.1134796,5.8761597,80.25,13.0
2025-11-04 22:00:00,-0.053268433,4.691162,80.25,13.0
2025-11-04 23:00:00,-0.07902527,3.8427582,80.25,13.0
2025-11-05 00:00:00,-0.5659332,3.6184235,80.25,13.0
2025-11-05 01:00:00,-0.9705963,3.85997,80.25,13.0
2025-11-05 02:00:00,-1.0957031,3.8482513,80.25,13.0
2025-11-05 03:00:00,-1.6286621,3.7109222,80.25,13.0
2025-11-05 04:00:00,-1.87146,3.8618011,80.25,13.0
2025-11-05 05:00:00,-1.9799042,3.8233643,80.25,13.0
2025-11-05 06:00:00,-2.0677795,3.846878,80.25,13.0
2025-11-05 07:00:00,-2.1431732,4.096588,80.25,13.0
2025-11-05 08:00:00,-2.2823792,4.2347565,80.25,13.0
2025-11-05 09:00:00,-2.1564026,4.3098145,80.25,13.0
2025-11-05 10:00:00,-1.6763916,4.8097687,80.25,13.0
2025-11-05 11:00:00,-1.8261261,5.222473,80.25,13.0
2025-11-05 12:00:00,-1.7053375,5.2897644,80.25,13.0
2025-11-05 13:00:00,-1.3388672,4.7269745,80.25,13.0
2025-11-05 14:00:00,-1.1743774,3.8775177,80.25,13.0
2025-11-05 15:00:00,-1.2028503,3.0967407,80.25,13.0
2025-11-05 16:00:00,-1.1976624,2.6930695,80.25,13.0
2025-11-05 17:00:00,-1.0696411,2.5995636,80.25,13.0
2025-11-05 18:00:00,-0.6251526,2.916626,80.25,13.0
2025-11-05 19:00:00,0.23428345,2.9245605,80.25,13.0
2025-11-05 20:00:00,1.5758667,1.7702637,80.25,13.0
2025-11-05 21:00:00,2.792801,-1.373642,80.25,13.0
2025-11-05 22:00:00,2.6156921,-5.9834595,80.25,13.0
2025-11-05 23:00:00,2.714859,-9.227829,80.25,13.0
2025-11-06 00:00:00,2.7923126,-10.96463,80.25,13.0
2025-11-06 01:00:00,2.6745758,-11.238617,80.25,13.0
2025-11-06 02:00:00,2.4504547,-10.787323,80.25,13.0
2025-11-06 03:00:00,2.0799866,-10.233002,80.25,13.0
2025-11-06 04:00:00,1.9509277,-9.931198,80.25,13.0
2025-11-06 05:00:00,1.9977875,-9.864349,80.25,13.0
2025-11-06 06:00:00,1.8782043,-9.674118,80.25,13.0
2025-11-06 07:00:00,1.7062073,-9.421127,80.25,13.0
2025-11-06 08:00:00,1.4654388,-9.26503,80.25,13.0
2025-11-06 09:00:00,1.1237946,-9.097809,80.25,13.0
2025-11-06 10:00:00,-0.2875824,-8.809433,80.25,13.0
2025-11-06 11:00:00,-0.78038025,-8.820038,80.25,13.0
2025-11-06 12:00:00,-1.0798035,-8.328476,80.25,13.0
2025-11-06 13:00:00,-1.6014862,-7.718033,80.25,13.0
2025-11-06 14:00:00,-2.102417,-7.2912445,80.25,13.0
2025-11-06 15:00:00,-2.4070587,-7.0543823,80.25,13.0
2025-11-06 16:00:00,-2.6095123,-7.0026855,80.25,13.0
2025-11-06 17:00:00,-3.1792603,-6.7839203,80.25,13.0
2025-11-06 18:00:00,-4.0214844,-6.358383,80.25,13.0
2025-11-06 19:00:00,-4.7057343,-5.751358,80.25,13.0
2025-11-06 20:00:00,-5.2912903,-5.032776,80.25,13.0
2025-11-06 21:00:00,-5.692566,-4.3572235,80.25,13.0
2025-11-06 22:00:00,-5.5440216,-3.991516,80.25,13.0
2025-11-06 23:00:00,-6.163742,-3.4011536,80.25,13.0
2025-11-07 00:00:00,-6.327347,-3.633255,80.25,13.0
2025-11-07 01:00:00,-6.2174225,-3.7975159,80.25,13.0
2025-11-07 02:00:00,-6.2229156,-3.8462372,80.25,13.0
2025-11-07 03:00:00,-6.5203857,-3.562271,80.25,13.0
2025-11-07 04:00:00,-6.749939,-3.1649933,80.25,13.0
2025-11-07 05:00:00,-6.9217224,-2.8056793,80.25,13.0
2025-11-07 06:00:00,-6.816101,-2.629425,80.25,13.0
2025-11-07 07:00:00,-6.596527,-2.547409,80.25,13.0
2025-11-07 08:00:00,-6.426773,-2.5161133,80.25,13.0
2025-11-07 09:00:00,-5.835724,-2.527237,80.25,13.0
2025-11-07 10:00:00,-5.723755,-3.4013214,80.25,13.0
2025-11-07 11:00:00,-5.8792725,-3.4530945,80.25,13.0
2025-11-07 12:00:00,-5.5690613,-3.3259888,80.25,13.0
2025-11-07 13:00:00,-4.940613,-3.639557,80.25,13.0
2025-11-07 14:00:00,-4.5170593,-4.2843933,80.25,13.0
2025-11-07 15:00:00,-4.5246735,-4.3917084,80.25,13.0
2025-11-07 16:00:00,-4.134369,-4.268051,80.25,13.0
2025-11-07 17:00:00,-3.5044556,-4.884079,80.25,13.0
2025-11-07 18:00:00,-2.4655151,-6.17334,80.25,13.0
2025-11-07 19:00:00,-1.4168549,-7.412628,80.25,13.0
2025-11-07 20:00:00,-1.2970276,-7.9648895,80.25,13.0
2025-11-07 21:00:00,-1.9117737,-7.7358704,80.25,13.0
2025-11-07 22:00:00,-3.009735,-4.9733276,80.25,13.0
2025-11-07 23:00:00,-3.510025,-4.2578735,80.25,13.0
2025-11-08 00:00:00,-4.101639,-3.6487274,80.25,13.0
2025-11-08 01:00:00,-5.133911,-3.4265137,80.25,13.0
2025-11-08 02:00:00,-6.436142,-2.8559418,80.25,13.0
2025-11-08 03:00:00,-7.7381744,-3.0431366,80.25,13.0
2025-11-08 04:00:00,-8.940887,-4.312271,80.25,13.0
2025-11-08 05:00:00,-9.676071,-7.4637146,80.25,13.0
2025-11-08 06:00:00,-10.821625,-11.294418,80.25,13.0
2025-11-08 07:00:00,-11.2982025,-13.86795,80.25,13.0
2025-11-08 08:00:00,-9.643494,-14.311829,80.25,13.0
2025-11-08 09:00:00,-8.995453,-14.746033,80.25,13.0
2025-11-08 10:00:00,-8.945007,-14.74176,80.25,13.0
2025-11-08 11:00:00,-8.375244,-14.873611,80.25,13.0
2025-11-08 12:00:00,-7.4207153,-15.144012,80.25,13.0
2025-11-08 13:00:00,-6.322052,-15.230606,80.25,13.0
2025-11-08 14:00:00,-5.415695,-15.271652,80.25,13.0
2025-11-08 15:00:00,-4.839508,-15.275955,80.25,13.0
2025-11-08 16:00:00,-4.238022,-15.065414,80.25,13.0
2025-11-08 17:00:00,-3.8232422,-14.925858,80.25,13.0
2025-11-08 18:00:00,-3.596756,-14.557434,80.25,13.0
2025-11-08 19:00:00,-3.7351685,-14.178864,80.25,13.0
2025-11-08 20:00:00,-3.6972961,-13.871918,80.25,13.0
2025-11-08 21:00:00,-3.7120972,-13.609482,80.25,13.0
2025-11-08 22:00:00,-4.5093384,-11.431412,80.25,13.0
2025-11-08 23:00:00,-3.9133606,-12.815659,80.25,13.0
2025-11-09 00:00:00,-3.6915283,-13.271881,80.25,13.0
2025-11-09 01:00:00,-3.8439178,-12.924225,80.25,13.0
2025-11-09 02:00:00,-3.8660126,-12.495224,80.25,13.0
2025-11-09 03:00:00,-3.7571259,-12.178665,80.25,13.0
2025-11-09 04:00:00,-3.549942,-11.979019,80.25,13.0
2025-11-09 05:00:00,-3.4964447,-11.839737,80.25,13.0
2025-11-09 06:00:00,-3.761444,-11.546631,80.25,13.0
2025-11-09 07:00:00,-4.224045,-11.292023,80.25,13.0
2025-11-09 08:00:00,-4.8358307,-11.190735,80.25,13.0
2025-11-09 09:00:00,-5.173828,-11.456604,80.25,13.0
2025-11-09 10:00:00,-5.7478943,-10.155502,80.25,13.0
2025-11-09 11:00:00,-5.947998,-11.509613,80.25,13.0
2025-11-09 12:00:00,-6.5460205,-11.996948,80.25,13.0
2025-11-09 13:00:00,-6.5825806,-11.76358,80.25,13.0
2025-11-09 14:00:00,-6.2216034,-11.5780945,80.25,13.0
2025-11-09 15:00:00,-5.984558,-11.393692,80.25,13.0
2025-11-09 16:00:00,-5.9741974,-11.306793,80.25,13.0
2025-11-09 17:00:00,-6.061676,-11.45134,80.25,13.0
2025-11-09 18:00:00,-6.2224884,-11.837082,80.25,13.0
2025-11-09 19:00:00,-6.7668915,-11.690063,80.25,13.0
2025-11-09 20:00:00,-7.129013,-11.498093,80.25,13.0
2025-11-09 21:00:00,-7.908249,-10.932114,80.25,13.0
2025-11-09 22:00:00,-8.02713,-10.048218,80.25,13.0
2025-11-09 23:00:00,-8.743774,-9.980316,80.25,13.0
2025-11-10 00:00:00,-9.444824,-9.317413,80.25,13.0
2025-11-10 01:00:00,-9.6115265,-8.20607,80.25,13.0
2025-11-10 02:00:00,-9.608643,-6.954376,80.25,13.0
2025-11-10 03:00:00,-9.399445,-5.942398,80.25,13.0
2025-11-10 04:00:00,-9.406006,-5.148163,80.25,13.0
2025-11-10 05:00:00,-9.418076,-4.561844,80.25,13.0
2025-11-10 06:00:00,-9.563705,-3.813385,80.25,13.0
2025-11-10 07:00:00,-9.523224,-2.9704132,80.25,13.0
2025-11-10 08:00:00,-9.203293,-2.184143,80.25,13.0
2025-11-10 09:00:00,-8.715668,-1.6210938,80.25,13.0
2025-11-10 10:00:00,-8.823685,-1.4388275,80.25,13.0
2025-11-10 11:00:00,-8.3405,-0.36616516,80.25,13.0
2025-11-10 12:00:00,-7.914154,0.39500427,80.25,13.0
2025-11-10 13:00:00,-7.561432,0.8129425,80.25,13.0
2025-11-10 14:00:00,-7.356064,1.0394287,80.25,13.0
2025-11-10 15:00:00,-7.055084,0.9123993,80.25,13.0
2025-11-10 16:00:00,-6.9114075,0.72821045,80.25,13.0
2025-11-10 17:00:00,-6.8430634,0.45788574,80.25,13.0
2025-11-10 18:00:00,-6.606842,0.33151245,80.25,13.0
2025-11-10 19:00:00,-6.4111023,0.12867737,80.25,13.0
2025-11-10 20:00:00,-6.238571,-0.08325195,80.25,13.0
2025-11-10 21:00:00,-6.0531464,-0.32162476,80.25,13.0
2025-11-10 22:00:00,-6.1793365,-0.26545715,80.25,13.0
2025-11-10 23:00:00,-5.710373,-0.5996094,80.25,13.0
2025-11-11 00:00:00,-5.3316345,-1.4881744,80.25,13.0
2025-11-11 01:00:00,-5.248749,-2.3283844,80.25,13.0
2025-11-11 02:00:00,-5.2330017,-2.690689,80.25,13.0
2025-11-11 03:00:00,-5.018524,-2.6842499,80.25,13.0
2025-11-11 04:00:00,-4.5660706,-2.742752,80.25,13.0
2025-11-11 05:00:00,-4.242996,-3.0512085,80.25,13.0
2025-11-11 06:00:00,-4.008789,-3.4612274,80.25,13.0
2025-11-11 07:00:00,-3.9000092,-3.9377441,80.25,13.0
2025-11-11 08:00:00,-3.771469,-4.3292236,80.25,13.0
2025-11-11 09:00:00,-3.4441986,-4.363922,80.25,13.0
2025-11-11 10:00:00,-2.72937,-3.1355743,80.25,13.0
2025-11-11 11:00:00,-1.9013062,-3.1407318,80.25,13.0
2025-11-11 12:00:00,-1.725769,-3.7288513,80.25,13.0
2025-11-11 13:00:00,-2.0655823,-4.680435,80.25,13.0
2025-11-11 14:00:00,-2.3114166,-4.9050903,80.25,13.0
2025-11-11 15:00:00,-1.7463226,-4.9362335,80.25,13.0
2025-11-11 16:00:00,-1.6127777,-5.2681274,80.25,13.0
2025-11-11 17:00:00,-1.8585663,-5.946823,80.25,13.0
2025-11-11 18:00:00,-2.1040955,-6.4188995,80.25,13.0
2025-11-11 19:00:00,-2.3019714,-6.8893433,80.25,13.0
2025-11-11 20:00:00,-2.4326172,-7.2799225,80.25,13.0
2025-11-11 21:00:00,-2.3411102,-7.3841705,80.25,13.0
2025-11-11 22:00:00,-0.7282562,-6.808258,80.25,13.0
2025-11-11 23:00:00,-0.58665466,-8.117981,80.25,13.0
2025-11-12 00:00:00,-0.9915161,-8.859451,80.25,13.0
2025-11-12 01:00:00,-1.5413208,-9.217926,80.25,13.0
2025-11-12 02:00:00,-1.863739,-9.077087,80.25,13.0
2025-11-12 03:00:00,-2.047638,-8.981293,80.25,13.0
2025-11-12 04:00:00,-2.1956635,-9.043457,80.25,13.0
2025-11-12 05:00:00,-2.4754639,-9.306213,80.25,13.0
2025-11-12 06:00:00,-2.7615356,-9.604263,80.25,13.0
2025-11-12 07:00:00,-2.987381,-9.869553,80.25,13.0
2025-11-12 08:00:00,-3.141739,-10.016418,80.25,13.0
2025-11-12 09:00:00,-3.1965637,-10.07077,80.25,13.0
2025-11-12 10:00:00,-3.7708282,-9.332794,80.25,13.0
2025-11-12 11:00:00,-3.1515045,-10.0780945,80.25,13.0
2025-11-12 12:00:00,-3.116516,-10.511536,80.25,13.0
2025-11-12 13:00:00,-3.1287537,-10.878311,80.25,13.0
2025-11-12 14:00:00,-3.060791,-11.25267,80.25,13.0
2025-11-12 15:00:00,-2.9162292,-11.527054,80.25,13.0
2025-11-12 16:00:00,-2.6406555,-11.686462,80.25,13.0
2025-11-12 17:00:00,-2.3470917,-11.8940735,80.25,13.0
2025-11-12 18:00:00,-2.3283386,-12.049133,80.25,13.0
2025-11-12 19:00:00,-2.5893402,-11.7561035,80.25,13.0
2025-11-12 20:00:00,-2.8990479,-11.66481,80.25,13.0
2025-11-12 21:00:00,-3.1295319,-11.536377,80.25,13.0
2025-11-12 22:00:00,-3.401062,-11.951202,80.25,13.0
2025-11-12 23:00:00,-3.2980194,-11.411118,80.25,13.0
2025-11-13 00:00:00,-3.0211945,-11.514328,80.25,13.0
2025-11-13 01:00:00,-2.6126099,-11.458435,80.25,13.0
2025-11-13 02:00:00,-2.1920319,-11.398743,80.25,13.0
2025-11-13 03:00:00,-1.7094421,-11.237534,80.25,13.0
2025-11-13 04:00:00,-1.3811493,-11.207733,80.25,13.0
2025-11-13 05:00:00,-1.1770325,-11.185867,80.25,13.0
2025-11-13 06:00:00,-0.8753052,-10.974014,80.25,13.0
2025-11-13 07:00:00,-0.5300751,-10.837906,80.25,13.0
2025-11-13 08:00:00,-0.14149475,-10.614456,80.25,13.0
2025-11-13 09:00:00,0.18722534,-10.367905,80.25,13.0
2025-11-13 10:00:00,-0.58206177,-8.096329,80.25,13.0
2025-11-13 11:00:00,0.8555603,-8.581085,80.25,13.0
2025-11-13 12:00:00,1.830658,-9.20549,80.25,13.0
2025-11-13 13:00:00,2.3044891,-9.5937195,80.25,13.0
2025-11-13 14:00:00,2.4926453,-9.727982,80.25,13.0
2025-11-13 15:00:00,2.5706024,-9.820251,80.25,13.0
2025-11-13 16:00:00,2.4053955,-9.97699,80.25,13.0
2025-11-13 17:00:00,2.1824493,-10.198624,80.25,13.0
2025-11-13 18:00:00,1.7847443,-10.233856,80.25,13.0
2025-11-13 19:00:00,1.4556732,-10.274475,80.25,13.0
2025-11-13 20:00:00,1.1003723,-10.282913,80.25,13.0
2025-11-13 21:00:00,1.1733551,-10.416458,80.25,13.0
2025-11-13 22:00:00,1.5370026,-10.361389,80.25,13.0
2025-11-13 23:00:00,1.5524597,-10.538239,80.25,13.0
2025-11-14 00:00:00,1.5363922,-10.679459,80.25,13.0
2025-11-14 01:00:00,1.005127,-10.36377,80.25,13.0
2025-11-14 02:00:00,1.3363953,-10.220947,80.25,13.0
2025-11-14 03:00:00,2.0843048,-10.398117,80.25,13.0
2025-11-14 04:00:00,1.8608856,-10.471481,80.25,13.0
2025-11-14 05:00:00,1.6096954,-10.216171,80.25,13.0
2025-11-14 06:00:00,1.8305054,-9.88768,80.25,13.0
2025-11-14 07:00:00,2.4296265,-9.594757,80.25,13.0
2025-11-14 08:00:00,3.0089264,-9.63089,80.25,13.0
2025-11-14 09:00:00,3.124588,-9.575363,80.25,13.0
2025-11-14 10:00:00,3.3290253,-9.084518,80.25,13.0
2025-11-14 11:00:00,3.7875214,-8.679306,80.25,13.0
2025-11-14 12:00:00,4.825943,-8.504242,80.25,13.0
2025-11-14 13:00:00,5.460617,-8.494522,80.25,13.0
2025-11-14 14:00:00,5.390396,-8.283493,80.25,13.0
2025-11-14 15:00:00,5.362274,-7.97908,80.25,13.0
2025-11-14 16:00:00,5.5026855,-7.796768,80.25,13.0
2025-11-14 17:00:00,5.62941,-7.7260895,80.25,13.0
2025-11-14 18:00:00,5.7710876,-7.768341,80.25,13.0
2025-11-14 19:00:00,5.955261,-7.8405,80.25,13.0
2025-11-14 20:00:00,6.0256195,-7.792877,80.25,13.0
2025-11-14 21:00:00,5.674652,-8.106171,80.25,13.0
2025-11-14 22:00:00,4.800583,-8.148743,80.25,13.0
2025-11-14 23:00:00,4.6091766,-7.5751038,80.25,13.0
2025-11-15 00:00:00,4.485504,-7.3988495,80.25,13.0
2025-11-15 01:00:00,4.6680145,-7.352066,80.25,13.0
2025-11-15 02:00:00,4.757004,-6.8554688,80.25,13.0
2025-11-15 03:00:00,4.694351,-7.0228577,80.25,13.0
2025-11-15 04:00:00,4.2046814,-7.286209,80.25,13.0
2025-11-15 05:00:00,3.2114105,-7.2058563,80.25,13.0
2025-11-15 06:00:00,2.8336334,-7.845154,80.25,13.0
2025-11-15 07:00:00,2.0020447,-8.926041,80.25,13.0
2025-11-15 08:00:00,0.46850586,-9.483276,80.25,13.0
2025-11-15 09:00:00,-1.9934082,-10.459991,80.25,13.0
2025-11-15 10:00:00,-2.7267303,-10.665573,80.25,13.0
2025-11-15 11:00:00,-3.7217712,-12.422165,80.25,13.0
2025-11-15 12:00:00,-4.3710785,-13.209946,80.25,13.0
2025-11-15 13:00:00,-5.0375824,-13.716309,80.25,13.0
2025-11-15 14:00:00,-5.522995,-13.909546,80.25,13.0
2025-11-15 15:00:00,-6.1016846,-14.027481,80.25,13.0
2025-11-15 16:00:00,-6.718796,-14.166534,80.25,13.0
2025-11-15 17:00:00,-7.347351,-14.137253,80.25,13.0
2025-11-15 18:00:00,-8.083099,-14.166199,80.25,13.0
2025-11-15 19:00:00,-8.374435,-14.068451,80.25,13.0
2025-11-15 20:00:00,-8.86055,-14.24678,80.25,13.0
2025-11-15 21:00:00,-8.28685,-14.332672,80.25,13.0
2025-11-15 22:00:00,-7.337158,-14.979813,80.25,13.0
2025-11-15 23:00:00,-6.820114,-14.268997,80.25,13.0
2025-11-16 00:00:00,-6.365509,-13.85582,80.25,13.0
2025-11-16 01:00:00,-6.1655273,-13.747162,80.25,13.0
2025-11-16 02:00:00,-5.9023285,-13.575119,80.25,13.0
2025-11-16 03:00:00,-5.556381,-13.497528,80.25,13.0
2025-11-16 04:00:00,-5.221237,-13.470352,80.25,13.0
2025-11-16 05:00:00,-4.9866333,-13.55629,80.25,13.0
2025-11-16 06:00:00,-4.6085052,-13.584045,80.25,13.0
2025-11-16 07:00:00,-4.056137,-13.590851,80.25,13.0
2025-11-16 08:00:00,-3.6037598,-13.574417,80.25,13.0
2025-11-16 09:00:00,-3.5483093,-13.492554,80.25,13.0
2025-11-16 10:00:00,-3.1872253,-12.900192,80.25,13.0
2025-11-16 11:00:00,-3.0205688,-13.44133,80.25,13.0
2025-11-16 12:00:00,-3.2218323,-13.217606,80.25,13.0
2025-11-16 13:00:00,-3.3422394,-12.906982,80.25,13.0
2025-11-16 14:00:00,-3.3733673,-12.911591,80.25,13.0
2025-11-16 15:00:00,-3.2124786,-13.072922,80.25,13.0
2025-11-16 16:00:00,-2.9515533,-13.300842,80.25,13.0
2025-11-16 17:00:00,-2.8241882,-13.555969,80.25,13.0
2025-11-16 18:00:00,-2.7685394,-13.640564,80.25,13.0
2025-11-16 19:00:00,-2.8007202,-13.760681,80.25,13.0
2025-11-16 20:00:00,-2.9777832,-13.977173,80.25,13.0
2025-11-16 21:00:00,-3.033615,-14.067429,80.25,13.0
2025-11-16 22:00:00,-3.0974884,-14.283005,80.25,13.0
2025-11-16 23:00:00,-2.6036072,-14.435043,80.25,13.0
2025-11-17 00:00:00,-2.4345245,-14.675751,80.25,13.0
2025-11-17 01:00:00,-2.2213135,-14.733246,80.25,13.0
2025-11-17 02:00:00,-1.867691,-14.732422,80.25,13.0
2025-11-17 03:00:00,-1.6050415,-14.837784,80.25,13.0
2025-11-17 04:00:00,-1.2983551,-14.99057,80.25,13.0
2025-11-17 05:00:00,-1.195282,-15.06131,80.25,13.0
2025-11-17 06:00:00,-1.2552032,-15.106155,80.25,13.0
2025-11-17 07:00:00,-1.6251221,-15.110382,80.25,13.0
2025-11-17 08:00:00,-2.2523499,-14.914368,80.25,13.0
2025-11-17 09:00:00,-2.7903595,-14.516083,80.25,13.0
2025-11-17 10:00:00,-3.9006348,-12.749176,80.25,13.0
2025-11-17 11:00:00,-3.5328674,-13.42955,80.25,13.0
2025-11-17 12:00:00,-3.6069794,-13.612778,80.25,13.0
2025-11-17 13:00:00,-3.6823578,-13.397995,80.25,13.0
2025-11-17 14:00:00,-3.6218567,-13.333572,80.25,13.0
2025-11-17 15:00:00,-3.700348,-13.230011,80.25,13.0
2025-11-17 16:00:00,-3.984497,-13.20137,80.25,13.0
2025-11-17 17:00:00,-4.2413635,-13.258575,80.25,13.0
2025-11-17 18:00:00,-4.2427216,-13.178787,80.25,13.0
2025-11-17 19:00:00,-4.267914,-13.082611,80.25,13.0
2025-11-17 20:00:00,-4.2869873,-12.847595,80.25,13.0
2025-11-17 21:00:00,-4.3194885,-12.635498,80.25,13.0
2025-11-17 22:00:00,-4.214752,-12.179947,80.25,13.0
2025-11-17 23:00:00,-3.4525146,-12.375626,80.25,13.0
2025-11-18 00:00:00,-2.6700897,-12.663345,80.25,13.0
2025-11-18 01:00:00,-1.9206696,-12.523193,80.25,13.0
2025-11-18 02:00:00,-1.928772,-12.15744,80.25,13.0
2025-11-18 03:00:00,-2.0962067,-11.745453,80.25,13.0
2025-11-18 04:00:00,-2.1219788,-11.595062,80.25,13.0
2025-11-18 05:00:00,-2.3687897,-11.403442,80.25,13.0
2025-11-18 06:00:00,-2.603363,-11.237427,80.25,13.0
2025-11-18 07:00:00,-2.8159637,-10.974533,80.25,13.0
2025-11-18 08:00:00,-2.9614258,-10.762222,80.25,13.0
2025-11-18 09:00:00,-3.215393,-10.574585,80.25,13.0
2025-11-18 10:00:00,-3.6928864,-9.871246,80.25,13.0
2025-11-18 11:00:00,-3.4934235,-9.973724,80.25,13.0
2025-11-18 12:00:00,-3.6144257,-9.8645935,80.25,13.0
2025-11-18 13:00:00,-3.748764,-9.6449585,80.25,13.0
2025-11-18 14:00:00,-3.7939606,-9.403046,80.25,13.0
2025-11-18 15:00:00,-3.822647,-9.047958,80.25,13.0
2025-11-18 16:00:00,-3.8416595,-8.653,80.25,13.0
2025-11-18 17:00:00,-3.9027405,-8.51442,80.25,13.0
2025-11-18 18:00:00,-3.9232788,-8.333618,80.25,13.0
2025-11-18 19:00:00,-4.1287537,-8.321243,80.25,13.0
2025-11-18 20:00:00,-4.297119,-8.187164,80.25,13.0
2025-11-18 21:00:00,-4.4947815,-8.117996,80.25,13.0
2025-11-18 22:00:00,-4.067978,-7.9924164,80.25,13.0
2025-11-18 23:00:00,-4.503586,-7.8952484,80.25,13.0
2025-11-19 00:00:00,-5.0146027,-7.490082,80.25,13.0
2025-11-19 01:00:00,-5.141815,-7.304291,80.25,13.0
2025-11-19 02:00:00,-4.9237823,-7.5009766,80.25,13.0
2025-11-19 03:00:00,-4.634796,-7.920685,80.25,13.0
2025-11-19 04:00:00,-4.3446045,-8.206619,80.25,13.0
2025-11-19 05:00:00,-4.187195,-8.169815,80.25,13.0
2025-11-19 06:00:00,-4.1517944,-8.046173,80.25,13.0
2025-11-19 07:00:00,-4.141693,-7.910904,80.25,13.0
2025-11-19 08:00:00,-4.181717,-7.8063507,80.25,13.0
2025-11-19 09:00:00,-4.2754364,-7.5028687,80.25,13.0
2025-11-19 10:00:00,-4.749954,-6.52713,80.25,13.0
2025-11-19 11:00:00,-4.739746,-6.5440674,80.25,13.0
2025-11-19 12:00:00,-4.8757324,-6.341873,80.25,13.0
2025-11-19 13:00:00,-4.8991547,-5.9861145,80.25,13.0
2025-11-19 14:00:00,-4.822571,-5.52388,80.25,13.0
2025-11-19 15:00:00,-4.7030334,-5.1015778,80.25,13.0
2025-11-19 16:00:00,-4.409317,-4.7816772,80.25,13.0
2025-11-19 17:00:00,-4.2436066,-4.537506,80.25,13.0
2025-11-19 18:00:00,-4.1875153,-4.142975,80.25,13.0
2025-11-19 19:00:00,-4.3925934,-3.6139374,80.25,13.0
2025-11-19 20:00:00,-4.346573,-3.1215668,80.25,13.0
2025-11-19 21:00:00,-4.116104,-2.640976,80.25,13.0
2025-11-19 22:00:00,-3.938324,-2.113968,80.25,13.0
2025-11-19 23:00:00,-3.5894012,-2.1068878,80.25,13.0
2025-11-20 00:00:00,-3.2530975,-2.1156921,80.25,13.0
2025-11-20 01:00:00,-3.0188293,-2.3211823,80.25,13.0
2025-11-20 02:00:00,-2.9315186,-2.558609,80.25,13.0
2025-11-20 03:00:00,-3.0255432,-2.7769775,80.25,13.0
2025-11-20 04:00:00,-3.2827454,-2.8753967,80.25,13.0
2025-11-20 05:00:00,-3.5650024,-2.678299,80.25,13.0
2025-11-20 06:00:00,-3.578659,-2.6899261,80.25,13.0
2025-11-20 07:00:00,-3.4420166,-2.6010437,80.25,13.0
2025-11-20 08:00:00,-3.1737976,-2.7034607,80.25,13.0
2025-11-20 09:00:00,-2.7402496,-2.6351776,80.25,13.0
2025-11-20 10:00:00,-2.463791,-2.9175873,80.25,13.0
2025-11-20 11:00:00,-1.9898224,-2.7096405,80.25,13.0
2025-11-20 12:00:00,-1.4659576,-2.7279358,80.25,13.0
2025-11-20 13:00:00,-0.9685364,-2.7219849,80.25,13.0
2025-11-20 14:00:00,-0.48597717,-2.6136322,80.25,13.0
2025-11-20 15:00:00,0.0920105,-2.5642242,80.25,13.0
2025-11-20 16:00:00,0.68006897,-2.6210327,80.25,13.0
2025-11-20 17:00:00,1.1104431,-2.8366547,80.25,13.0
2025-11-20 18:00:00,1.3027802,-2.9855347,80.25,13.0
2025-11-20 19:00:00,1.6808472,-3.0564117,80.25,13.0
2025-11-20 20:00:00,2.12117,-3.2898712,80.25,13.0
2025-11-20 21:00:00,2.2298737,-3.7078094,80.25,13.0
2025-11-20 22:00:00,3.1777954,-4.215866,80.25,13.0
2025-11-20 23:00:00,2.9918976,-4.096283,80.25,13.0
2025-11-21 00:00:00,2.9240112,-3.6060638,80.25,13.0
2025-11-21 01:00:00,2.9510803,-3.7269592,80.25,13.0
2025-11-21 02:00:00,2.73143,-3.849823,80.25,13.0
2025-11-21 03:00:00,2.3637543,-3.6468048,80.25,13.0
2025-11-21 04:00:00,2.1631165,-3.253769,80.25,13.0
2025-11-21 05:00:00,2.267395,-2.8264923,80.25,13.0
2025-11-21 06:00:00,2.3782349,-2.6137695,80.25,13.0
2025-11-21 07:00:00,2.4092712,-2.3111267,80.25,13.0
2025-11-21 08:00:00,2.4643097,-2.1408844,80.25,13.0
2025-11-21 09:00:00,2.5525665,-2.2259521,80.25,13.0
2025-11-21 10:00:00,1.769577,-2.3031158,80.25,13.0
2025-11-21 11:00:00,1.7626343,-2.4367218,80.25,13.0
2025-11-21 12:00:00,1.6816711,-2.4981537,80.25,13.0
2025-11-21 13:00:00,1.5339203,-2.7467804,80.25,13.0
2025-11-21 14:00:00,1.1598358,-3.175064,80.25,13.0
2025-11-21 15:00:00,0.769577,-3.2187958,80.25,13.0
2025-11-21 16:00:00,0.48957825,-3.490738,80.25,13.0
2025-11-21 17:00:00,0.22640991,-3.5041962,80.25,13.0
2025-11-21 18:00:00,-0.15724182,-3.3022156,80.25,13.0
2025-11-21 19:00:00,-0.61953735,-2.9163055,80.25,13.0
2025-11-21 20:00:00,-0.9022064,-2.1889954,80.25,13.0
2025-11-21 21:00:00,-0.50505066,-1.5130615,80.25,13.0
2025-11-21 22:00:00,-1.2367096,-0.80656433,80.25,13.0
2025-11-21 23:00:00,-0.78652954,-0.47042847,80.25,13.0
2025-11-22 00:00:00,-0.88316345,-0.38432312,80.25,13.0
2025-11-22 01:00:00,-1.02211,-0.11160278,80.25,13.0
2025-11-22 02:00:00,-0.9599304,0.3217163,80.25,13.0
2025-11-22 03:00:00,-0.7180481,0.5548248,80.25,13.0
2025-11-22 04:00:00,-0.4691162,0.41453552,80.25,13.0
2025-11-22 05:00:00,-0.44259644,0.4272766,80.25,13.0
2025-11-22 06:00:00,-0.43652344,0.533844,80.25,13.0
2025-11-22 07:00:00,-0.60092163,0.68670654,80.25,13.0
2025-11-22 08:00:00,-0.80319214,0.79937744,80.25,13.0
2025-11-22 09:00:00,-1.1463928,1.278183,80.25,13.0
2025-11-22 10:00:00,-2.4264069,0.4958496,80.25,13.0
2025-11-22 11:00:00,-3.166397,0.9799042,80.25,13.0
2025-11-22 12:00:00,-3.410019,1.7577515,80.25,13.0
2025-11-22 13:00:00,-3.2746124,2.0325165,80.25,13.0
2025-11-22 14:00:00,-2.996231,2.06604,80.25,13.0
2025-11-22 15:00:00,-2.9620667,1.8145905,80.25,13.0
2025-11-22 16:00:00,-3.0940247,1.4254303,80.25,13.0
2025-11-22 17:00:00,-3.3052826,1.2381287,80.25,13.0
2025-11-22 18:00:00,-3.3803253,1.2298279,80.25,13.0
2025-11-22 19:00:00,-3.2734833,1.3171234,80.25,13.0
2025-11-22 20:00:00,-3.3523712,1.0932465,80.25,13.0
2025-11-22 21:00:00,-3.6064453,0.9441681,80.25,13.0
2025-11-22 22:00:00,-2.290207,0.7428894,80.25,13.0
2025-11-22 23:00:00,-2.5498962,0.6030426,80.25,13.0
2025-11-23 00:00:00,-2.6868744,0.40046692,80.25,13.0
2025-11-23 01:00:00,-3.078415,0.07531738,80.25,13.0
2025-11-23 02:00:00,-3.355072,-0.115737915,80.25,13.0
2025-11-23 03:00:00,-3.6440887,-0.24180603,80.25,13.0
2025-11-23 04:00:00,-3.9253387,-0.2918396,80.25,13.0
2025-11-23 05:00:00,-4.275406,-0.060287476,80.25,13.0
2025-11-23 06:00:00,-4.6804657,0.32006836,80.25,13.0
2025-11-23 07:00:00,-5.0604706,0.7861328,80.25,13.0
2025-11-23 08:00:00,-5.291214,1.5304108,80.25,13.0
2025-11-23 09:00:00,-5.658386,1.8496857,80.25,13.0
2025-11-23 10:00:00,-2.6433716,-3.2478333,80.25,13.0
2025-11-23 11:00:00,-4.3513336,-4.1565704,80.25,13.0
2025-11-23 12:00:00,-5.979767,-2.1788483,80.25,13.0
2025-11-23 13:00:00,-6.5273743,0.49214172,80.25,13.0
2025-11-23 14:00:00,-6.311966,3.2717438,80.25,13.0
2025-11-23 15:00:00,-5.4252777,4.8361816,80.25,13.0
2025-11-23 16:00:00,-4.7184296,4.982315,80.25,13.0
2025-11-23 17:00:00,-4.5256195,4.5512085,80.25,13.0
2025-11-23 18:00:00,-4.8441772,4.1601562,80.25,13.0
2025-11-23 19:00:00,-4.966263,3.9993744,80.25,13.0
2025-11-23 20:00:00,-4.857498,3.669754,80.25,13.0
2025-11-23 21:00:00,-5.0430756,3.2535553,80.25,13.0
2025-11-23 22:00:00,-4.34079,2.7737885,80.25,13.0
2025-11-23 23:00:00,-3.7798462,2.927185,80.25,13.0
2025-11-24 00:00:00,-3.8939667,2.458847,80.25,13.0
2025-11-24 01:00:00,-4.0386505,2.11557,80.25,13.0
2025-11-24 02:00:00,-4.359192,1.8898468,80.25,13.0
2025-11-24 03:00:00,-5.145691,1.3735504,80.25,13.0
2025-11-24 04:00:00,-6.6350555,0.919754,80.25,13.0
2025-11-24 05:00:00,-8.0503845,0.5945587,80.25,13.0
2025-11-24 06:00:00,-8.85144,0.34313965,80.25,13.0
2025-11-24 07:00:00,-9.4535675,-0.041259766,80.25,13.0
2025-11-24 08:00:00,-9.568787,-0.20820618,80.25,13.0
2025-11-24 09:00:00,-9.334381,-0.030395508,80.25,13.0
2025-11-24 10:00:00,-9.361023,0.77394104,80.25,13.0
2025-11-24 11:00:00,-9.791458,-0.20101929,80.25,13.0
2025-11-24 12:00:00,-10.370544,-0.4982605,80.25,13.0
2025-11-24 13:00:00,-10.95697,-0.13760376,80.25,13.0
2025-11-24 14:00:00,-10.931015,0.81578064,80.25,13.0
2025-11-24 15:00:00,-10.590164,1.8053436,80.25,13.0
2025-11-24 16:00:00,-10.288376,2.1091309,80.25,13.0
2025-11-24 17:00:00,-10.105362,1.7608795,80.25,13.0
2025-11-24 18:00:00,-10.162781,1.6627045,80.25,13.0
2025-11-24 19:00:00,-9.684402,1.7659302,80.25,13.0
2025-11-24 20:00:00,-8.84639,1.8338776,80.25,13.0
2025-11-24 21:00:00,-8.140945,2.0402985,80.25,13.0
2025-11-24 22:00:00,-7.469742,1.9708252,80.25,13.0
2025-11-24 23:00:00,-7.4573975,2.446762,80.25,13.0
2025-11-25 00:00:00,-7.840988,2.6996155,80.25,13.0
2025-11-25 01:00:00,-8.564667,2.7199402,80.25,13.0
2025-11-25 02:00:00,-9.396591,2.8768005,80.25,13.0
2025-11-25 03:00:00,-10.054565,2.7599945,80.25,13.0
2025-11-25 04:00:00,-10.307831,2.682129,80.25,13.0
2025-11-25 05:00:00,-10.073074,2.4095001,80.25,13.0
2025-11-25 06:00:00,-9.559586,1.9459381,80.25,13.0
2025-11-25 07:00:00,-9.083084,1.0872955,80.25,13.0
2025-11-25 08:00:00,-8.879486,0.26019287,80.25,13.0
2025-11-25 09:00:00,-9.367798,0.25938416,80.25,13.0
2025-11-25 10:00:00,-11.55307,2.1995544,80.25,13.0
2025-11-25 11:00:00,-12.618546,0.55989075,80.25,13.0
2025-11-25 12:00:00,-14.060486,-1.721756,80.25,13.0
2025-11-25 13:00:00,-15.002457,-2.9239655,80.25,13.0
2025-11-25 14:00:00,-14.938034,-3.8491669,80.25,13.0
2025-11-25 15:00:00,-15.148102,-4.6908417,80.25,13.0
2025-11-25 16:00:00,-15.29834,-4.9762573,80.25,13.0
2025-11-25 17:00:00,-15.243393,-5.204056,80.25,13.0
2025-11-25 18:00:00,-15.436066,-5.128784,80.25,13.0
2025-11-25 19:00:00,-15.403748,-4.9176025,80.25,13.0
2025-11-25 20:00:00,-14.743866,-4.4163055,80.25,13.0
2025-11-25 21:00:00,-13.6072235,-3.0250244,80.25,13.0
2025-11-25 22:00:00,-11.833008,-1.8670502,80.25,13.0
2025-11-25 23:00:00,-9.527557,-1.1368256,80.25,13.0
2025-11-26 00:00:00,-8.078827,-1.1507263,80.25,13.0
2025-11-26 01:00:00,-7.5793,-0.16004944,80.25,13.0
2025-11-26 02:00:00,-7.9736176,1.2747192,80.25,13.0
2025-11-26 03:00:00,-8.710388,2.0994568,80.25,13.0
2025-11-26 04:00:00,-9.521271,2.712616,80.25,13.0
2025-11-26 05:00:00,-10.301025,3.2113342,80.25,13.0
2025-11-26 06:00:00,-10.168716,3.6080475,80.25,13.0
2025-11-26 07:00:00,-9.614105,3.6476288,80.25,13.0
2025-11-26 08:00:00,-9.155258,3.2489777,80.25,13.0
2025-11-26 09:00:00,-8.941513,2.7931824,80.25,13.0
2025-11-26 10:00:00,-8.93483,1.2741852,80.25,13.0
2025-11-26 11:00:00,-9.170456,0.83903503,80.25,13.0
2025-11-26 12:00:00,-9.609085,0.9947815,80.25,13.0
2025-11-26 13:00:00,-9.8055725,1.3413849,80.25,13.0
2025-11-26 14:00:00,-9.541275,1.310257,80.25,13.0
2025-11-26 15:00:00,-9.433426,1.0076599,80.25,13.0
2025-11-26 16:00:00,-9.540192,0.5944519,80.25,13.0
2025-11-26 17:00:00,-9.709137,0.55781555,80.25,13.0
2025-11-26 18:00:00,-9.698486,0.8088989,80.25,13.0
2025-11-26 19:00:00,-9.814514,0.7986908,80.25,13.0
2025-11-26 20:00:00,-10.160095,1.0507812,80.25,13.0
2025-11-26 21:00:00,-9.98085,1.7319641,80.25,13.0
2025-11-26 22:00:00,-9.634689,2.7332764,80.25,13.0
2025-11-26 23:00:00,-9.608902,3.5860443,80.25,13.0
2025-11-27 00:00:00,-9.81871,3.9255066,80.25,13.0
2025-11-27 01:00:00,-10.065048,4.1550446,80.25,13.0
2025-11-27 02:00:00,-10.2845,3.8047333,80.25,13.0
2025-11-27 03:00:00,-10.449844,3.098297,80.25,13.0
2025-11-27 04:00:00,-10.480804,1.7337341,80.25,13.0
2025-11-27 05:00:00,-10.926529,0.58984375,80.25,13.0
2025-11-27 06:00:00,-11.547653,-0.3647766,80.25,13.0
2025-11-27 07:00:00,-12.008057,-0.6345215,80.25,13.0
2025-11-27 08:00:00,-12.387146,-1.0723419,80.25,13.0
2025-11-27 09:00:00,-13.040665,-1.007843,80.25,13.0
2025-11-27 10:00:00,-13.228638,0.022140503,80.25,13.0
2025-11-27 11:00:00,-12.603455,-1.0369568,80.25,13.0
2025-11-27 12:00:00,-12.511368,-2.4911652,80.25,13.0
2025-11-27 13:00:00,-13.0117035,-3.2703094,80.25,13.0
2025-11-27 14:00:00,-13.695007,-3.4261627,80.25,13.0
2025-11-27 15:00:00,-14.27623,-3.0041046,80.25,13.0
2025-11-27 16:00:00,-14.669266,-2.3870544,80.25,13.0
2025-11-27 17:00:00,-15.395996,-1.4186554,80.25,13.0
2025-11-27 18:00:00,-16.235611,-1.5336914,80.25,13.0
2025-11-27 19:00:00,-16.353104,-2.1251678,80.25,13.0
2025-11-27 20:00:00,-16.43869,-2.2902985,80.25,13.0
2025-11-27 21:00:00,-16.177322,-2.167984,80.25,13.0
2025-11-27 22:00:00,-16.163574,-2.5852509,80.25,13.0
2025-11-27 23:00:00,-16.120987,-2.4442596,80.25,13.0
2025-11-28 00:00:00,-16.160019,-1.8659363,80.25,13.0
2025-11-28 01:00:00,-16.272675,-1.3951721,80.25,13.0
2025-11-28 02:00:00,-16.026123,-0.9545746,80.25,13.0
2025-11-28 03:00:00,-16.018951,-0.851532,80.25,13.0
2025-11-28 04:00:00,-16.583374,-0.71591187,80.25,13.0
2025-11-28 05:00:00,-17.209686,-1.5250702,80.25,13.0
2025-11-28 06:00:00,-17.108978,-2.1110535,80.25,13.0
2025-11-28 07:00:00,-17.036987,-2.7140503,80.25,13.0
2025-11-28 08:00:00,-17.439865,-3.7349854,80.25,13.0
2025-11-28 09:00:00,-17.350204,-4.5441284,80.25,13.0
2025-11-28 10:00:00,-17.424927,-4.854065,80.25,13.0
2025-11-28 11:00:00,-16.89325,-5.1264954,80.25,13.0
2025-11-28 12:00:00,-16.096863,-5.491699,80.25,13.0
2025-11-28 13:00:00,-16.201767,-5.5419617,80.25,13.0
2025-11-28 14:00:00,-16.395508,-6.268997,80.25,13.0
2025-11-28 15:00:00,-16.44754,-7.25618,80.25,13.0
2025-11-28 16:00:00,-15.98999,-8.38092,80.25,13.0
2025-11-28 17:00:00,-15.440353,-9.739716,80.25,13.0
2025-11-28 18:00:00,-14.670731,-11.201691,80.25,13.0
2025-11-28 19:00:00,-13.863205,-12.489777,80.25,13.0
2025-11-28 20:00:00,-13.413101,-13.411667,80.25,13.0
2025-11-28 21:00:00,-11.734787,-14.8142395,80.25,13.0
2025-11-28 22:00:00,-11.149261,-13.828552,80.25,13.0
2025-11-28 23:00:00,-10.555069,-14.121689,80.25,13.0
2025-11-29 00:00:00,-8.381805,-14.807816,80.25,13.0
2025-11-29 01:00:00,-7.4595337,-14.666061,80.25,13.0
2025-11-29 02:00:00,-6.7506104,-15.138092,80.25,13.0
2025-11-29 03:00:00,-5.75885,-15.420319,80.25,13.0
2025-11-29 04:00:00,-4.916687,-15.729004,80.25,13.0
2025-11-29 05:00:00,-4.171936,-15.697052,80.25,13.0
2025-11-29 06:00:00,-3.1470642,-15.651291,80.25,13.0
2025-11-29 07:00:00,-1.9261627,-15.467865,80.25,13.0
2025-11-29 08:00:00,-0.47157288,-15.344315,80.25,13.0
2025-11-29 09:00:00,0.31230164,-15.083405,80.25,13.0
2025-11-29 10:00:00,-0.6602783,-13.1215515,80.25,13.0
2025-11-29 11:00:00,-1.4492493,-12.324692,80.25,13.0
2025-11-29 12:00:00,-3.419098,-10.387131,80.25,13.0
2025-11-29 13:00:00,-5.245392,-8.651749,80.25,13.0
2025-11-29 14:00:00,-6.2789917,-6.9585114,80.25,13.0
2025-11-29 15:00:00,-6.2465057,-6.1622925,80.25,13.0
2025-11-29 16:00:00,-5.7870636,-6.2565613,80.25,13.0
2025-11-29 17:00:00,-5.2982483,-6.543274,80.25,13.0
2025-11-29 18:00:00,-5.080536,-6.766968,80.25,13.0
2025-11-29 19:00:00,-5.059677,-7.081421,80.25,13.0
2025-11-29 20:00:00,-5.5177917,-7.0910797,80.25,13.0
2025-11-29 21:00:00,-6.5124054,-6.0372467,80.25,13.0
2025-11-29 22:00:00,-6.2440643,-5.2684174,80.25,13.0
2025-11-29 23:00:00,-6.5097656,-4.622223,80.25,13.0
2025-11-30 00:00:00,-6.66008,-4.449585,80.25,13.0
2025-11-30 01:00:00,-6.375992,-4.3810425,80.25,13.0
2025-11-30 02:00:00,-5.138275,-4.7013855,80.25,13.0
2025-11-30 03:00:00,-3.7763977,-5.389206,80.25,13.0
2025-11-30 04:00:00,-3.0565186,-6.012985,80.25,13.0
2025-11-30 05:00:00,-3.0108643,-5.6753387,80.25,13.0
2025-11-30 06:00:00,-2.7790222,-4.6774445,80.25,13.0
2025-11-30 07:00:00,-2.8570251,-2.9495544,80.25,13.0
2025-11-30 08:00:00,-3.246704,-0.22143555,80.25,13.0
2025-11-30 09:00:00,-3.6677856,2.3559875,80.25,13.0
2025-11-30 10:00:00,-6.2696075,1.1351013,80.25,13.0
2025-11-30 11:00:00,-8.369308,1.3126526,80.25,13.0
2025-11-30 12:00:00,-8.388535,1.147644,80.25,13.0
2025-11-30 13:00:00,-7.7391357,0.3720398,80.25,13.0
2025-11-30 14:00:00,-7.371353,-0.28067017,80.25,13.0
2025-11-30 15:00:00,-6.9949493,-0.7986603,80.25,13.0
2025-11-30 16:00:00,-6.3162384,-1.2559814,80.25,13.0
2025-11-30 17:00:00,-5.2162933,-1.699707,80.25,13.0
2025-11-30 18:00:00,-4.0914154,-2.3861847,80.25,13.0
2025-11-30 19:00:00,-2.8473816,-1.9287872,80.25,13.0
2025-11-30 20:00:00,-1.2410278,-1.0878906,80.25,13.0
2025-11-30 21:00:00,0.1687622,-0.26072693,80.25,13.0
2025-11-30 22:00:00,0.5981293,-0.54785156,80.25,13.0
2025-11-30 23:00:00,1.3497925,-1.0736694,80.25,13.0
2025-12-01 00:00:00,1.8354187,-2.2867737,80.25,13.0
2025-12-01 01:00:00,2.203827,-4.1549377,80.25,13.0
2025-12-01 02:00:00,2.307434,-5.1733093,80.25,13.0
2025-12-01 03:00:00,2.6045532,-5.782837,80.25,13.0
2025-12-01 04:00:00,2.9072266,-6.1297607,80.25,13.0
2025-12-01 05:00:00,3.490158,-6.287964,80.25,13.0
2025-12-01 06:00:00,4.204529,-6.2808075,80.25,13.0
2025-12-01 07:00:00,4.839432,-6.1293793,80.25,13.0
2025-12-01 08:00:00,5.446869,-5.793167,80.25,13.0
2025-12-01 09:00:00,5.998825,-5.4244537,80.25,13.0
2025-12-01 10:00:00,6.90477,-4.4711304,80.25,13.0
2025-12-01 11:00:00,7.292099,-4.6650696,80.25,13.0
2025-12-01 12:00:00,7.2743683,-4.6318817,80.25,13.0
2025-12-01 13:00:00,7.058716,-4.734482,80.25,13.0
2025-12-01 14:00:00,6.928009,-4.4402313,80.25,13.0
2025-12-01 15:00:00,7.1071777,-4.2154846,80.25,13.0
2025-12-01 16:00:00,7.394943,-4.017929,80.25,13.0
2025-12-01 17:00:00,7.704834,-3.8786469,80.25,13.0
2025-12-01 18:00:00,7.8680573,-3.9304504,80.25,13.0
2025-12-01 19:00:00,7.579605,-4.1756897,80.25,13.0
2025-12-01 20:00:00,6.8313904,-4.428009,80.25,13.0
2025-12-01 21:00:00,6.137512,-4.149658,80.25,13.0
2025-12-01 22:00:00,5.899109,-3.1076202,80.25,13.0
2025-12-01 23:00:00,5.998001,-3.1336517,80.25,13.0
2025-12-02 00:00:00,5.925308,-3.1297913,80.25,13.0
2025-12-02 01:00:00,5.8328705,-3.245346,80.25,13.0
2025-12-02 02:00:00,5.4727936,-3.3468475,80.25,13.0
2025-12-02 03:00:00,4.9922485,-3.3931885,80.25,13.0
2025-12-02 04:00:00,4.398468,-3.1514893,80.25,13.0
2025-12-02 05:00:00,3.83049,-2.838791,80.25,13.0
2025-12-02 06:00:00,3.4028015,-2.4020386,80.25,13.0
2025-12-02 07:00:00,2.9701233,-2.2112274,80.25,13.0
2025-12-02 08:00:00,2.794754,-1.9368896,80.25,13.0
2025-12-02 09:00:00,2.7232819,-1.8265533,80.25,13.0
2025-12-02 10:00:00,2.8396149,-1.671524,80.25,13.0
2025-12-02 11:00:00,2.6817627,-1.7259064,80.25,13.0
2025-12-02 12:00:00,2.7183685,-1.8104858,80.25,13.0
2025-12-02 13:00:00,2.3265686,-2.4057007,80.25,13.0
2025-12-02 14:00:00,1.6368713,-2.7372742,80.25,13.0
2025-12-02 15:00:00,1.161438,-2.7179108,80.25,13.0
2025-12-02 16:00:00,0.84298706,-2.8054047,80.25,13.0
2025-12-02 17:00:00,0.61764526,-2.9414673,80.25,13.0
2025-12-02 18:00:00,0.6164856,-3.3179169,80.25,13.0
2025-12-02 19:00:00,0.5391083,-4.110901,80.25,13.0
2025-12-02 20:00:00,0.52786255,-5.0341644,80.25,13.0
2025-12-02 21:00:00,0.35508728,-5.6492004,80.25,13.0
2025-12-02 22:00:00,-0.29003906,-5.935547,80.25,13.0
2025-12-02 23:00:00,-1.0882263,-5.2387543,80.25,13.0
2025-12-03 00:00:00,-1.6941376,-4.1316986,80.25,13.0
2025-12-03 01:00:00,-1.6967621,-3.251175,80.25,13.0
2025-12-03 02:00:00,-2.033432,-2.2885284,80.25,13.0
2025-12-03 03:00:00,-2.1345673,-1.4070587,80.25,13.0
2025-12-03 04:00:00,-2.0710144,-0.677536,80.25,13.0
2025-12-03 05:00:00,-1.8112946,-0.4854889,80.25,13.0
2025-12-03 06:00:00,-1.7631073,-0.7029114,80.25,13.0
2025-12-03 07:00:00,-1.8738708,-0.66815186,80.25,13.0
2025-12-03 08:00:00,-1.8560638,-0.34039307,80.25,13.0
2025-12-03 09:00:00,-1.8831329,0.13427734,80.25,13.0
2025-12-03 10:00:00,-2.3181915,-0.61561584,80.25,13.0
2025-12-03 11:00:00,-2.5563354,0.8966522,80.25,13.0
2025-12-03 12:00:00,-2.3113708,1.9421844,80.25,13.0
2025-12-03 13:00:00,-2.1648407,2.9815063,80.25,13.0
2025-12-03 14:00:00,-1.6320953,3.2151337,80.25,13.0
2025-12-03 15:00:00,-1.2472687,3.0270386,80.25,13.0
2025-12-03 16:00:00,-1.0512543,2.872467,80.25,13.0
2025-12-03 17:00:00,-1.083786,2.8782043,80.25,13.0
2025-12-03 18:00:00,-1.038147,3.2322083,80.25,13.0
2025-12-03 19:00:00,-0.67089844,3.2280273,80.25,13.0
2025-12-03 20:00:00,-0.015548706,2.7129822,80.25,13.0
2025-12-03 21:00:00,0.503479,2.0568542,80.25,13.0
2025-12-03 22:00:00,-0.2919464,0.78201294,80.25,13.0
2025-12-03 23:00:00,-0.10295105,1.0572357,80.25,13.0
2025-12-04 00:00:00,-0.14146423,1.4041595,80.25,13.0
2025-12-04 01:00:00,-0.21246338,1.9390259,80.25,13.0
2025-12-04 02:00:00,0.09020996,2.04187,80.25,13.0
2025-12-04 03:00:00,0.17584229,2.4333649,80.25,13.0
2025-12-04 04:00:00,0.051254272,2.439209,80.25,13.0
2025-12-04 05:00:00,-0.15219116,2.810196,80.25,13.0
2025-12-04 06:00:00,-0.24484253,3.0060577,80.25,13.0
2025-12-04 07:00:00,-0.44436646,3.5733032,80.25,13.0
2025-12-04 08:00:00,-0.3522339,4.4218445,80.25,13.0
2025-12-04 09:00:00,0.17449951,5.4622498,80.25,13.0
2025-12-04 10:00:00,1.4592743,4.48822,80.25,13.0
2025-12-04 11:00:00,3.1788177,2.4950256,80.25,13.0
2025-12-04 12:00:00,5.1059113,-1.4521027,80.25,13.0
2025-12-04 13:00:00,6.091522,-4.6953735,80.25,13.0
2025-12-04 14:00:00,6.011139,-5.192917,80.25,13.0
2025-12-04 15:00:00,5.7233887,-3.8267517,80.25,13.0
2025-12-04 16:00:00,5.268341,-2.0765686,80.25,13.0
2025-12-04 17:00:00,4.089615,-0.7006378,80.25,13.0
2025-12-04 18:00:00,2.5924988,1.044281,80.25,13.0
2025-12-04 19:00:00,1.7778168,2.5868073,80.25,13.0
2025-12-04 20:00:00,2.339096,3.9109955,80.25,13.0
2025-12-04 21:00:00,3.4723358,5.523926,80.25,13.0
2025-12-04 22:00:00,4.701004,6.27153,80.25,13.0
2025-12-04 23:00:00,5.695923,6.395752,80.25,13.0
2025-12-05 00:00:00,6.980942,4.9350433,80.25,13.0
2025-12-05 01:00:00,7.017639,1.0039062,80.25,13.0
2025-12-05 02:00:00,6.2085266,-2.5298004,80.25,13.0
2025-12-05 03:00:00,5.9936676,-4.8672333,80.25,13.0
2025-12-05 04:00:00,5.8880463,-4.737976,80.25,13.0
2025-12-05 05:00:00,6.416168,-3.2558594,80.25,13.0
2025-12-05 06:00:00,7.474884,-1.8749084,80.25,13.0
2025-12-05 07:00:00,8.05368,-0.9350128,80.25,13.0
2025-12-05 08:00:00,7.8220367,-0.2915802,80.25,13.0
2025-12-05 09:00:00,7.540985,0.42565918,80.25,13.0
2025-12-05 10:00:00,7.634186,1.5562439,80.25,13.0
2025-12-05 11:00:00,7.3793488,1.392456,80.25,13.0
2025-12-05 12:00:00,7.0337067,1.1124878,80.25,13.0
2025-12-05 13:00:00,6.7561646,1.4331818,80.25,13.0
2025-12-05 14:00:00,6.7722473,1.6659546,80.25,13.0
2025-12-05 15:00:00,6.8120117,2.0428467,80.25,13.0
2025-12-05 16:00:00,7.046097,2.6479492,80.25,13.0
2025-12-05 17:00:00,7.433777,3.0486298,80.25,13.0
2025-12-05 18:00:00,8.02681,2.9507446,80.25,13.0
2025-12-05 19:00:00,8.2435,2.4541016,80.25,13.0
2025-12-05 20:00:00,8.089722,1.7684784,80.25,13.0
2025-12-05 21:00:00,7.5542755,1.397583,80.25,13.0
2025-12-05 22:00:00,6.6472473,1.7306519,80.25,13.0
2025-12-05 23:00:00,7.202484,2.8811188,80.25,13.0
2025-12-06 00:00:00,8.512848,2.8044586,80.25,13.0
2025-12-06 01:00:00,9.301392,1.7283783,80.25,13.0
2025-12-06 02:00:00,9.408066,0.8049011,80.25,13.0
2025-12-06 03:00:00,9.030487,1.3212128,80.25,13.0
2025-12-06 04:00:00,8.67131,2.3970032,80.25,13.0
2025-12-06 05:00:00,8.102066,3.2136688,80.25,13.0
2025-12-06 06:00:00,7.1319885,3.83638,80.25,13.0
2025-12-06 07:00:00,6.64711,3.7624054,80.25,13.0
2025-12-06 08:00:00,5.4140472,2.9282837,80.25,13.0
2025-12-06 09:00:00,4.3835907,2.394699,80.25,13.0
2025-12-06 10:00:00,2.796173,2.74852,80.25,13.0
2025-12-06 11:00:00,2.7209778,3.2213898,80.25,13.0
2025-12-06 12:00:00,2.2503815,3.178833,80.25,13.0
2025-12-06 13:00:00,2.0745697,2.41362,80.25,13.0
2025-12-06 14:00:00,3.9827576,0.4540558,80.25,13.0
2025-12-06 15:00:00,5.382599,-2.4581451,80.25,13.0
2025-12-06 16:00:00,6.1274414,-2.3230133,80.25,13.0
2025-12-06 17:00:00,6.6370544,-1.1380768,80.25,13.0
2025-12-06 18:00:00,6.365906,-0.6276245,80.25,13.0
2025-12-06 19:00:00,5.8509674,-0.5681915,80.25,13.0
2025-12-06 20:00:00,5.3841705,-0.56999207,80.25,13.0
2025-12-06 21:00:00,4.935898,-0.7413025,80.25,13.0
2025-12-06 22:00:00,4.1598053,-0.6072693,80.25,13.0
2025-12-06 23:00:00,3.8727875,-0.9314728,80.25,13.0
2025-12-07 00:00:00,3.643402,-1.0730286,80.25,13.0
2025-12-07 01:00:00,3.4445343,-1.6121826,80.25,13.0
2025-12-07 02:00:00,2.8355713,-2.2351227,80.25,13.0
2025-12-07 03:00:00,2.3007507,-2.1854858,80.25,13.0
2025-12-07 04:00:00,2.0361938,-1.9858856,80.25,13.0
2025-12-07 05:00:00,1.8757782,-2.1856384,80.25,13.0
2025-12-07 06:00:00,1.7410583,-2.595993,80.25,13.0
2025-12-07 07:00:00,1.3587646,-3.0397644,80.25,13.0
2025-12-07 08:00:00,1.0288696,-3.2309113,80.25,13.0
2025-12-07 09:00:00,0.6085968,-3.0960846,80.25,13.0
2025-12-07 10:00:00,-0.75834656,-3.4030762,80.25,13.0
2025-12-07 11:00:00,-1.6419373,-3.0020752,80.25,13.0
2025-12-07 12:00:00,-2.2302246,-2.3901978,80.25,13.0
2025-12-07 13:00:00,-2.5534515,-1.6034546,80.25,13.0
2025-12-07 14:00:00,-2.7369843,-1.1573792,80.25,13.0
2025-12-07 15:00:00,-2.9160461,-0.969223,80.25,13.0
2025-12-07 16:00:00,-3.2953339,-0.9784546,80.25,13.0
2025-12-07 17:00:00,-3.6784515,-1.2109375,80.25,13.0
2025-12-07 18:00:00,-4.1257477,-1.5136261,80.25,13.0
2025-12-07 19:00:00,-4.7266083,-1.8249817,80.25,13.0
2025-12-07 20:00:00,-5.263672,-1.8510284,80.25,13.0
2025-12-07 21:00:00,-5.715683,-1.6968994,80.25,13.0
2025-12-07 22:00:00,-5.8381653,-1.8195801,80.25,13.0
2025-12-07 23:00:00,-5.951599,-1.3853607,80.25,13.0
2025-12-08 00:00:00,-5.779907,-0.9385834,80.25,13.0
2025-12-08 01:00:00,-5.4058228,-0.77841187,80.25,13.0
2025-12-08 02:00:00,-5.0927277,-0.9192352,80.25,13.0
2025-12-08 03:00:00,-5.1075897,-1.3522491,80.25,13.0
2025-12-08 04:00:00,-5.386566,-1.6416321,80.25,13.0
2025-12-08 05:00:00,-5.742676,-1.6144562,80.25,13.0
2025-12-08 06:00:00,-5.9228516,-1.3697205,80.25,13.0
2025-12-08 07:00:00,-5.8634644,-1.0548859,80.25,13.0
2025-12-08 08:00:00,-5.7389526,-0.9434509,80.25,13.0
2025-12-08 09:00:00,-5.5119324,-0.8609314,80.25,13.0
2025-12-08 10:00:00,-4.8563538,0.71517944,80.25,13.0
2025-12-08 11:00:00,-4.7348022,0.5947113,80.25,13.0
2025-12-08 12:00:00,-5.085083,0.16131592,80.25,13.0
2025-12-08 13:00:00,-5.4188538,-0.1025238,80.25,13.0
2025-12-08 14:00:00,-5.651474,-0.44166565,80.25,13.0
2025-12-08 15:00:00,-5.882965,-0.80436707,80.25,13.0
2025-12-08 16:00:00,-6.096176,-0.9272156,80.25,13.0
2025-12-08 17:00:00,-6.216263,-0.85723877,80.25,13.0
2025-12-08 18:00:00,-6.3022156,-0.6121521,80.25,13.0
2025-12-08 19:00:00,-6.2724304,-0.30545044,80.25,13.0
2025-12-08 20:00:00,-6.220886,0.0655365,80.25,13.0
2025-12-08 21:00:00,-6.0500183,0.33607483,80.25,13.0
2025-12-08 22:00:00,-6.799011,0.93777466,80.25,13.0
2025-12-08 23:00:00,-6.276718,0.8777008,80.25,13.0
2025-12-09 00:00:00,-5.934494,0.7548828,80.25,13.0
2025-12-09 01:00:00,-5.749359,0.6410217,80.25,13.0
2025-12-09 02:00:00,-5.5028076,0.45506287,80.25,13.0
2025-12-09 03:00:00,-5.4493103,0.40873718,80.25,13.0
2025-12-09 04:00:00,-5.4653015,0.32807922,80.25,13.0
2025-12-09 05:00:00,-5.461685,0.33322144,80.25,13.0
2025-12-09 06:00:00,-5.399643,0.39230347,80.25,13.0
2025-12-09 07:00:00,-5.2391815,0.57299805,80.25,13.0
2025-12-09 08:00:00,-5.197693,0.77693176,80.25,13.0
2025-12-09 09:00:00,-5.015091,1.0973358,80.25,13.0
2025-12-09 10:00:00,-5.371811,0.30093384,80.25,13.0
2025-12-09 11:00:00,-5.2147217,0.5685425,80.25,13.0
2025-12-09 12:00:00,-4.839508,0.95751953,80.25,13.0
2025-12-09 13:00:00,-4.3429565,1.2657928,80.25,13.0
2025-12-09 14:00:00,-3.8776245,1.3551483,80.25,13.0
2025-12-09 15:00:00,-3.5547638,1.2311859,80.25,13.0
2025-12-09 16:00:00,-3.2489777,1.2545319,80.25,13.0
2025-12-09 17:00:00,-3.0934906,1.3416443,80.25,13.0
2025-12-09 18:00:00,-3.0753784,1.545639,80.25,13.0
2025-12-09 19:00:00,-3.1175842,1.8262634,80.25,13.0
2025-12-09 20:00:00,-3.1032715,2.1128693,80.25,13.0
2025-12-09 21:00:00,-3.2743378,2.4286957,80.25,13.0
2025-12-09 22:00:00,-4.0723877,2.7236176,80.25,13.0
2025-12-09 23:00:00,-4.047226,3.3152008,80.25,13.0
2025-12-10 00:00:00,-3.494873,3.7655792,80.25,13.0
2025-12-10 01:00:00,-3.1248322,3.725586,80.25,13.0
2025-12-10 02:00:00,-3.353897,3.5399017,80.25,13.0
2025-12-10 03:00:00,-3.8013153,3.4549713,80.25,13.0
2025-12-10 04:00:00,-4.3553314,3.3621979,80.25,13.0
2025-12-10 05:00:00,-5.0056915,3.4385834,80.25,13.0
2025-12-10 06:00:00,-5.3974304,3.855545,80.25,13.0
2025-12-10 07:00:00,-5.0173492,4.306488,80.25,13.0
2025-12-10 08:00:00,-4.1714325,4.654373,80.25,13.0
2025-12-10 09:00:00,-3.2211914,4.628662,80.25,13.0
2025-12-10 10:00:00,-1.6034851,3.474884,80.25,13.0
2025-12-10 11:00:00,-0.66134644,3.4039307,80.25,13.0
2025-12-10 12:00:00,0.84394836,2.8764496,80.25,13.0
2025-12-10 13:00:00,1.8691559,2.325592,80.25,13.0
2025-12-10 14:00:00,2.9316254,1.6478271,80.25,13.0
2025-12-10 15:00:00,3.35466,1.0877228,80.25,13.0
2025-12-10 16:00:00,3.5493317,0.25190735,80.25,13.0
2025-12-10 17:00:00,3.236908,-0.51989746,80.25,13.0
2025-12-10 18:00:00,2.5608215,-1.067749,80.25,13.0
2025-12-10 19:00:00,1.5617523,-0.9450226,80.25,13.0
2025-12-10 20:00:00,0.8664856,0.002243042,80.25,13.0
2025-12-10 21:00:00,0.40815735,1.4513702,80.25,13.0
2025-12-10 22:00:00,0.46414185,3.050827,80.25,13.0
2025-12-10 23:00:00,1.6865234,4.4517365,80.25,13.0
2025-12-11 00:00:00,2.4449463,5.446701,80.25,13.0
2025-12-11 01:00:00,2.839798,6.444153,80.25,13.0
2025-12-11 02:00:00,2.1586761,7.2494354,80.25,13.0
2025-12-11 03:00:00,1.484909,7.807251,80.25,13.0
2025-12-11 04:00:00,0.9202423,8.186493,80.25,13.0
2025-12-11 05:00:00,0.8297119,8.500259,80.25,13.0
2025-12-11 06:00:00,0.9293213,8.899109,80.25,13.0
2025-12-11 07:00:00,1.1790161,9.287689,80.25,13.0
2025-12-11 08:00:00,1.1933594,9.561813,80.25,13.0
2025-12-11 09:00:00,1.4064026,9.782776,80.25,13.0
2025-12-11 10:00:00,1.0686646,9.344818,80.25,13.0
2025-12-11 11:00:00,1.4220276,9.87233,80.25,13.0
2025-12-11 12:00:00,0.3952484,10.140701,80.25,13.0
2025-12-11 13:00:00,0.11228943,10.06839,80.25,13.0
2025-12-11 14:00:00,-0.17623901,9.868011,80.25,13.0
2025-12-11 15:00:00,0.14997864,10.001114,80.25,13.0
2025-12-11 16:00:00,0.65026855,10.363068,80.25,13.0
2025-12-11 17:00:00,0.93704224,10.578751,80.25,13.0
2025-12-11 18:00:00,1.0019836,10.7890625,80.25,13.0
2025-12-11 19:00:00,0.87127686,10.784897,80.25,13.0
2025-12-11 20:00:00,0.709671,10.991577,80.25,13.0
2025-12-11 21:00:00,0.48809814,11.119232,80.25,13.0
2025-12-11 22:00:00,0.36914062,10.874771,80.25,13.0
2025-12-11 23:00:00,0.53045654,10.929535,80.25,13.0
2025-12-12 00:00:00,0.3778534,11.074158,80.25,13.0
2025-12-12 01:00:00,0.51486206,11.380676,80.25,13.0
2025-12-12 02:00:00,1.0950012,11.703705,80.25,13.0
2025-12-12 03:00:00,2.3936615,11.985077,80.25,13.0
2025-12-12 04:00:00,2.960144,11.446564,80.25,13.0
2025-12-12 05:00:00,3.6380768,11.246918,80.25,13.0
2025-12-12 06:00:00,4.0766754,11.064667,80.25,13.0
2025-12-12 07:00:00,4.457199,11.076111,80.25,13.0
2025-12-12 08:00:00,4.2354584,11.305145,80.25,13.0
2025-12-12 09:00:00,4.2645416,11.861572,80.25,13.0
2025-12-12 10:00:00,3.4837494,11.904175,80.25,13.0
2025-12-12 11:00:00,4.625992,12.036331,80.25,13.0
2025-12-12 12:00:00,4.2955627,12.1107025,80.25,13.0
2025-12-12 13:00:00,4.0308228,12.268799,80.25,13.0
2025-12-12 14:00:00,5.1726227,12.068573,80.25,13.0
2025-12-12 15:00:00,6.029602,11.339691,80.25,13.0
2025-12-12 16:00:00,6.2217865,10.928146,80.25,13.0
2025-12-12 17:00:00,6.1576843,11.388916,80.25,13.0
2025-12-12 18:00:00,5.867691,11.575562,80.25,13.0
2025-12-12 19:00:00,5.9850616,11.530746,80.25,13.0
2025-12-12 20:00:00,7.6152954,11.143829,80.25,13.0
2025-12-12 21:00:00,8.7295685,9.359451,80.25,13.0
2025-12-12 22:00:00,8.474625,7.489258,80.25,13.0
2025-12-12 23:00:00,8.8663025,5.2138977,80.25,13.0
2025-12-13 00:00:00,8.663696,3.0823212,80.25,13.0
2025-12-13 01:00:00,7.854187,2.1485443,80.25,13.0
2025-12-13 02:00:00,7.5023193,2.6233978,80.25,13.0
2025-12-13 03:00:00,6.868866,3.6906738,80.25,13.0
2025-12-13 04:00:00,6.7858887,5.3476105,80.25,13.0
2025-12-13 05:00:00,5.9215393,6.6785126,80.25,13.0
2025-12-13 06:00:00,3.9609985,7.8168488,80.25,13.0
2025-12-13 07:00:00,2.61763,8.080978,80.25,13.0
2025-12-13 08:00:00,0.999176,7.7421722,80.25,13.0
2025-12-13 09:00:00,-0.20594788,7.4193573,80.25,13.0
2025-12-13 10:00:00,-0.421875,5.6939697,80.25,13.0
2025-12-13 11:00:00,-2.0352478,5.7854614,80.25,13.0
2025-12-13 12:00:00,-3.3917236,6.1411133,80.25,13.0
2025-12-13 13:00:00,-4.3335724,6.044586,80.25,13.0
2025-12-13 14:00:00,-4.975281,6.176941,80.25,13.0
2025-12-13 15:00:00,-5.2851105,6.527466,80.25,13.0
2025-12-13 16:00:00,-5.152176,6.9774933,80.25,13.0
2025-12-13 17:00:00,-4.8337708,7.3459473,80.25,13.0
2025-12-13 18:00:00,-4.560913,7.6347656,80.25,13.0
2025-12-13 19:00:00,-4.6772003,7.8322754,80.25,13.0
2025-12-13 20:00:00,-4.7393036,7.8756104,80.25,13.0
2025-12-13 21:00:00,-4.87854,7.9682465,80.25,13.0
2025-12-13 22:00:00,-4.276825,8.036301,80.25,13.0
2025-12-13 23:00:00,-4.1926727,8.109222,80.25,13.0
2025-12-14 00:00:00,-4.4522095,8.497894,80.25,13.0
2025-12-14 01:00:00,-4.8726654,8.585312,80.25,13.0
2025-12-14 02:00:00,-5.24234,8.3479,80.25,13.0
2025-12-14 03:00:00,-5.6346436,7.8562927,80.25,13.0
2025-12-14 04:00:00,-5.7124634,7.4908752,80.25,13.0
2025-12-14 05:00:00,-5.698395,7.3109283,80.25,13.0
2025-12-14 06:00:00,-5.7648773,7.2192535,80.25,13.0
2025-12-14 07:00:00,-5.929428,7.288254,80.25,13.0
2025-12-14 08:00:00,-6.0977173,7.2805023,80.25,13.0
2025-12-14 09:00:00,-6.4461365,7.2539673,80.25,13.0
2025-12-14 10:00:00,-5.7073364,7.2328796,80.25,13.0
2025-12-14 11:00:00,-6.475815,7.732239,80.25,13.0
2025-12-14 12:00:00,-7.3247375,8.008835,80.25,13.0
2025-12-14 13:00:00,-7.447693,8.305908,80.25,13.0
2025-12-14 14:00:00,-6.6152496,8.268082,80.25,13.0
2025-12-14 15:00:00,-6.2403564,7.6862183,80.25,13.0
2025-12-14 16:00:00,-6.4956207,7.155655,80.25,13.0
2025-12-14 17:00:00,-6.9536133,6.77211,80.25,13.0
2025-12-14 18:00:00,-7.330475,6.6150665,80.25,13.0
2025-12-14 19:00:00,-7.475754,6.5490723,80.25,13.0
2025-12-14 20:00:00,-7.6020203,6.2184143,80.25,13.0
2025-12-14 21:00:00,-8.015854,5.8862457,80.25,13.0
2025-12-14 22:00:00,-8.187988,4.9479675,80.25,13.0
2025-12-14 23:00:00,-8.152893,6.1506805,80.25,13.0
2025-12-15 00:00:00,-7.9956512,6.5564423,80.25,13.0
2025-12-15 01:00:00,-8.255264,6.7938385,80.25,13.0
2025-12-15 02:00:00,-8.201508,7.2129364,80.25,13.0
2025-12-15 03:00:00,-7.9602203,7.5930634,80.25,13.0
2025-12-15 04:00:00,-7.6559753,7.774704,80.25,13.0
2025-12-15 05:00:00,-7.553406,7.5884247,80.25,13.0
2025-12-15 06:00:00,-7.9981537,7.3203583,80.25,13.0
2025-12-15 07:00:00,-8.362549,7.097809,80.25,13.0
2025-12-15 08:00:00,-8.872543,6.9948273,80.25,13.0
2025-12-15 09:00:00,-9.114441,7.0101013,80.25,13.0
2025-12-15 10:00:00,-9.136047,6.9016113,80.25,13.0
2025-12-15 11:00:00,-9.012711,7.1579895,80.25,13.0
2025-12-15 12:00:00,-9.128662,7.130188,80.25,13.0
2025-12-15 13:00:00,-9.123199,7.385971,80.25,13.0
2025-12-15 14:00:00,-9.058151,7.437958,80.25,13.0
2025-12-15 15:00:00,-9.172073,7.526062,80.25,13.0
2025-12-15 16:00:00,-9.330765,7.5161133,80.25,13.0
2025-12-15 17:00:00,-9.571152,7.3481903,80.25,13.0
2025-12-15 18:00:00,-9.752045,7.279312,80.25,13.0
2025-12-15 19:00:00,-9.834396,7.27359,80.25,13.0
2025-12-15 20:00:00,-10.030106,7.2081757,80.25,13.0
2025-12-15 21:00:00,-10.337585,7.207718,80.25,13.0
2025-12-15 22:00:00,-10.346817,6.531723,80.25,13.0
2025-12-15 23:00:00,-10.324539,7.3257904,80.25,13.0
2025-12-16 00:00:00,-9.803284,7.7048035,80.25,13.0
2025-12-16 01:00:00,-9.355698,7.625534,80.25,13.0
2025-12-16 02:00:00,-9.405502,7.312958,80.25,13.0
2025-12-16 03:00:00,-9.610107,7.328415,80.25,13.0
2025-12-16 04:00:00,-9.743546,7.3789825,80.25,13.0
2025-12-16 05:00:00,-9.662231,7.4420013,80.25,13.0
2025-12-16 06:00:00,-9.7439575,7.4904633,80.25,13.0
2025-12-16 07:00:00,-9.812241,7.6224213,80.25,13.0
2025-12-16 08:00:00,-9.621841,7.7330017,80.25,13.0
2025-12-16 09:00:00,-9.363327,7.7249603,80.25,13.0
2025-12-16 10:00:00,-8.502563,6.157196,80.25,13.0
2025-12-16 11:00:00,-9.145615,7.1940613,80.25,13.0
2025-12-16 12:00:00,-9.476669,8.078751,80.25,13.0
2025-12-16 13:00:00,-9.839691,8.515289,80.25,13.0
2025-12-16 14:00:00,-9.897675,8.624329,80.25,13.0
2025-12-16 15:00:00,-9.695328,8.573425,80.25,13.0
2025-12-16 16:00:00,-9.564072,8.352905,80.25,13.0
2025-12-16 17:00:00,-9.749023,8.175613,80.25,13.0
2025-12-16 18:00:00,-9.577713,8.1158905,80.25,13.0
2025-12-16 19:00:00,-9.202698,8.203323,80.25,13.0
2025-12-16 20:00:00,-8.665192,8.045517,80.25,13.0
2025-12-16 21:00:00,-8.315979,7.7808685,80.25,13.0
2025-12-16 22:00:00,-7.9494934,7.398636,80.25,13.0
2025-12-16 23:00:00,-8.078812,7.333847,80.25,13.0
2025-12-17 00:00:00,-8.572708,7.336334,80.25,13.0
2025-12-17 01:00:00,-8.848694,7.3565826,80.25,13.0
2025-12-17 02:00:00,-8.988663,7.598114,80.25,13.0
2025-12-17 03:00:00,-8.922821,7.823349,80.25,13.0
2025-12-17 04:00:00,-8.774353,7.9411774,80.25,13.0
2025-12-17 05:00:00,-8.642197,7.9241943,80.25,13.0
2025-12-17 06:00:00,-8.513184,7.822006,80.25,13.0
2025-12-17 07:00:00,-8.441681,7.713211,80.25,13.0
2025-12-17 08:00:00,-8.418762,7.9086914,80.25,13.0
2025-12-17 09:00:00,-8.502686,7.8362885,80.25,13.0
2025-12-17 10:00:00,-8.997253,8.319397,80.25,13.0
2025-12-17 11:00:00,-9.42688,8.433121,80.25,13.0
2025-12-17 12:00:00,-9.352325,8.467056,80.25,13.0
2025-12-17 13:00:00,-8.753021,8.334778,80.25,13.0
2025-12-17 14:00:00,-8.506287,7.744034,80.25,13.0
2025-12-17 15:00:00,-8.640106,7.260605,80.25,13.0
2025-12-17 16:00:00,-8.878876,7.0108337,80.25,13.0
2025-12-17 17:00:00,-9.036667,7.0148163,80.25,13.0
2025-12-17 18:00:00,-8.697067,7.317505,80.25,13.0
2025-12-17 19:00:00,-8.274002,7.495941,80.25,13.0
2025-12-17 20:00:00,-7.8683777,7.249222,80.25,13.0
2025-12-17 21:00:00,-7.6516876,7.034775,80.25,13.0
2025-12-17 22:00:00,-7.713928,6.092407,80.25,13.0
2025-12-17 23:00:00,-7.2417145,6.798279,80.25,13.0
2025-12-18 00:00:00,-6.4407806,7.817734,80.25,13.0
2025-12-18 01:00:00,-5.402298,8.837631,80.25,13.0
2025-12-18 02:00:00,-5.0096283,9.116592,80.25,13.0
2025-12-18 03:00:00,-5.167633,8.88147,80.25,13.0
2025-12-18 04:00:00,-5.438492,8.679428,80.25,13.0
2025-12-18 05:00:00,-5.9316864,8.340012,80.25,13.0
2025-12-18 06:00:00,-6.449066,8.133255,80.25,13.0
2025-12-18 07:00:00,-6.871292,7.720566,80.25,13.0
2025-12-18 08:00:00,-7.35997,7.330719,80.25,13.0
2025-12-18 09:00:00,-7.848114,6.92157,80.25,13.0
2025-12-18 10:00:00,-8.02124,7.228241,80.25,13.0
2025-12-18 11:00:00,-8.519913,6.6406403,80.25,13.0
2025-12-18 12:00:00,-8.854446,6.3114777,80.25,13.0
2025-12-18 13:00:00,-8.935135,5.8701935,80.25,13.0
2025-12-18 14:00:00,-9.220306,5.7543945,80.25,13.0
2025-12-18 15:00:00,-9.490219,5.483536,80.25,13.0
2025-12-18 16:00:00,-9.707672,5.381424,80.25,13.0
2025-12-18 17:00:00,-9.910599,5.288925,80.25,13.0
2025-12-18 18:00:00,-9.834015,5.4701385,80.25,13.0
2025-12-18 19:00:00,-9.504593,5.6136627,80.25,13.0
2025-12-18 20:00:00,-9.246719,5.1158295,80.25,13.0
2025-12-18 21:00:00,-9.276703,4.515106,80.25,13.0
2025-12-18 22:00:00,-9.273682,3.4340057,80.25,13.0
2025-12-18 23:00:00,-9.215424,2.7733917,80.25,13.0
2025-12-19 00:00:00,-9.286957,2.0322723,80.25,13.0
2025-12-19 01:00:00,-9.162079,1.4999695,80.25,13.0
2025-12-19 02:00:00,-8.903702,0.67733765,80.25,13.0
2025-12-19 03:00:00,-8.559784,-0.36732483,80.25,13.0
2025-12-19 04:00:00,-8.201019,-1.7047272,80.25,13.0
2025-12-19 05:00:00,-7.4045105,-2.7698517,80.25,13.0
2025-12-19 06:00:00,-6.5231323,-3.9958649,80.25,13.0
2025-12-19 07:00:00,-5.0324554,-5.0451508,80.25,13.0
2025-12-19 08:00:00,-3.285324,-6.270523,80.25,13.0
2025-12-19 09:00:00,-1.7544708,-6.947418,80.25,13.0
2025-12-19 10:00:00,-1.5352783,-7.0372925,80.25,13.0
2025-12-19 11:00:00,-0.6112976,-6.0348053,80.25,13.0
2025-12-19 12:00:00,0.4909668,-5.120041,80.25,13.0
2025-12-19 13:00:00,1.2316437,-4.0763397,80.25,13.0
2025-12-19 14:00:00,1.8598938,-2.926422,80.25,13.0
2025-12-19 15:00:00,2.1366272,-2.0139313,80.25,13.0
2025-12-19 16:00:00,2.06073,-1.4223785,80.25,13.0
2025-12-19 17:00:00,1.529419,-0.84898376,80.25,13.0
2025-12-19 18:00:00,0.614975,-0.62490845,80.25,13.0
2025-12-19 19:00:00,-0.31178284,-1.0432281,80.25,13.0
2025-12-19 20:00:00,-1.6078491,-1.2522736,80.25,13.0
2025-12-19 21:00:00,-2.808258,-1.6381378,80.25,13.0
2025-12-19 22:00:00,-3.728592,-1.2773285,80.25,13.0
2025-12-19 23:00:00,-4.8923035,-1.4209595,80.25,13.0
2025-12-20 00:00:00,-5.821457,-1.610321,80.25,13.0
2025-12-20 01:00:00,-6.604065,-1.7396545,80.25,13.0
2025-12-20 02:00:00,-6.828903,-1.795517,80.25,13.0
2025-12-20 03:00:00,-6.5399475,-2.058792,80.25,13.0
2025-12-20 04:00:00,-6.202286,-2.0182648,80.25,13.0
2025-12-20 05:00:00,-5.8517914,-1.7591248,80.25,13.0
2025-12-20 06:00:00,-5.022293,-1.4743195,80.25,13.0
2025-12-20 07:00:00,-4.1391754,-1.4526672,80.25,13.0
2025-12-20 08:00:00,-3.2906952,-1.1856842,80.25,13.0
2025-12-20 09:00:00,-2.3690186,-0.86091614,80.25,13.0
2025-12-20 10:00:00,-1.3424225,-1.0715637,80.25,13.0
2025-12-20 11:00:00,-1.1404419,-1.4692535,80.25,13.0
2025-12-20 12:00:00,-0.9013977,-1.4797668,80.25,13.0
2025-12-20 13:00:00,-0.6710663,-1.3885803,80.25,13.0
2025-12-20 14:00:00,-0.25852966,-1.559906,80.25,13.0
2025-12-20 15:00:00,0.28414917,-2.1701202,80.25,13.0
2025-12-20 16:00:00,0.684433,-2.9698029,80.25,13.0
2025-12-20 17:00:00,0.74134827,-3.5078125,80.25,13.0
2025-12-20 18:00:00,0.5217438,-3.5984955,80.25,13.0
2025-12-20 19:00:00,0.38061523,-3.4888306,80.25,13.0
2025-12-20 20:00:00,0.29833984,-3.1156769,80.25,13.0
2025-12-20 21:00:00,0.49201965,-2.8146973,80.25,13.0
2025-12-20 22:00:00,1.4635315,-3.593155,80.25,13.0
2025-12-20 23:00:00,1.8072968,-3.9797516,80.25,13.0
2025-12-21 00:00:00,1.5666656,-3.9261322,80.25,13.0
2025-12-21 01:00:00,1.1720734,-3.68544,80.25,13.0
2025-12-21 02:00:00,0.49331665,-2.8214874,80.25,13.0
2025-12-21 03:00:00,0.014923096,-1.7689362,80.25,13.0
2025-12-21 04:00:00,-0.41093445,-0.237854,80.25,13.0
2025-12-21 05:00:00,0.060455322,1.2946014,80.25,13.0
2025-12-21 06:00:00,1.5671387,2.4327393,80.25,13.0
2025-12-21 07:00:00,2.9917297,3.2516937,80.25,13.0
2025-12-21 08:00:00,4.292221,4.0762024,80.25,13.0
2025-12-21 09:00:00,5.1524506,4.7738953,80.25,13.0
2025-12-21 10:00:00,4.601471,4.803787,80.25,13.0
2025-12-21 11:00:00,3.8545685,6.010269,80.25,13.0
2025-12-21 12:00:00,3.4128876,6.825577,80.25,13.0
2025-12-21 13:00:00,3.7203827,7.3641205,80.25,13.0
2025-12-21 14:00:00,4.1366577,7.9393005,80.25,13.0
2025-12-21 15:00:00,5.0919952,9.075409,80.25,13.0
2025-12-21 16:00:00,5.902481,9.946228,80.25,13.0
2025-12-21 17:00:00,5.517624,10.685211,80.25,13.0
2025-12-21 18:00:00,4.9061584,11.191895,80.25,13.0
2025-12-21 19:00:00,3.8363953,11.856415,80.25,13.0
2025-12-21 20:00:00,3.138321,11.824219,80.25,13.0
2025-12-21 21:00:00,2.9211273,11.704834,80.25,13.0
2025-12-21 22:00:00,2.8849945,11.467453,80.25,13.0
2025-12-21 23:00:00,3.712204,11.833389,80.25,13.0
2025-12-22 00:00:00,3.2841644,12.461578,80.25,13.0
2025-12-22 01:00:00,2.511795,12.188293,80.25,13.0
2025-12-22 02:00:00,1.5642548,11.171234,80.25,13.0
2025-12-22 03:00:00,1.7943268,10.67186,80.25,13.0
2025-12-22 04:00:00,2.4213867,10.308395,80.25,13.0
2025-12-22 05:00:00,3.8561707,9.664429,80.25,13.0
2025-12-22 06:00:00,6.009506,9.003998,80.25,13.0
2025-12-22 07:00:00,7.57251,8.001846,80.25,13.0
2025-12-22 08:00:00,9.597305,7.746292,80.25,13.0
2025-12-22 09:00:00,10.159866,7.214813,80.25,13.0
2025-12-22 10:00:00,9.219254,8.015091,80.25,13.0
2025-12-22 11:00:00,9.495377,8.453674,80.25,13.0
2025-12-22 12:00:00,10.142303,8.15332,80.25,13.0
2025-12-22 13:00:00,10.89241,7.433365,80.25,13.0
2025-12-22 14:00:00,11.250916,7.037613,80.25,13.0
2025-12-22 15:00:00,11.444702,6.522217,80.25,13.0
2025-12-22 16:00:00,11.587189,6.3890076,80.25,13.0
2025-12-22 17:00:00,11.91124,6.09816,80.25,13.0
2025-12-22 18:00:00,12.389145,5.4257507,80.25,13.0
2025-12-22 19:00:00,12.5203705,4.8157196,80.25,13.0
2025-12-22 20:00:00,12.483063,4.3386536,80.25,13.0
2025-12-22 21:00:00,12.006653,3.7573395,80.25,13.0
2025-12-22 22:00:00,11.770752,4.0003967,80.25,13.0
2025-12-22 23:00:00,11.945328,3.6676483,80.25,13.0
2025-12-23 00:00:00,11.860916,3.815033,80.25,13.0
2025-12-23 01:00:00,11.443115,4.6849213,80.25,13.0
2025-12-23 02:00:00,11.454437,4.2911987,80.25,13.0
2025-12-23 03:00:00,11.544632,3.0714417,80.25,13.0
2025-12-23 04:00:00,11.133881,3.026657,80.25,13.0
2025-12-23 05:00:00,10.854462,3.7882538,80.25,13.0
2025-12-23 06:00:00,10.851761,4.585266,80.25,13.0
2025-12-23 07:00:00,11.121872,4.944336,80.25,13.0
2025-12-23 08:00:00,11.453232,5.319763,80.25,13.0
2025-12-23 09:00:00,11.66333,5.520401,80.25,13.0
2025-12-23 10:00:00,11.680267,6.463684,80.25,13.0
2025-12-23 11:00:00,12.289322,6.8146515,80.25,13.0
2025-12-23 12:00:00,12.576401,6.703293,80.25,13.0
2025-12-23 13:00:00,12.6623535,6.759445,80.25,13.0
2025-12-23 14:00:00,12.738586,6.628113,80.25,13.0
2025-12-23 15:00:00,12.36499,6.4578705,80.25,13.0
2025-12-23 16:00:00,11.766098,6.483078,80.25,13.0
2025-12-23 17:00:00,10.760208,6.6940002,80.25,13.0
2025-12-23 18:00:00,10.095718,7.046463,80.25,13.0
2025-12-23 19:00:00,9.549072,7.3082123,80.25,13.0
2025-12-23 20:00:00,8.968964,7.139282,80.25,13.0
2025-12-23 21:00:00,9.291763,7.0237427,80.25,13.0
2025-12-23 22:00:00,8.989441,6.8882904,80.25,13.0
2025-12-23 23:00:00,9.349472,6.6684875,80.25,13.0
2025-12-24 00:00:00,8.74408,6.935318,80.25,13.0
2025-12-24 01:00:00,8.258438,7.3162537,80.25,13.0
2025-12-24 02:00:00,7.913803,7.4151154,80.25,13.0
2025-12-24 03:00:00,7.664383,7.3358307,80.25,13.0
2025-12-24 04:00:00,7.5233,6.86145,80.25,13.0
2025-12-24 05:00:00,7.165909,6.2648163,80.25,13.0
2025-12-24 06:00:00,6.563614,5.849045,80.25,13.0
2025-12-24 07:00:00,5.574356,5.5751495,80.25,13.0
2025-12-24 08:00:00,4.4920044,5.209854,80.25,13.0
2025-12-24 09:00:00,3.612915,4.7529144,80.25,13.0
2025-12-24 10:00:00,2.7110395,3.18367,80.25,13.0
2025-12-24 11:00:00,1.1285305,3.3968658,80.25,13.0
2025-12-24 12:00:00,0.24180222,3.832962,80.25,13.0
2025-12-24 13:00:00,0.21592712,3.6344452,80.25,13.0
2025-12-24 14:00:00,0.14933777,2.860382,80.25,13.0
2025-12-24 15:00:00,-0.21479797,1.9522705,80.25,13.0
2025-12-24 16:00:00,-0.57780457,0.8461609,80.25,13.0
2025-12-24 17:00:00,-1.1803589,-0.5420532,80.25,13.0
2025-12-24 18:00:00,-2.1368408,-1.5069122,80.25,13.0
2025-12-24 19:00:00,-2.980194,-2.065445,80.25,13.0
2025-12-24 20:00:00,-3.2383728,-2.4149017,80.25,13.0
2025-12-24 21:00:00,-3.1633759,-2.9089813,80.25,13.0
2025-12-24 22:00:00,-3.6617584,-4.2436676,80.25,13.0
2025-12-24 23:00:00,-3.1641693,-5.6427765,80.25,13.0
2025-12-25 00:00:00,-3.2057953,-6.7723236,80.25,13.0
2025-12-25 01:00:00,-2.5736237,-6.59404,80.25,13.0
2025-12-25 02:00:00,-1.6119537,-6.632782,80.25,13.0
2025-12-25 03:00:00,-0.1434021,-6.763916,80.25,13.0
2025-12-25 04:00:00,1.1517029,-6.8668213,80.25,13.0
2025-12-25 05:00:00,2.1936188,-6.610794,80.25,13.0
2025-12-25 06:00:00,3.342743,-6.060501,80.25,13.0
2025-12-25 07:00:00,4.2119293,-5.5970764,80.25,13.0
2025-12-25 08:00:00,4.442581,-5.1460114,80.25,13.0
2025-12-25 09:00:00,4.772461,-4.426941,80.25,13.0
2025-12-25 10:00:00,4.632675,-3.2761536,80.25,13.0
2025-12-25 11:00:00,5.0088043,-2.558258,80.25,13.0
2025-12-25 12:00:00,5.897415,-1.5087738,80.25,13.0
2025-12-25 13:00:00,7.011566,-1.1820374,80.25,13.0
2025-12-25 14:00:00,7.677902,-1.6602173,80.25,13.0
2025-12-25 15:00:00,7.3455048,-2.2342834,80.25,13.0
2025-12-25 16:00:00,7.7109375,-1.890213,80.25,13.0
2025-12-25 17:00:00,8.110825,-1.8680878,80.25,13.0
2025-12-25 18:00:00,8.337433,-1.9618378,80.25,13.0
2025-12-25 19:00:00,9.096237,-2.0329132,80.25,13.0
2025-12-25 20:00:00,10.051575,-2.7188416,80.25,13.0
2025-12-25 21:00:00,10.158554,-3.9138947,80.25,13.0
2025-12-25 22:00:00,9.613434,-4.759094,80.25,13.0
2025-12-25 23:00:00,9.818695,-5.171417,80.25,13.0
2025-12-26 00:00:00,10.123886,-4.771759,80.25,13.0
2025-12-26 01:00:00,10.541855,-4.1935425,80.25,13.0
2025-12-26 02:00:00,10.747345,-4.115509,80.25,13.0
2025-12-26 03:00:00,10.824051,-4.3760376,80.25,13.0
2025-12-26 04:00:00,10.681656,-4.713501,80.25,13.0
2025-12-26 05:00:00,10.538345,-4.609024,80.25,13.0
2025-12-26 06:00:00,10.237061,-4.782715,80.25,13.0
2025-12-26 07:00:00,10.026855,-5.108078,80.25,13.0
2025-12-26 08:00:00,9.481781,-5.8279114,80.25,13.0
2025-12-26 09:00:00,8.955322,-6.3970337,80.25,13.0
2025-12-26 10:00:00,9.748962,-6.848572,80.25,13.0
2025-12-26 11:00:00,9.994583,-7.525299,80.25,13.0
2025-12-26 12:00:00,9.750183,-7.6265106,80.25,13.0
2025-12-26 13:00:00,9.540588,-7.7888336,80.25,13.0
2025-12-26 14:00:00,9.396378,-7.818634,80.25,13.0
2025-12-26 15:00:00,9.586685,-8.023621,80.25,13.0
2025-12-26 16:00:00,9.653,-8.380966,80.25,13.0
2025-12-26 17:00:00,9.825485,-8.600586,80.25,13.0
2025-12-26 18:00:00,10.232727,-8.832718,80.25,13.0
2025-12-26 19:00:00,10.238922,-9.393784,80.25,13.0
2025-12-26 20:00:00,9.974579,-9.940781,80.25,13.0
2025-12-26 21:00:00,9.717514,-10.365448,80.25,13.0
2025-12-26 22:00:00,9.303619,-9.943878,80.25,13.0
2025-12-26 23:00:00,9.541534,-9.8177185,80.25,13.0
2025-12-27 00:00:00,9.856567,-9.738983,80.25,13.0
2025-12-27 01:00:00,9.965195,-9.812775,80.25,13.0
2025-12-27 02:00:00,10.199387,-9.370483,80.25,13.0
2025-12-27 03:00:00,10.510147,-8.895584,80.25,13.0
2025-12-27 04:00:00,10.78389,-8.577744,80.25,13.0
2025-12-27 05:00:00,10.795517,-8.5394745,80.25,13.0
2025-12-27 06:00:00,10.734436,-8.83519,80.25,13.0
2025-12-27 07:00:00,10.6727295,-9.342941,80.25,13.0
2025-12-27 08:00:00,10.857254,-9.616272,80.25,13.0
2025-12-27 09:00:00,11.044479,-9.802048,80.25,13.0
2025-12-27 10:00:00,10.105942,-8.761932,80.25,13.0
2025-12-27 11:00:00,10.381699,-9.3376465,80.25,13.0
2025-12-27 12:00:00,10.184204,-9.498596,80.25,13.0
2025-12-27 13:00:00,9.7478485,-9.6766815,80.25,13.0
2025-12-27 14:00:00,9.362656,-9.492584,80.25,13.0
2025-12-27 15:00:00,9.262558,-9.061691,80.25,13.0
2025-12-27 16:00:00,9.301788,-8.736496,80.25,13.0
2025-12-27 17:00:00,9.243622,-8.555389,80.25,13.0
2025-12-27 18:00:00,9.378525,-8.180542,80.25,13.0
2025-12-27 19:00:00,9.527344,-8.1119995,80.25,13.0
2025-12-27 20:00:00,9.45903,-8.245148,80.25,13.0
2025-12-27 21:00:00,9.343979,-8.4131775,80.25,13.0
2025-12-27 22:00:00,8.418701,-7.3357697,80.25,13.0
2025-12-27 23:00:00,8.282944,-7.1914062,80.25,13.0
2025-12-28 00:00:00,6.5897675,-6.977417,80.25,13.0
2025-12-28 01:00:00,2.9999237,-6.239746,80.25,13.0
2025-12-28 02:00:00,-1.5901489,-8.482895,80.25,13.0
2025-12-28 03:00:00,-5.805313,-12.618103,80.25,13.0
2025-12-28 04:00:00,-7.5137787,-15.460312,80.25,13.0
2025-12-28 05:00:00,-6.77713,-15.984772,80.25,13.0
2025-12-28 06:00:00,-6.0393524,-15.894043,80.25,13.0
2025-12-28 07:00:00,-4.8047333,-15.245071,80.25,13.0
2025-12-28 08:00:00,-5.3685455,-15.94928,80.25,13.0
2025-12-28 09:00:00,-4.9418945,-15.4375,80.25,13.0
2025-12-28 10:00:00,-5.614151,-14.625458,80.25,13.0
2025-12-28 11:00:00,-5.072571,-15.50499,80.25,13.0
2025-12-28 12:00:00,-4.9571075,-15.570297,80.25,13.0
2025-12-28 13:00:00,-4.5077972,-15.479263,80.25,13.0
2025-12-28 14:00:00,-4.159622,-15.2934265,80.25,13.0
2025-12-28 15:00:00,-3.7525024,-14.880234,80.25,13.0
2025-12-28 16:00:00,-3.1128082,-14.632919,80.25,13.0
2025-12-28 17:00:00,-2.266571,-14.658295,80.25,13.0
2025-12-28 18:00:00,-1.5529785,-14.510574,80.25,13.0
2025-12-28 19:00:00,-1.0314789,-14.345032,80.25,13.0
2025-12-28 20:00:00,-0.45568848,-14.093399,80.25,13.0
2025-12-28 21:00:00,0.12426758,-13.997559,80.25,13.0
2025-12-28 22:00:00,1.214859,-13.846878,80.25,13.0
2025-12-28 23:00:00,1.6560059,-13.696442,80.25,13.0
2025-12-29 00:00:00,1.9618225,-13.610519,80.25,13.0
2025-12-29 01:00:00,2.265686,-13.37027,80.25,13.0
2025-12-29 02:00:00,2.4855347,-13.045715,80.25,13.0
2025-12-29 03:00:00,2.8171234,-12.698181,80.25,13.0
2025-12-29 04:00:00,3.3115997,-12.374069,80.25,13.0
2025-12-29 05:00:00,3.6292114,-12.110184,80.25,13.0
2025-12-29 06:00:00,3.7378235,-12.054565,80.25,13.0
2025-12-29 07:00:00,3.9973907,-11.961761,80.25,13.0
2025-12-29 08:00:00,4.111038,-11.813293,80.25,13.0
2025-12-29 09:00:00,4.084961,-11.67807,80.25,13.0
2025-12-29 10:00:00,4.4824524,-10.5256195,80.25,13.0
2025-12-29 11:00:00,4.983368,-10.884903,80.25,13.0
2025-12-29 12:00:00,4.836914,-10.942917,80.25,13.0
2025-12-29 13:00:00,4.6596527,-10.755203,80.25,13.0
2025-12-29 14:00:00,4.480896,-10.567078,80.25,13.0
2025-12-29 15:00:00,4.433243,-10.340912,80.25,13.0
2025-12-29 16:00:00,4.453293,-9.983856,80.25,13.0
2025-12-29 17:00:00,4.4752197,-9.768799,80.25,13.0
2025-12-29 18:00:00,4.4000854,-9.543625,80.25,13.0
2025-12-29 19:00:00,4.226227,-9.3573,80.25,13.0
2025-12-29 20:00:00,4.119568,-9.070938,80.25,13.0
2025-12-29 21:00:00,4.139099,-8.953018,80.25,13.0
2025-12-29 22:00:00,5.155365,-9.22525,80.25,13.0
2025-12-29 23:00:00,4.6247864,-9.294647,80.25,13.0
2025-12-30 00:00:00,3.9051514,-9.345062,80.25,13.0
2025-12-30 01:00:00,3.5694122,-9.300476,80.25,13.0
2025-12-30 02:00:00,3.192154,-9.223984,80.25,13.0
2025-12-30 03:00:00,2.977417,-9.106125,80.25,13.0
2025-12-30 04:00:00,2.8943787,-8.94664,80.25,13.0
2025-12-30 05:00:00,3.1403503,-8.792435,80.25,13.0
2025-12-30 06:00:00,3.3883362,-8.772797,80.25,13.0
2025-12-30 07:00:00,3.3380127,-8.960693,80.25,13.0
2025-12-30 08:00:00,3.262329,-8.976364,80.25,13.0
2025-12-30 09:00:00,3.234375,-8.923172,80.25,13.0
2025-12-30 10:00:00,3.2282715,-8.153946,80.25,13.0
2025-12-30 11:00:00,3.2363129,-8.434769,80.25,13.0
2025-12-30 12:00:00,3.1667938,-8.393082,80.25,13.0
2025-12-30 13:00:00,3.0878906,-8.186813,80.25,13.0
2025-12-30 14:00:00,3.003601,-7.926239,80.25,13.0
2025-12-30 15:00:00,2.870346,-7.761551,80.25,13.0
2025-12-30 16:00:00,2.4627533,-7.6249847,80.25,13.0
2025-12-30 17:00:00,2.4111328,-7.411377,80.25,13.0
2025-12-30 18:00:00,2.566391,-7.1394196,80.25,13.0
2025-12-30 19:00:00,2.5759277,-7.095642,80.25,13.0
2025-12-30 20:00:00,2.5922546,-7.1062775,80.25,13.0
2025-12-30 21:00:00,2.8974457,-7.232071,80.25,13.0
2025-12-30 22:00:00,2.3065796,-7.3641357,80.25,13.0
2025-12-30 23:00:00,2.2391357,-7.414032,80.25,13.0
2025-12-31 00:00:00,2.258667,-7.5018005,80.25,13.0
2025-12-31 01:00:00,2.130188,-7.591339,80.25,13.0
2025-12-31 02:00:00,2.0539093,-7.6348114,80.25,13.0
2025-12-31 03:00:00,1.9036255,-7.7041016,80.25,13.0
2025-12-31 04:00:00,1.8495636,-7.7241364,80.25,13.0
2025-12-31 05:00:00,1.9586945,-7.6449127,80.25,13.0
2025-12-31 06:00:00,2.227295,-7.7478943,80.25,13.0
2025-12-31 07:00:00,2.4519653,-7.7892303,80.25,13.0
2025-12-31 08:00:00,2.8439636,-7.8815155,80.25,13.0
2025-12-31 09:00:00,3.0922546,-8.007248,80.25,13.0
2025-12-31 10:00:00,2.3730774,-6.9698486,80.25,13.0
2025-12-31 11:00:00,2.697235,-7.2008667,80.25,13.0
2025-12-31 12:00:00,2.9512787,-7.2159424,80.25,13.0
2025-12-31 13:00:00,3.246338,-6.8814087,80.25,13.0
2025-12-31 14:00:00,3.5690155,-6.7532043,80.25,13.0
2025-12-31 15:00:00,4.0208435,-6.9954224,80.25,13.0
2025-12-31 16:00:00,4.1573486,-7.424103,80.25,13.0
2025-12-31 17:00:00,4.1317596,-8.23848,80.25,13.0
2025-12-31 18:00:00,3.9681702,-8.938156,80.25,13.0
2025-12-31 19:00:00,3.776001,-9.265488,80.25,13.0
2025-12-31 20:00:00,3.8542786,-9.16153,80.25,13.0
2025-12-31 21:00:00,4.0865784,-9.220856,80.25,13.0
2025-12-31 22:00:00,4.6869354,-8.850021,80.25,13.0
2025-12-31 23:00:00,5.3889008,-8.860947,80.25,13.0
2026-01-01 00:00:00,6.208481,-9.194946,80.25,13.0
2026-01-01 01:00:00,6.77977,-9.776703,80.25,13.0
2026-01-01 02:00:00,7.103119,-9.845154,80.25,13.0
2026-01-01 03:00:00,7.427826,-9.83139,80.25,13.0
2026-01-01 04:00:00,7.459671,-10.095444,80.25,13.0
2026-01-01 05:00:00,7.4206696,-10.142624,80.25,13.0
2026-01-01 06:00:00,7.478592,-9.901474,80.25,13.0
2026-01-01 07:00:00,7.5881042,-9.510132,80.25,13.0
2026-01-01 08:00:00,7.425873,-9.423462,80.25,13.0
2026-01-01 09:00:00,7.0214844,-9.716995,80.25,13.0
2026-01-01 10:00:00,6.261612,-8.593628,80.25,13.0
2026-01-01 11:00:00,6.093094,-8.9079895,80.25,13.0
2026-01-01 12:00:00,5.8246613,-8.822403,80.25,13.0
2026-01-01 13:00:00,5.604294,-8.63591,80.25,13.0
2026-01-01 14:00:00,5.6822815,-8.497421,80.25,13.0
2026-01-01 15:00:00,5.79805,-8.65097,80.25,13.0
2026-01-01 16:00:00,5.5960693,-8.955048,80.25,13.0
2026-01-01 17:00:00,4.9516144,-9.248047,80.25,13.0
2026-01-01 18:00:00,4.155365,-9.272369,80.25,13.0
2026-01-01 19:00:00,3.4387512,-9.055466,80.25,13.0
2026-01-01 20:00:00,2.9096985,-8.748123,80.25,13.0
2026-01-01 21:00:00,2.4779358,-8.541992,80.25,13.0
2026-01-01 22:00:00,1.7779999,-9.011612,80.25,13.0
2026-01-01 23:00:00,1.0855103,-8.7569275,80.25,13.0
2026-01-02 00:00:00,0.4619751,-8.560135,80.25,13.0
2026-01-02 01:00:00,0.5232239,-8.505173,80.25,13.0
2026-01-02 02:00:00,0.9702759,-8.621811,80.25,13.0
2026-01-02 03:00:00,1.3091888,-8.861023,80.25,13.0
2026-01-02 04:00:00,1.3108673,-9.235901,80.25,13.0
2026-01-02 05:00:00,1.003891,-9.4774475,80.25,13.0
2026-01-02 06:00:00,0.5272064,-9.811295,80.25,13.0
2026-01-02 07:00:00,-0.021743774,-9.942734,80.25,13.0
2026-01-02 08:00:00,-0.5731354,-9.800903,80.25,13.0
2026-01-02 09:00:00,-1.101654,-9.465698,80.25,13.0
2026-01-02 10:00:00,-1.8920135,-7.0960846,80.25,13.0
2026-01-02 11:00:00,-1.3782043,-7.191803,80.25,13.0
2026-01-02 12:00:00,-1.2009125,-7.446289,80.25,13.0
2026-01-02 13:00:00,-1.2488251,-7.562256,80.25,13.0
2026-01-02 14:00:00,-1.227768,-7.688141,80.25,13.0
2026-01-02 15:00:00,-1.3552704,-7.6924286,80.25,13.0
2026-01-02 16:00:00,-1.6531067,-7.74292,80.25,13.0
2026-01-02 17:00:00,-1.9210052,-7.6446533,80.25,13.0
2026-01-02 18:00:00,-2.159729,-7.668686,80.25,13.0
2026-01-02 19:00:00,-2.467636,-7.8750916,80.25,13.0
2026-01-02 20:00:00,-2.8146057,-8.240082,80.25,13.0
2026-01-02 21:00:00,-3.24292,-8.6072235,80.25,13.0
2026-01-02 22:00:00,-2.4651794,-9.207718,80.25,13.0
2026-01-02 23:00:00,-2.7879333,-9.328064,80.25,13.0
2026-01-03 00:00:00,-2.7678528,-9.201233,80.25,13.0
2026-01-03 01:00:00,-2.8261414,-9.198196,80.25,13.0
2026-01-03 02:00:00,-3.1028442,-8.903351,80.25,13.0
2026-01-03 03:00:00,-3.2467804,-8.490341,80.25,13.0
2026-01-03 04:00:00,-3.244461,-8.244263,80.25,13.0
2026-01-03 05:00:00,-3.2171478,-8.289581,80.25,13.0
2026-01-03 06:00:00,-3.2857056,-8.423157,80.25,13.0
2026-01-03 07:00:00,-3.231598,-8.397339,80.25,13.0
2026-01-03 08:00:00,-2.9565582,-8.387299,80.25,13.0
2026-01-03 09:00:00,-2.6562347,-8.555801,80.25,13.0
2026-01-03 10:00:00,-2.5932312,-8.523453,80.25,13.0
2026-01-03 11:00:00,-2.7410126,-8.145401,80.25,13.0
2026-01-03 12:00:00,-2.520996,-8.040756,80.25,13.0
2026-01-03 13:00:00,-2.005371,-7.7488556,80.25,13.0
2026-01-03 14:00:00,-1.3612213,-7.598648,80.25,13.0
2026-01-03 15:00:00,-1.2041321,-7.393387,80.25,13.0
2026-01-03 16:00:00,-1.1565094,-6.867462,80.25,13.0
2026-01-03 17:00:00,-0.76789856,-6.5812683,80.25,13.0
2026-01-03 18:00:00,-0.29891968,-6.6289825,80.25,13.0
2026-01-03 19:00:00,-0.2420044,-6.8066864,80.25,13.0
2026-01-03 20:00:00,-0.42315674,-6.662201,80.25,13.0
2026-01-03 21:00:00,-0.55122375,-6.6030426,80.25,13.0
2026-01-03 22:00:00,-0.6520996,-6.68338,80.25,13.0
2026-01-03 23:00:00,-0.8631592,-6.8635406,80.25,13.0
2026-01-04 00:00:00,-1.1242676,-6.4779816,80.25,13.0
2026-01-04 01:00:00,-1.2215424,-6.4608307,80.25,13.0
2026-01-04 02:00:00,-1.1771698,-6.5089874,80.25,13.0
2026-01-04 03:00:00,-1.0939484,-6.788681,80.25,13.0
2026-01-04 04:00:00,-1.1263275,-7.0191193,80.25,13.0
2026-01-04 05:00:00,-1.325592,-7.143997,80.25,13.0
2026-01-04 06:00:00,-1.5910187,-7.2005463,80.25,13.0
2026-01-04 07:00:00,-1.9543457,-7.0540314,80.25,13.0
2026-01-04 08:00:00,-2.3666992,-6.83313,80.25,13.0
2026-01-04 09:00:00,-2.8016357,-6.68544,80.25,13.0
2026-01-04 10:00:00,-3.7019958,-6.0798492,80.25,13.0
2026-01-04 11:00:00,-4.1598663,-5.890732,80.25,13.0
2026-01-04 12:00:00,-4.175583,-6.206726,80.25,13.0
2026-01-04 13:00:00,-4.0020447,-6.6008453,80.25,13.0
2026-01-04 14:00:00,-3.9571838,-7.104355,80.25,13.0
2026-01-04 15:00:00,-4.23114,-7.8067627,80.25,13.0
2026-01-04 16:00:00,-4.718643,-8.023422,80.25,13.0
2026-01-04 17:00:00,-5.0995026,-7.869095,80.25,13.0
2026-01-04 18:00:00,-5.3848114,-7.628937,80.25,13.0
2026-01-04 19:00:00,-5.474884,-7.3773956,80.25,13.0
2026-01-04 20:00:00,-5.444626,-7.1711273,80.25,13.0
2026-01-04 21:00:00,-5.3743134,-7.013504,80.25,13.0
2026-01-04 22:00:00,-5.3218994,-6.6311493,80.25,13.0
2026-01-04 23:00:00,-5.163986,-6.8390045,80.25,13.0
2026-01-05 00:00:00,-4.69928,-7.2583313,80.25,13.0
2026-01-05 01:00:00,-4.4387665,-7.525238,80.25,13.0
2026-01-05 02:00:00,-4.4497986,-7.2980347,80.25,13.0
2026-01-05 03:00:00,-4.355072,-6.5388947,80.25,13.0
2026-01-05 04:00:00,-3.9944458,-6.17157,80.25,13.0
2026-01-05 05:00:00,-3.7228851,-6.2640686,80.25,13.0
2026-01-05 06:00:00,-3.7374268,-6.328781,80.25,13.0
2026-01-05 07:00:00,-3.862442,-6.0987396,80.25,13.0
2026-01-05 08:00:00,-3.840622,-5.834778,80.25,13.0
2026-01-05 09:00:00,-3.7524872,-6.0617523,80.25,13.0
2026-01-05 10:00:00,-5.033798,-5.563385,80.25,13.0
2026-01-05 11:00:00,-5.467865,-4.1175995,80.25,13.0
2026-01-05 12:00:00,-5.2670135,-2.5237122,80.25,13.0
2026-01-05 13:00:00,-4.694504,-1.883606,80.25,13.0
2026-01-05 14:00:00,-4.0904846,-1.317215,80.25,13.0
2026-01-05 15:00:00,-3.581955,-0.61398315,80.25,13.0
2026-01-05 16:00:00,-2.9028015,0.021072388,80.25,13.0
2026-01-05 17:00:00,-2.2825317,0.22676086,80.25,13.0
2026-01-05 18:00:00,-1.6920166,-0.35543823,80.25,13.0
2026-01-05 19:00:00,-1.7113037,-0.9281311,80.25,13.0
2026-01-05 20:00:00,-1.854538,-0.44540405,80.25,13.0
2026-01-05 21:00:00,-1.5084381,0.119018555,80.25,13.0
2026-01-05 22:00:00,-0.90660095,-0.048919678,80.25,13.0
2026-01-05 23:00:00,0.3429718,-0.054748535,80.25,13.0
2026-01-06 00:00:00,1.5485077,-0.40841675,80.25,13.0
2026-01-06 01:00:00,2.5485687,-0.9051361,80.25,13.0
2026-01-06 02:00:00,3.0268555,-1.6638794,80.25,13.0
2026-01-06 03:00:00,3.1815033,-2.1535187,80.25,13.0
2026-01-06 04:00:00,3.2682037,-1.4529877,80.25,13.0
2026-01-06 05:00:00,3.8827362,-0.20019531,80.25,13.0
2026-01-06 06:00:00,5.1583557,0.45628357,80.25,13.0
2026-01-06 07:00:00,6.5630493,0.27409363,80.25,13.0
2026-01-06 08:00:00,7.4616394,-0.17396545,80.25,13.0
2026-01-06 09:00:00,7.7493286,-0.2523651,80.25,13.0
2026-01-06 10:00:00,8.688675,0.9266205,80.25,13.0
2026-01-06 11:00:00,8.919281,0.8948822,80.25,13.0
2026-01-06 12:00:00,9.094772,1.0689392,80.25,13.0
2026-01-06 13:00:00,9.123093,1.7626038,80.25,13.0
2026-01-06 14:00:00,9.2556305,2.3464966,80.25,13.0
2026-01-06 15:00:00,10.040024,2.6584473,80.25,13.0
2026-01-06 16:00:00,10.467056,2.6641998,80.25,13.0
2026-01-06 17:00:00,10.493759,2.3043823,80.25,13.0
2026-01-06 18:00:00,10.777023,2.00206,80.25,13.0
2026-01-06 19:00:00,11.228592,2.2977295,80.25,13.0
2026-01-06 20:00:00,11.583572,2.710617,80.25,13.0
2026-01-06 21:00:00,11.720963,3.0674133,80.25,13.0
2026-01-06 22:00:00,12.046249,3.0699768,80.25,13.0
2026-01-06 23:00:00,12.217438,3.4835663,80.25,13.0
2026-01-07 00:00:00,12.351456,3.7027893,80.25,13.0
2026-01-07 01:00:00,12.46698,3.825882,80.25,13.0
2026-01-07 02:00:00,12.416992,3.9205933,80.25,13.0
2026-01-07 03:00:00,12.732361,4.200897,80.25,13.0
2026-01-07 04:00:00,12.781342,4.566696,80.25,13.0
2026-01-07 05:00:00,13.096237,5.0704193,80.25,13.0
2026-01-07 06:00:00,13.515808,5.5701904,80.25,13.0
2026-01-07 07:00:00,13.931808,5.6765594,80.25,13.0
2026-01-07 08:00:00,13.998596,5.7713776,80.25,13.0
2026-01-07 09:00:00,14.148056,6.0289154,80.25,13.0
2026-01-07 10:00:00,13.533783,5.6790314,80.25,13.0
2026-01-07 11:00:00,13.924805,6.311325,80.25,13.0
2026-01-07 12:00:00,14.290482,6.6007233,80.25,13.0
2026-01-07 13:00:00,14.58876,6.9132843,80.25,13.0
2026-01-07 14:00:00,14.699188,7.040512,80.25,13.0
2026-01-07 15:00:00,15.017029,6.9247894,80.25,13.0
2026-01-07 16:00:00,15.118774,6.5575714,80.25,13.0
2026-01-07 17:00:00,15.44725,6.1765594,80.25,13.0
2026-01-07 18:00:00,15.988831,6.290344,80.25,13.0
2026-01-07 19:00:00,16.024063,6.5809174,80.25,13.0
2026-01-07 20:00:00,16.023285,6.7405243,80.25,13.0
2026-01-07 21:00:00,15.985489,6.770401,80.25,13.0
2026-01-07 22:00:00,15.728806,6.7538605,80.25,13.0
2026-01-07 23:00:00,15.603027,7.080475,80.25,13.0
2026-01-08 00:00:00,15.719284,7.400345,80.25,13.0
2026-01-08 01:00:00,15.861679,7.466629,80.25,13.0
2026-01-08 02:00:00,15.93689,7.4311523,80.25,13.0
2026-01-08 03:00:00,16.184357,7.230316,80.25,13.0
2026-01-08 04:00:00,16.322006,6.6803894,80.25,13.0
2026-01-08 05:00:00,16.40451,6.2698975,80.25,13.0
2026-01-08 06:00:00,16.411407,5.9815826,80.25,13.0
2026-01-08 07:00:00,16.21791,5.9249268,80.25,13.0
2026-01-08 08:00:00,16.074432,5.718338,80.25,13.0
2026-01-08 09:00:00,15.943314,5.338135,80.25,13.0
2026-01-08 10:00:00,14.964462,5.7091217,80.25,13.0
2026-01-08 11:00:00,15.134125,5.3571777,80.25,13.0
2026-01-08 12:00:00,15.306961,4.700714,80.25,13.0
2026-01-08 13:00:00,15.460083,4.0975494,80.25,13.0
2026-01-08 14:00:00,15.465424,3.7964172,80.25,13.0
2026-01-08 15:00:00,15.234497,3.1122437,80.25,13.0
2026-01-08 16:00:00,14.876434,2.062683,80.25,13.0
2026-01-08 17:00:00,14.408051,1.7448425,80.25,13.0
2026-01-08 18:00:00,13.870285,1.3505249,80.25,13.0
2026-01-08 19:00:00,13.108704,0.40753174,80.25,13.0
2026-01-08 20:00:00,11.966141,-0.11079407,80.25,13.0
2026-01-08 21:00:00,10.883392,-0.027618408,80.25,13.0
2026-01-08 22:00:00,10.046494,0.50868225,80.25,13.0
2026-01-08 23:00:00,9.891266,0.26730347,80.25,13.0
2026-01-09 00:00:00,9.440338,0.13209534,80.25,13.0
2026-01-09 01:00:00,9.091324,0.105789185,80.25,13.0
2026-01-09 02:00:00,8.846481,-0.097335815,80.25,13.0
2026-01-09 03:00:00,8.879303,-0.32008362,80.25,13.0
2026-01-09 04:00:00,8.941147,-0.36437988,80.25,13.0
2026-01-09 05:00:00,9.121506,-0.38705444,80.25,13.0
2026-01-09 06:00:00,9.200333,-0.6919403,80.25,13.0
2026-01-09 07:00:00,9.114502,-1.123291,80.25,13.0
2026-01-09 08:00:00,8.648682,-1.5909729,80.25,13.0
2026-01-09 09:00:00,8.041107,-1.8830261,80.25,13.0
2026-01-09 10:00:00,7.3412323,-1.6385193,80.25,13.0
2026-01-09 11:00:00,6.7000885,-1.3615112,80.25,13.0
2026-01-09 12:00:00,6.1952972,-1.5606995,80.25,13.0
2026-01-09 13:00:00,5.7714996,-1.5732422,80.25,13.0
2026-01-09 14:00:00,5.365967,-1.418396,80.25,13.0
2026-01-09 15:00:00,4.976471,-1.2340851,80.25,13.0
2026-01-09 16:00:00,4.4608154,-1.0736237,80.25,13.0
2026-01-09 17:00:00,4.03891,-0.95417786,80.25,13.0
2026-01-09 18:00:00,3.698349,-0.9798126,80.25,13.0
2026-01-09 19:00:00,3.168518,-1.0633698,80.25,13.0
2026-01-09 20:00:00,2.5954742,-1.1335602,80.25,13.0
2026-01-09 21:00:00,1.9075623,-1.0626831,80.25,13.0
2026-01-09 22:00:00,1.2532806,-1.1781769,80.25,13.0
2026-01-09 23:00:00,0.3973999,-0.5990143,80.25,13.0
2026-01-10 00:00:00,-0.07527161,0.18882751,80.25,13.0
2026-01-10 01:00:00,-0.5292053,0.5971985,80.25,13.0
2026-01-10 02:00:00,-1.0907288,0.9838867,80.25,13.0
2026-01-10 03:00:00,-1.5774231,1.158905,80.25,13.0
2026-01-10 04:00:00,-2.0180206,1.4139404,80.25,13.0
2026-01-10 05:00:00,-2.0580597,1.8279419,80.25,13.0
2026-01-10 06:00:00,-2.111679,2.1385956,80.25,13.0
2026-01-10 07:00:00,-2.0978851,2.2281952,80.25,13.0
2026-01-10 08:00:00,-2.2187805,2.340973,80.25,13.0
2026-01-10 09:00:00,-2.4283905,2.6759949,80.25,13.0
2026-01-10 10:00:00,-1.6234741,3.4933167,80.25,13.0
2026-01-10 11:00:00,-0.58180237,4.037964,80.25,13.0
2026-01-10 12:00:00,0.45298767,4.1077576,80.25,13.0
2026-01-10 13:00:00,1.1885071,4.044113,80.25,13.0
2026-01-10 14:00:00,1.9916687,3.9259033,80.25,13.0
2026-01-10 15:00:00,2.8552856,3.809555,80.25,13.0
2026-01-10 16:00:00,3.8908386,3.4331207,80.25,13.0
2026-01-10 17:00:00,4.471588,3.117157,80.25,13.0
2026-01-10 18:00:00,4.8948364,3.091278,80.25,13.0
2026-01-10 19:00:00,5.0258026,3.2354584,80.25,13.0
2026-01-10 20:00:00,5.251816,3.3413696,80.25,13.0
2026-01-10 21:00:00,5.630081,3.2118988,80.25,13.0
2026-01-10 22:00:00,6.0074615,2.4878235,80.25,13.0
2026-01-10 23:00:00,5.836548,2.4736176,80.25,13.0
2026-01-11 00:00:00,5.573761,2.4672241,80.25,13.0
2026-01-11 01:00:00,5.047592,2.4801636,80.25,13.0
2026-01-11 02:00:00,4.296097,2.718216,80.25,13.0
2026-01-11 03:00:00,3.7883606,3.2536926,80.25,13.0
2026-01-11 04:00:00,3.602768,3.693985,80.25,13.0
2026-01-11 05:00:00,3.805008,3.7454681,80.25,13.0
2026-01-11 06:00:00,4.1256714,3.295395,80.25,13.0
2026-01-11 07:00:00,4.035797,2.6776733,80.25,13.0
2026-01-11 08:00:00,3.6386566,2.251892,80.25,13.0
2026-01-11 09:00:00,3.2106018,2.318451,80.25,13.0
2026-01-11 10:00:00,4.9584503,0.95224,80.25,13.0
2026-01-11 11:00:00,4.6127014,0.5715027,80.25,13.0
2026-01-11 12:00:00,4.210541,0.46148682,80.25,13.0
2026-01-11 13:00:00,4.017456,0.5736084,80.25,13.0
2026-01-11 14:00:00,3.600113,0.9975586,80.25,13.0
2026-01-11 15:00:00,3.4179382,1.4122772,80.25,13.0
2026-01-11 16:00:00,3.5983887,1.603653,80.25,13.0
2026-01-11 17:00:00,3.6744843,1.6437988,80.25,13.0
2026-01-11 18:00:00,3.5578613,1.5800629,80.25,13.0
2026-01-11 19:00:00,3.1501465,1.5914307,80.25,13.0
2026-01-11 20:00:00,2.986084,1.9651642,80.25,13.0
2026-01-11 21:00:00,3.0188599,2.4323273,80.25,13.0
2026-01-11 22:00:00,4.1086884,3.4137878,80.25,13.0
2026-01-11 23:00:00,4.4644165,2.7799835,80.25,13.0
2026-01-12 00:00:00,4.604828,1.8710327,80.25,13.0
2026-01-12 01:00:00,4.432617,0.9682007,80.25,13.0
2026-01-12 02:00:00,3.6812134,0.30340576,80.25,13.0
2026-01-12 03:00:00,2.6575775,0.046463013,80.25,13.0
2026-01-12 04:00:00,1.8132477,0.6939697,80.25,13.0
2026-01-12 05:00:00,1.3309021,1.2669525,80.25,13.0
2026-01-12 06:00:00,0.621109,0.45726013,80.25,13.0
2026-01-12 07:00:00,-0.70521545,-0.006713867,80.25,13.0
2026-01-12 08:00:00,-2.0626373,-0.37979126,80.25,13.0
2026-01-12 09:00:00,-3.6263885,-1.3680267,80.25,13.0
2026-01-12 10:00:00,-5.1151886,-2.7291412,80.25,13.0
2026-01-12 11:00:00,-6.832535,-3.0749512,80.25,13.0
2026-01-12 12:00:00,-7.6193542,-3.6377258,80.25,13.0
2026-01-12 13:00:00,-6.9086914,-3.9318848,80.25,13.0
2026-01-12 14:00:00,-5.033676,-6.3969116,80.25,13.0
2026-01-12 15:00:00,-3.2490387,-7.1644897,80.25,13.0
2026-01-12 16:00:00,-1.613617,-7.001175,80.25,13.0
2026-01-12 17:00:00,-0.72499084,-6.361801,80.25,13.0
2026-01-12 18:00:00,-0.48477173,-5.1078033,80.25,13.0
2026-01-12 19:00:00,-0.9076538,-3.426941,80.25,13.0
2026-01-12 20:00:00,-1.1649017,-2.3174744,80.25,13.0
2026-01-12 21:00:00,-2.0526733,-1.7593994,80.25,13.0
2026-01-12 22:00:00,-3.8470154,0.6973114,80.25,13.0
2026-01-12 23:00:00,-4.620041,2.234665,80.25,13.0
2026-01-13 00:00:00,-5.3766937,3.8090668,80.25,13.0
2026-01-13 01:00:00,-5.1912384,4.6129456,80.25,13.0
2026-01-13 02:00:00,-5.066681,4.8915253,80.25,13.0
2026-01-13 03:00:00,-4.486252,5.2730255,80.25,13.0
2026-01-13 04:00:00,-3.4010925,4.6154633,80.25,13.0
2026-01-13 05:00:00,-2.1961212,3.6797943,80.25,13.0
2026-01-13 06:00:00,-0.9910431,2.3051453,80.25,13.0
2026-01-13 07:00:00,-0.10345459,1.442337,80.25,13.0
2026-01-13 08:00:00,0.6602936,0.2615204,80.25,13.0
2026-01-13 09:00:00,1.0628357,-1.0816345,80.25,13.0
2026-01-13 10:00:00,2.027954,-3.9822998,80.25,13.0
2026-01-13 11:00:00,2.0621948,-3.949417,80.25,13.0
2026-01-13 12:00:00,2.5863647,-3.83844,80.25,13.0
2026-01-13 13:00:00,2.4962006,-3.8282166,80.25,13.0
2026-01-13 14:00:00,2.2131805,-3.5984497,80.25,13.0
2026-01-13 15:00:00,2.265686,-2.8333282,80.25,13.0
2026-01-13 16:00:00,2.756195,-2.4193268,80.25,13.0
2026-01-13 17:00:00,3.5398865,-2.3227844,80.25,13.0
2026-01-13 18:00:00,4.5712585,-2.8461304,80.25,13.0
2026-01-13 19:00:00,5.0981445,-3.262497,80.25,13.0
2026-01-13 20:00:00,5.3855743,-2.9660187,80.25,13.0
2026-01-13 21:00:00,5.498703,-2.5059052,80.25,13.0
2026-01-13 22:00:00,6.105591,-1.7410126,80.25,13.0
2026-01-13 23:00:00,6.451248,-1.9743347,80.25,13.0
2026-01-14 00:00:00,6.2797546,-2.1922913,80.25,13.0
2026-01-14 01:00:00,5.8361053,-2.174881,80.25,13.0
2026-01-14 02:00:00,5.376526,-1.7363739,80.25,13.0
2026-01-14 03:00:00,4.991165,-1.4797974,80.25,13.0
2026-01-14 04:00:00,4.6552124,-1.5517426,80.25,13.0
2026-01-14 05:00:00,4.1477966,-1.7041473,80.25,13.0
2026-01-14 06:00:00,3.5259552,-1.6826935,80.25,13.0
2026-01-14 07:00:00,2.8666077,-1.6977539,80.25,13.0
2026-01-14 08:00:00,1.9624634,-1.3854675,80.25,13.0
2026-01-14 09:00:00,1.0133514,-0.78933716,80.25,13.0
2026-01-14 10:00:00,0.18327332,-0.27508545,80.25,13.0
2026-01-14 11:00:00,-0.22517395,-0.10269165,80.25,13.0
2026-01-14 12:00:00,-0.6011963,-0.20066833,80.25,13.0
2026-01-14 13:00:00,-1.3530579,-0.56622314,80.25,13.0
2026-01-14 14:00:00,-2.253006,-0.44766235,80.25,13.0
2026-01-14 15:00:00,-2.668747,-0.03048706,80.25,13.0
2026-01-14 16:00:00,-2.51828,0.25968933,80.25,13.0
2026-01-14 17:00:00,-2.2022095,0.18797302,80.25,13.0
2026-01-14 18:00:00,-1.9728546,0.38145447,80.25,13.0
2026-01-14 19:00:00,-1.7993317,0.9146881,80.25,13.0
2026-01-14 20:00:00,-1.5342102,1.5623932,80.25,13.0
2026-01-14 21:00:00,-1.4094238,2.0139313,80.25,13.0
2026-01-14 22:00:00,-1.2399902,2.1174316,80.25,13.0
2026-01-14 23:00:00,-1.767273,2.2658234,80.25,13.0
2026-01-15 00:00:00,-1.9611816,2.9398499,80.25,13.0
2026-01-15 01:00:00,-2.2275238,2.8327484,80.25,13.0
2026-01-15 02:00:00,-2.5805206,3.3016663,80.25,13.0
2026-01-15 03:00:00,-2.4625397,3.998886,80.25,13.0
2026-01-15 04:00:00,-2.2438202,4.713608,80.25,13.0
2026-01-15 05:00:00,-2.1085815,5.1391144,80.25,13.0
2026-01-15 06:00:00,-1.9481964,5.5045776,80.25,13.0
2026-01-15 07:00:00,-1.962143,5.983917,80.25,13.0
2026-01-15 08:00:00,-1.816391,6.834961,80.25,13.0
2026-01-15 09:00:00,-0.9273071,7.3233337,80.25,13.0
2026-01-15 10:00:00,2.8250885,6.4723206,80.25,13.0
2026-01-15 11:00:00,3.7389374,6.3196716,80.25,13.0
2026-01-15 12:00:00,3.0919495,6.099045,80.25,13.0
2026-01-15 13:00:00,2.458435,5.7723083,80.25,13.0
2026-01-15 14:00:00,2.2864075,5.442444,80.25,13.0
2026-01-15 15:00:00,2.2285156,5.146042,80.25,13.0
2026-01-15 16:00:00,2.6863098,5.0504913,80.25,13.0
2026-01-15 17:00:00,3.73555,4.6445007,80.25,13.0
2026-01-15 18:00:00,4.5699463,3.9571533,80.25,13.0
2026-01-15 19:00:00,4.175232,3.7166138,80.25,13.0
2026-01-15 20:00:00,3.151352,4.1049347,80.25,13.0
2026-01-15 21:00:00,2.0753632,5.091507,80.25,13.0
2026-01-15 22:00:00,2.1455994,6.133667,80.25,13.0
2026-01-15 23:00:00,3.186615,6.672714,80.25,13.0
2026-01-16 00:00:00,4.5947113,5.993744,80.25,13.0
2026-01-16 01:00:00,5.4218445,4.3456726,80.25,13.0
2026-01-16 02:00:00,5.7640076,2.33313,80.25,13.0
2026-01-16 03:00:00,5.6328278,0.4809265,80.25,13.0
2026-01-16 04:00:00,4.7883453,-0.97250366,80.25,13.0
2026-01-16 05:00:00,4.0959473,-2.1128845,80.25,13.0
2026-01-16 06:00:00,3.2686615,-3.2419586,80.25,13.0
2026-01-16 07:00:00,2.3768768,-4.253235,80.25,13.0
2026-01-16 08:00:00,1.423172,-4.8512726,80.25,13.0
2026-01-16 09:00:00,0.67774963,-5.2806396,80.25,13.0
2026-01-16 10:00:00,-0.9090271,-5.2964478,80.25,13.0
2026-01-16 11:00:00,-1.1092072,-5.512802,80.25,13.0
2026-01-16 12:00:00,-1.3158112,-5.509857,80.25,13.0
2026-01-16 13:00:00,-1.5807648,-5.22023,80.25,13.0
2026-01-16 14:00:00,-1.6870422,-5.014038,80.25,13.0
2026-01-16 15:00:00,-1.841919,-4.872299,80.25,13.0
2026-01-16 16:00:00,-1.9112701,-5.0189056,80.25,13.0
2026-01-16 17:00:00,-2.0417328,-5.257019,80.25,13.0
2026-01-16 18:00:00,-2.3489227,-5.20813,80.25,13.0
2026-01-16 19:00:00,-2.8880157,-4.8880463,80.25,13.0
2026-01-16 20:00:00,-3.1527405,-4.5661163,80.25,13.0
2026-01-16 21:00:00,-3.1493683,-4.4716187,80.25,13.0
2026-01-16 22:00:00,-3.565796,-4.234329,80.25,13.0
2026-01-16 23:00:00,-3.6396027,-3.4056244,80.25,13.0
2026-01-17 00:00:00,-3.5277252,-2.6766663,80.25,13.0
2026-01-17 01:00:00,-3.1291351,-2.3710175,80.25,13.0
2026-01-17 02:00:00,-2.47258,-2.2179413,80.25,13.0
2026-01-17 03:00:00,-2.1128387,-2.2680206,80.25,13.0
2026-01-17 04:00:00,-1.9449463,-2.1931915,80.25,13.0
2026-01-17 05:00:00,-1.8794556,-1.9003601,80.25,13.0
2026-01-17 06:00:00,-1.9024506,-1.4336243,80.25,13.0
2026-01-17 07:00:00,-1.6242981,-0.7000885,80.25,13.0
2026-01-17 08:00:00,-1.0778809,-0.13143921,80.25,13.0
2026-01-17 09:00:00,-0.5333252,-0.10751343,80.25,13.0
2026-01-17 10:00:00,0.5771942,-1.5427094,80.25,13.0
2026-01-17 11:00:00,-0.25164795,-3.275177,80.25,13.0
2026-01-17 12:00:00,-1.3927917,-3.548645,80.25,13.0
2026-01-17 13:00:00,-2.2971802,-2.7257233,80.25,13.0
2026-01-17 14:00:00,-2.70224,-1.6137848,80.25,13.0
2026-01-17 15:00:00,-2.889145,-0.46488953,80.25,13.0
2026-01-17 16:00:00,-2.7037659,1.007309,80.25,13.0
2026-01-17 17:00:00,-2.1424103,1.9609222,80.25,13.0
2026-01-17 18:00:00,-1.571991,1.8277588,80.25,13.0
2026-01-17 19:00:00,-1.5225372,1.309845,80.25,13.0
2026-01-17 20:00:00,-1.7686157,1.3926392,80.25,13.0
2026-01-17 21:00:00,-2.0960693,1.8127441,80.25,13.0
2026-01-17 22:00:00,-2.6081085,1.5603638,80.25,13.0
2026-01-17 23:00:00,-2.552536,1.6835327,80.25,13.0
2026-01-18 00:00:00,-2.1100311,1.6021423,80.25,13.0
2026-01-18 01:00:00,-2.1154785,1.5122528,80.25,13.0
2026-01-18 02:00:00,-1.567749,1.9283752,80.25,13.0
2026-01-18 03:00:00,-0.21496582,2.1131744,80.25,13.0
2026-01-18 04:00:00,1.1405029,2.003891,80.25,13.0
2026-01-18 05:00:00,1.6601105,2.2752838,80.25,13.0
2026-01-18 06:00:00,1.3875885,3.1194305,80.25,13.0
2026-01-18 07:00:00,2.069107,4.1661224,80.25,13.0
2026-01-18 08:00:00,5.565155,3.545929,80.25,13.0
2026-01-18 09:00:00,9.191879,0.64624023,80.25,13.0
2026-01-18 10:00:00,9.615799,1.0458374,80.25,13.0
2026-01-18 11:00:00,10.06192,2.8547516,80.25,13.0
2026-01-18 12:00:00,10.347794,4.2057953,80.25,13.0
2026-01-18 13:00:00,10.1284485,4.601776,80.25,13.0
2026-01-18 14:00:00,9.692139,5.049164,80.25,13.0
2026-01-18 15:00:00,9.902924,5.482956,80.25,13.0
2026-01-18 16:00:00,10.001724,5.7703857,80.25,13.0
2026-01-18 17:00:00,9.253052,6.094467,80.25,13.0
2026-01-18 18:00:00,8.208527,6.602295,80.25,13.0
2026-01-18 19:00:00,7.9431305,6.9181213,80.25,13.0
2026-01-18 20:00:00,7.621338,6.877945,80.25,13.0
2026-01-18 21:00:00,6.084244,6.161484,80.25,13.0
2026-01-18 22:00:00,4.4810486,5.4731903,80.25,13.0
2026-01-18 23:00:00,4.7998657,5.0555725,80.25,13.0
2026-01-19 00:00:00,6.2284393,3.8653107,80.25,13.0
2026-01-19 01:00:00,7.9647064,1.8436432,80.25,13.0
2026-01-19 02:00:00,8.357819,1.114914,80.25,13.0
2026-01-19 03:00:00,9.0780945,2.4223633,80.25,13.0
2026-01-19 04:00:00,8.640121,3.3601074,80.25,13.0
2026-01-19 05:00:00,8.602814,4.450485,80.25,13.0
2026-01-19 06:00:00,8.856689,5.9324646,80.25,13.0
2026-01-19 07:00:00,9.00676,7.2948303,80.25,13.0
2026-01-19 08:00:00,9.918228,7.3686676,80.25,13.0
2026-01-19 09:00:00,10.48024,6.862549,80.25,13.0
2026-01-19 10:00:00,9.298706,7.5698395,80.25,13.0
2026-01-19 11:00:00,8.928864,7.885025,80.25,13.0
2026-01-19 12:00:00,8.83017,7.8490906,80.25,13.0
2026-01-19 13:00:00,9.626877,7.022293,80.25,13.0
2026-01-19 14:00:00,10.62471,6.2172394,80.25,13.0
2026-01-19 15:00:00,10.735001,6.152405,80.25,13.0
2026-01-19 16:00:00,11.186203,6.4523315,80.25,13.0
2026-01-19 17:00:00,11.513519,5.5894012,80.25,13.0
2026-01-19 18:00:00,11.577774,3.9555054,80.25,13.0
2026-01-19 19:00:00,11.333176,3.2987976,80.25,13.0
2026-01-19 20:00:00,11.089279,2.9349365,80.25,13.0
2026-01-19 21:00:00,10.978027,2.3611145,80.25,13.0
2026-01-19 22:00:00,11.095963,3.0516205,80.25,13.0
2026-01-19 23:00:00,10.996597,2.496811,80.25,13.0
2026-01-20 00:00:00,10.565994,2.051178,80.25,13.0
2026-01-20 01:00:00,9.999344,1.4126587,80.25,13.0
2026-01-20 02:00:00,9.38652,0.81007385,80.25,13.0
2026-01-20 03:00:00,9.207977,0.85365295,80.25,13.0
2026-01-20 04:00:00,8.705612,0.8427887,80.25,13.0
2026-01-20 05:00:00,8.489395,0.86042786,80.25,13.0
2026-01-20 06:00:00,8.777618,1.4838715,80.25,13.0
2026-01-20 07:00:00,8.957169,1.9013977,80.25,13.0
2026-01-20 08:00:00,8.8441925,2.4889526,80.25,13.0
2026-01-20 09:00:00,9.225372,3.2718964,80.25,13.0
2026-01-20 10:00:00,9.402908,3.1541443,80.25,13.0
2026-01-20 11:00:00,9.442856,3.9091492,80.25,13.0
2026-01-20 12:00:00,9.326187,4.518982,80.25,13.0
2026-01-20 13:00:00,8.89772,5.39122,80.25,13.0
2026-01-20 14:00:00,9.989761,5.8136444,80.25,13.0
2026-01-20 15:00:00,10.338638,4.857971,80.25,13.0
2026-01-20 16:00:00,10.376175,4.141861,80.25,13.0
2026-01-20 17:00:00,10.541809,3.637848,80.25,13.0
2026-01-20 18:00:00,10.672714,3.4806213,80.25,13.0
2026-01-20 19:00:00,10.861328,3.5180054,80.25,13.0
2026-01-20 20:00:00,11.113678,3.563614,80.25,13.0
2026-01-20 21:00:00,11.155945,3.4022675,80.25,13.0
2026-01-20 22:00:00,10.187851,3.8780518,80.25,13.0
2026-01-20 23:00:00,10.4604645,4.0509796,80.25,13.0
2026-01-21 00:00:00,10.440582,4.019745,80.25,13.0
2026-01-21 01:00:00,10.340668,4.0400085,80.25,13.0
2026-01-21 02:00:00,10.228165,4.2214966,80.25,13.0
2026-01-21 03:00:00,9.544678,4.3977814,80.25,13.0
2026-01-21 04:00:00,9.2686,4.8881073,80.25,13.0
2026-01-21 05:00:00,9.148727,4.9956665,80.25,13.0
2026-01-21 06:00:00,8.750198,4.656357,80.25,13.0
2026-01-21 07:00:00,9.343674,4.1942444,80.25,13.0
2026-01-21 08:00:00,9.335419,3.5609741,80.25,13.0
2026-01-21 09:00:00,9.270264,3.1104736,80.25,13.0
2026-01-21 10:00:00,8.774551,3.3760529,80.25,13.0
2026-01-21 11:00:00,8.945755,2.7829132,80.25,13.0
2026-01-21 12:00:00,8.9809265,2.1938324,80.25,13.0
2026-01-21 13:00:00,8.86496,1.882721,80.25,13.0
2026-01-21 14:00:00,8.341248,1.8487854,80.25,13.0
2026-01-21 15:00:00,8.335861,2.1358795,80.25,13.0
2026-01-21 16:00:00,8.615677,2.6216583,80.25,13.0
2026-01-21 17:00:00,8.547592,3.0404816,80.25,13.0
2026-01-21 18:00:00,8.374893,3.539978,80.25,13.0
2026-01-21 19:00:00,7.7742767,3.9102783,80.25,13.0
2026-01-21 20:00:00,7.5937195,4.6230316,80.25,13.0
2026-01-21 21:00:00,7.1188507,4.905945,80.25,13.0
2026-01-21 22:00:00,6.79541,5.4075165,80.25,13.0
2026-01-21 23:00:00,6.684204,5.662201,80.25,13.0
2026-01-22 00:00:00,6.6599426,5.5294952,80.25,13.0
2026-01-22 01:00:00,7.0284576,5.3641663,80.25,13.0
2026-01-22 02:00:00,6.829651,4.4233856,80.25,13.0
2026-01-22 03:00:00,6.8165436,3.8688965,80.25,13.0
2026-01-22 04:00:00,6.6358337,3.5415192,80.25,13.0
2026-01-22 05:00:00,6.5919495,3.3694,80.25,13.0
2026-01-22 06:00:00,6.527405,3.027069,80.25,13.0
2026-01-22 07:00:00,6.3155975,2.9187012,80.25,13.0
2026-01-22 08:00:00,5.612442,3.199707,80.25,13.0
2026-01-22 09:00:00,5.1802216,3.715805,80.25,13.0
2026-01-22 10:00:00,5.8494873,2.9068298,80.25,13.0
2026-01-22 11:00:00,5.2830505,2.5497131,80.25,13.0
2026-01-22 12:00:00,4.2048187,2.7733307,80.25,13.0
2026-01-22 13:00:00,3.4153748,3.4135742,80.25,13.0
2026-01-22 14:00:00,2.4649353,3.9780579,80.25,13.0
2026-01-22 15:00:00,2.0237122,4.455368,80.25,13.0
2026-01-22 16:00:00,2.0196228,4.664749,80.25,13.0
2026-01-22 17:00:00,2.5426483,4.962738,80.25,13.0
2026-01-22 18:00:00,2.935608,5.130356,80.25,13.0
2026-01-22 19:00:00,3.5567932,5.1504974,80.25,13.0
2026-01-22 20:00:00,4.453781,4.6880035,80.25,13.0
2026-01-22 21:00:00,5.4717712,3.5934143,80.25,13.0
2026-01-22 22:00:00,7.297577,1.515686,80.25,13.0
2026-01-22 23:00:00,8.132507,-0.275177,80.25,13.0
2026-01-23 00:00:00,8.123337,-1.2796326,80.25,13.0
2026-01-23 01:00:00,7.7981567,-1.2672424,80.25,13.0
2026-01-23 02:00:00,7.968643,-1.20784,80.25,13.0
2026-01-23 03:00:00,7.9856567,-1.7389374,80.25,13.0
2026-01-23 04:00:00,7.037277,-3.484726,80.25,13.0
2026-01-23 05:00:00,5.4458923,-5.194977,80.25,13.0
2026-01-23 06:00:00,3.8204193,-6.3990936,80.25,13.0
2026-01-23 07:00:00,2.455246,-6.883911,80.25,13.0
2026-01-23 08:00:00,1.5213928,-6.533371,80.25,13.0
2026-01-23 09:00:00,1.0074768,-5.991089,80.25,13.0
2026-01-23 10:00:00,1.2877808,-6.4474335,80.25,13.0
2026-01-23 11:00:00,1.1197968,-6.4547577,80.25,13.0
2026-01-23 12:00:00,0.97662354,-6.608902,80.25,13.0
2026-01-23 13:00:00,0.8760071,-6.4725494,80.25,13.0
2026-01-23 14:00:00,0.8747406,-6.1418915,80.25,13.0
2026-01-23 15:00:00,0.7861786,-6.0661926,80.25,13.0
2026-01-23 16:00:00,0.81674194,-6.045746,80.25,13.0
2026-01-23 17:00:00,1.0265961,-6.2646027,80.25,13.0
2026-01-23 18:00:00,1.2619324,-6.219406,80.25,13.0
2026-01-23 19:00:00,1.3863068,-6.164566,80.25,13.0
2026-01-23 20:00:00,1.3536682,-6.2406006,80.25,13.0
2026-01-23 21:00:00,1.0671387,-6.4304657,80.25,13.0
2026-01-23 22:00:00,0.8076477,-6.593643,80.25,13.0
2026-01-23 23:00:00,0.4816742,-5.9176636,80.25,13.0
2026-01-24 00:00:00,0.7839203,-5.6754303,80.25,13.0
2026-01-24 01:00:00,1.0019379,-5.6324463,80.25,13.0
2026-01-24 02:00:00,0.6734619,-5.8326416,80.25,13.0
2026-01-24 03:00:00,0.43711853,-5.9850464,80.25,13.0
2026-01-24 04:00:00,0.20635986,-6.037323,80.25,13.0
2026-01-24 05:00:00,-0.15545654,-6.0839844,80.25,13.0
2026-01-24 06:00:00,-0.4281311,-6.1043854,80.25,13.0
2026-01-24 07:00:00,-0.7724457,-6.13591,80.25,13.0
2026-01-24 08:00:00,-1.583374,-5.936569,80.25,13.0
2026-01-24 09:00:00,-2.4252167,-5.3274536,80.25,13.0
2026-01-24 10:00:00,-2.6918182,-4.5228577,80.25,13.0
2026-01-24 11:00:00,-3.2159576,-3.8326416,80.25,13.0
2026-01-24 12:00:00,-3.5208282,-3.838745,80.25,13.0
2026-01-24 13:00:00,-4.11615,-3.8003998,80.25,13.0
2026-01-24 14:00:00,-4.873764,-3.5456696,80.25,13.0
2026-01-24 15:00:00,-5.8838806,-3.2133179,80.25,13.0
2026-01-24 16:00:00,-6.6936035,-2.6092224,80.25,13.0
2026-01-24 17:00:00,-7.1259155,-2.129303,80.25,13.0
2026-01-24 18:00:00,-7.134201,-1.8464661,80.25,13.0
2026-01-24 19:00:00,-6.9684296,-2.1025696,80.25,13.0
2026-01-24 20:00:00,-6.960495,-2.1318817,80.25,13.0
2026-01-24 21:00:00,-7.4140472,-1.4936523,80.25,13.0
2026-01-24 22:00:00,-7.31427,-1.1771698,80.25,13.0
2026-01-24 23:00:00,-7.078903,-0.16833496,80.25,13.0
2026-01-25 00:00:00,-6.9823,0.34146118,80.25,13.0
2026-01-25 01:00:00,-7.045471,1.0398712,80.25,13.0
2026-01-25 02:00:00,-6.982025,1.6307373,80.25,13.0
2026-01-25 03:00:00,-6.980728,1.8388824,80.25,13.0
2026-01-25 04:00:00,-7.0155945,1.7217255,80.25,13.0
2026-01-25 05:00:00,-7.071533,1.7467957,80.25,13.0
2026-01-25 06:00:00,-7.127762,1.8201599,80.25,13.0
2026-01-25 07:00:00,-7.253769,2.0018158,80.25,13.0
2026-01-25 08:00:00,-7.367569,2.1988983,80.25,13.0
2026-01-25 09:00:00,-7.2478333,2.5442352,80.25,13.0
2026-01-25 10:00:00,-6.926117,2.581009,80.25,13.0
2026-01-25 11:00:00,-6.959366,3.0690765,80.25,13.0
2026-01-25 12:00:00,-6.7322235,3.1203613,80.25,13.0
2026-01-25 13:00:00,-6.603958,2.7404175,80.25,13.0
2026-01-25 14:00:00,-6.7787476,2.2056427,80.25,13.0
2026-01-25 15:00:00,-7.1909637,1.6602783,80.25,13.0
2026-01-25 16:00:00,-7.7280273,1.249466,80.25,13.0
2026-01-25 17:00:00,-8.383774,1.1230621,80.25,13.0
2026-01-25 18:00:00,-8.771194,0.9810333,80.25,13.0
2026-01-25 19:00:00,-8.756989,0.90226746,80.25,13.0
2026-01-25 20:00:00,-8.694199,0.6131439,80.25,13.0
2026-01-25 21:00:00,-8.680145,0.19734192,80.25,13.0
2026-01-25 22:00:00,-8.923706,-0.9378357,80.25,13.0
2026-01-25 23:00:00,-9.34433,-0.983902,80.25,13.0
2026-01-26 00:00:00,-9.374573,-1.0583801,80.25,13.0
2026-01-26 01:00:00,-9.19397,-1.4435883,80.25,13.0
2026-01-26 02:00:00,-9.105576,-1.8015137,80.25,13.0
2026-01-26 03:00:00,-8.989441,-2.1395721,80.25,13.0
2026-01-26 04:00:00,-8.87886,-2.4128265,80.25,13.0
2026-01-26 05:00:00,-8.655548,-2.7346802,80.25,13.0
2026-01-26 06:00:00,-8.643326,-3.2048645,80.25,13.0
2026-01-26 07:00:00,-8.600174,-3.8890533,80.25,13.0
2026-01-26 08:00:00,-8.508881,-4.702194,80.25,13.0
2026-01-26 09:00:00,-8.343735,-5.551285,80.25,13.0
2026-01-26 10:00:00,-7.5678864,-6.0836945,80.25,13.0
2026-01-26 11:00:00,-7.4466248,-6.4145355,80.25,13.0
2026-01-26 12:00:00,-7.0451965,-6.5123444,80.25,13.0
2026-01-26 13:00:00,-6.7187347,-6.451599,80.25,13.0
2026-01-26 14:00:00,-6.4960175,-6.470276,80.25,13.0
2026-01-26 15:00:00,-6.4436035,-6.5412292,80.25,13.0
2026-01-26 16:00:00,-6.329529,-6.7170105,80.25,13.0
2026-01-26 17:00:00,-6.143936,-6.7831573,80.25,13.0
2026-01-26 18:00:00,-5.9048157,-6.6804657,80.25,13.0
2026-01-26 19:00:00,-6.0244904,-6.629837,80.25,13.0
2026-01-26 20:00:00,-6.2617188,-6.395355,80.25,13.0
2026-01-26 21:00:00,-6.3580627,-6.021057,80.25,13.0
2026-01-26 22:00:00,-5.595352,-5.503937,80.25,13.0
2026-01-26 23:00:00,-6.0844574,-5.158844,80.25,13.0
2026-01-27 00:00:00,-6.4298096,-4.749237,80.25,13.0
2026-01-27 01:00:00,-6.804306,-4.3837585,80.25,13.0
2026-01-27 02:00:00,-6.870941,-4.261627,80.25,13.0
2026-01-27 03:00:00,-6.5316925,-4.91716,80.25,13.0
2026-01-27 04:00:00,-6.18544,-5.835556,80.25,13.0
2026-01-27 05:00:00,-5.562744,-7.0110626,80.25,13.0
2026-01-27 06:00:00,-4.767761,-7.527191,80.25,13.0
2026-01-27 07:00:00,-4.455429,-8.102341,80.25,13.0
2026-01-27 08:00:00,-4.435364,-8.521912,80.25,13.0
2026-01-27 09:00:00,-4.680649,-8.696625,80.25,13.0
2026-01-27 10:00:00,-5.0634613,-7.772064,80.25,13.0
2026-01-27 11:00:00,-5.4529724,-7.0451508,80.25,13.0
2026-01-27 12:00:00,-5.515518,-6.504883,80.25,13.0
2026-01-27 13:00:00,-5.4283752,-6.1064453,80.25,13.0
2026-01-27 14:00:00,-5.286545,-6.1109314,80.25,13.0
2026-01-27 15:00:00,-5.3230133,-6.0977173,80.25,13.0
2026-01-27 16:00:00,-5.209549,-5.7876434,80.25,13.0
2026-01-27 17:00:00,-4.841629,-5.046692,80.25,13.0
2026-01-27 18:00:00,-4.602524,-4.456665,80.25,13.0
2026-01-27 19:00:00,-4.608124,-3.8145905,80.25,13.0
2026-01-27 20:00:00,-4.251068,-2.9959564,80.25,13.0
2026-01-27 21:00:00,-3.7146606,-2.1529999,80.25,13.0
2026-01-27 22:00:00,-3.112671,-1.6071625,80.25,13.0
2026-01-27 23:00:00,-3.0504303,-1.0945892,80.25,13.0
2026-01-28 00:00:00,-2.704834,-0.49328613,80.25,13.0
2026-01-28 01:00:00,-2.1957397,0.14767456,80.25,13.0
2026-01-28 02:00:00,-2.0151672,0.7959442,80.25,13.0
2026-01-28 03:00:00,-1.989685,1.4458466,80.25,13.0
2026-01-28 04:00:00,-2.346161,1.8621826,80.25,13.0
2026-01-28 05:00:00,-2.1675262,2.3551025,80.25,13.0
2026-01-28 06:00:00,-2.282547,2.4638672,80.25,13.0
2026-01-28 07:00:00,-2.4527283,2.4936066,80.25,13.0
2026-01-28 08:00:00,-3.045105,2.5170288,80.25,13.0
2026-01-28 09:00:00,-3.5570679,2.6382294,80.25,13.0
2026-01-28 10:00:00,-3.9725647,2.4423065,80.25,13.0
2026-01-28 11:00:00,-4.7657013,2.6343384,80.25,13.0
2026-01-28 12:00:00,-5.063904,2.9309845,80.25,13.0
2026-01-28 13:00:00,-5.2429047,3.0256653,80.25,13.0
2026-01-28 14:00:00,-5.122116,3.2115936,80.25,13.0
2026-01-28 15:00:00,-4.815506,3.2789764,80.25,13.0
2026-01-28 16:00:00,-4.623581,3.0798035,80.25,13.0
2026-01-28 17:00:00,-4.484558,2.92247,80.25,13.0
2026-01-28 18:00:00,-4.8131866,2.8389282,80.25,13.0
2026-01-28 19:00:00,-5.1469574,3.0969849,80.25,13.0
2026-01-28 20:00:00,-5.0220184,3.3767853,80.25,13.0
2026-01-28 21:00:00,-4.576874,3.5120697,80.25,13.0
2026-01-28 22:00:00,-4.1189575,3.1946564,80.25,13.0
2026-01-28 23:00:00,-4.05278,3.2311096,80.25,13.0
2026-01-29 00:00:00,-4.0525665,3.3239288,80.25,13.0
2026-01-29 01:00:00,-4.012039,3.3289185,80.25,13.0
2026-01-29 02:00:00,-4.035034,3.4393616,80.25,13.0
2026-01-29 03:00:00,-3.940857,3.3756866,80.25,13.0
2026-01-29 04:00:00,-3.7504578,3.3064423,80.25,13.0
2026-01-29 05:00:00,-3.6509552,3.2690582,80.25,13.0
2026-01-29 06:00:00,-3.792389,3.249817,80.25,13.0
2026-01-29 07:00:00,-4.082443,3.170105,80.25,13.0
2026-01-29 08:00:00,-4.24028,3.2523956,80.25,13.0
2026-01-29 09:00:00,-4.4019623,3.3635864,80.25,13.0
2026-01-29 10:00:00,-3.9831085,3.3984528,80.25,13.0
2026-01-29 11:00:00,-4.5053406,3.415741,80.25,13.0
2026-01-29 12:00:00,-5.345688,3.6612854,80.25,13.0
2026-01-29 13:00:00,-5.662262,4.1561584,80.25,13.0
2026-01-29 14:00:00,-6.3256683,4.0490265,80.25,13.0
2026-01-29 15:00:00,-6.8916016,4.178833,80.25,13.0
2026-01-29 16:00:00,-6.6961365,4.5927124,80.25,13.0
2026-01-29 17:00:00,-6.191147,4.723938,80.25,13.0
2026-01-29 18:00:00,-5.891815,4.835556,80.25,13.0
2026-01-29 19:00:00,-5.5961914,4.881897,80.25,13.0
2026-01-29 20:00:00,-5.3717194,4.877136,80.25,13.0
2026-01-29 21:00:00,-5.3584595,4.7996216,80.25,13.0
2026-01-29 22:00:00,-4.2386627,4.498062,80.25,13.0
2026-01-29 23:00:00,-4.4557343,4.3445587,80.25,13.0
2026-01-30 00:00:00,-4.487198,4.6407166,80.25,13.0
2026-01-30 01:00:00,-4.2670135,4.845871,80.25,13.0
2026-01-30 02:00:00,-4.0766144,5.0989532,80.25,13.0
2026-01-30 03:00:00,-3.7242432,5.3553925,80.25,13.0
2026-01-30 04:00:00,-3.3239136,5.4597626,80.25,13.0
2026-01-30 05:00:00,-3.1131744,5.2071533,80.25,13.0
2026-01-30 06:00:00,-3.0154724,5.0691833,80.25,13.0
2026-01-30 07:00:00,-2.8777313,5.0066376,80.25,13.0
2026-01-30 08:00:00,-2.6733856,4.9776154,80.25,13.0
2026-01-30 09:00:00,-2.547943,5.073929,80.25,13.0
2026-01-30 10:00:00,-2.957077,3.4635162,80.25,13.0
2026-01-30 11:00:00,-3.5025787,4.288254,80.25,13.0
2026-01-30 12:00:00,-2.8256989,5.5160522,80.25,13.0
2026-01-30 13:00:00,-1.9765167,5.9331512,80.25,13.0
2026-01-30 14:00:00,-1.6476288,6.3714447,80.25,13.0
2026-01-30 15:00:00,-1.1936035,6.849655,80.25,13.0
2026-01-30 16:00:00,-0.65434265,7.057251,80.25,13.0
2026-01-30 17:00:00,-0.34492493,7.0137787,80.25,13.0
2026-01-30 18:00:00,-0.18696594,6.7203064,80.25,13.0
2026-01-30 19:00:00,-0.43255615,6.469803,80.25,13.0
2026-01-30 20:00:00,-0.7977295,6.368744,80.25,13.0
2026-01-30 21:00:00,-1.0235443,6.4168243,80.25,13.0
2026-01-30 22:00:00,-0.63371277,6.6002045,80.25,13.0
2026-01-30 23:00:00,-0.62216187,6.228424,80.25,13.0
2026-01-31 00:00:00,-0.86665344,5.910019,80.25,13.0
2026-01-31 01:00:00,-1.1754456,5.672882,80.25,13.0
2026-01-31 02:00:00,-1.6874084,5.3027344,80.25,13.0
2026-01-31 03:00:00,-2.86026,4.843338,80.25,13.0
2026-01-31 04:00:00,-4.0827637,4.414276,80.25,13.0
2026-01-31 05:00:00,-5.72937,3.9441223,80.25,13.0
2026-01-31 06:00:00,-7.5453186,3.3138733,80.25,13.0
2026-01-31 07:00:00,-9.266983,2.7313232,80.25,13.0
2026-01-31 08:00:00,-10.128616,2.8430939,80.25,13.0
2026-01-31 09:00:00,-10.105057,4.01416,80.25,13.0
2026-01-31 10:00:00,-9.172897,5.209198,80.25,13.0
2026-01-31 11:00:00,-8.962616,5.7873535,80.25,13.0
2026-01-31 12:00:00,-8.714447,6.409012,80.25,13.0
2026-01-31 13:00:00,-7.4791718,7.167984,80.25,13.0
2026-01-31 14:00:00,-4.5246735,7.7851562,80.25,13.0
2026-01-31 15:00:00,-0.7712555,7.1163635,80.25,13.0
2026-01-31 16:00:00,2.4108887,5.8361664,80.25,13.0
2026-01-31 17:00:00,4.774353,4.5044556,80.25,13.0
2026-01-31 18:00:00,5.253601,3.9161072,80.25,13.0
2026-01-31 19:00:00,4.7419434,4.4826508,80.25,13.0
2026-01-31 20:00:00,3.8198547,5.4483795,80.25,13.0
2026-01-31 21:00:00,2.6825562,6.8134003,80.25,13.0
2026-01-31 22:00:00,2.4052887,6.5056458,80.25,13.0
2026-01-31 23:00:00,1.0373077,7.5174103,80.25,13.0
2026-02-01 00:00:00,0.32591248,7.874832,80.25,13.0
2026-02-01 01:00:00,0.6808319,8.06041,80.25,13.0
2026-02-01 02:00:00,1.2268219,7.793442,80.25,13.0
2026-02-01 03:00:00,1.1565857,7.679657,80.25,13.0
2026-02-01 04:00:00,0.8318329,7.726364,80.25,13.0
2026-02-01 05:00:00,0.3329773,7.795105,80.25,13.0
2026-02-01 06:00:00,-0.09085083,7.774109,80.25,13.0
2026-02-01 07:00:00,-0.26638794,7.5710907,80.25,13.0
2026-02-01 08:00:00,-0.45350647,7.40123,80.25,13.0
2026-02-01 09:00:00,-0.45739746,7.271698,80.25,13.0
2026-02-01 10:00:00,-0.059799194,7.5193634,80.25,13.0
2026-02-01 11:00:00,0.47106934,7.402817,80.25,13.0
2026-02-01 12:00:00,1.6031799,6.7122345,80.25,13.0
2026-02-01 13:00:00,2.7178802,5.2612305,80.25,13.0
2026-02-01 14:00:00,2.8159485,3.1247864,80.25,13.0
2026-02-01 15:00:00,2.37529,1.007721,80.25,13.0
2026-02-01 16:00:00,1.8521576,-0.71214294,80.25,13.0
2026-02-01 17:00:00,1.6680756,-2.151535,80.25,13.0
2026-02-01 18:00:00,2.103836,-3.5351715,80.25,13.0
2026-02-01 19:00:00,2.950943,-4.9055786,80.25,13.0
2026-02-01 20:00:00,4.2964325,-5.5106964,80.25,13.0
2026-02-01 21:00:00,5.917572,-5.4708405,80.25,13.0
2026-02-01 22:00:00,6.0843964,-6.454193,80.25,13.0
2026-02-01 23:00:00,6.456787,-5.3877716,80.25,13.0
2026-02-02 00:00:00,6.68396,-4.3982697,80.25,13.0
2026-02-02 01:00:00,6.997223,-3.4493256,80.25,13.0
2026-02-02 02:00:00,7.9125977,-2.6798706,80.25,13.0
2026-02-02 03:00:00,8.760223,-2.4076385,80.25,13.0
2026-02-02 04:00:00,9.501999,-2.6655731,80.25,13.0
2026-02-02 05:00:00,10.066254,-2.5396576,80.25,13.0
2026-02-02 06:00:00,10.218536,-3.4829712,80.25,13.0
2026-02-02 07:00:00,9.414597,-4.944031,80.25,13.0
2026-02-02 08:00:00,8.263123,-5.7380676,80.25,13.0
2026-02-02 09:00:00,7.6998596,-5.7765656,80.25,13.0
2026-02-02 10:00:00,7.5277405,-6.542572,80.25,13.0
2026-02-02 11:00:00,6.478195,-6.2543488,80.25,13.0
2026-02-02 12:00:00,5.8477173,-5.3812103,80.25,13.0
2026-02-02 13:00:00,5.9026337,-4.6178436,80.25,13.0
2026-02-02 14:00:00,6.0076294,-4.200592,80.25,13.0
2026-02-02 15:00:00,5.8335114,-3.9891357,80.25,13.0
2026-02-02 16:00:00,5.53714,-3.804657,80.25,13.0
2026-02-02 17:00:00,5.116333,-3.7154694,80.25,13.0
2026-02-02 18:00:00,4.651245,-3.525238,80.25,13.0
2026-02-02 19:00:00,4.1160126,-3.2981262,80.25,13.0
2026-02-02 20:00:00,3.6040802,-2.7641754,80.25,13.0
2026-02-02 21:00:00,3.4054718,-2.0995026,80.25,13.0
2026-02-02 22:00:00,4.2826385,-2.6191254,80.25,13.0
2026-02-02 23:00:00,4.0985107,-2.8147736,80.25,13.0
2026-02-03 00:00:00,3.4264526,-3.4380493,80.25,13.0
2026-02-03 01:00:00,2.7822876,-3.9072876,80.25,13.0
2026-02-03 02:00:00,2.5843048,-4.25708,80.25,13.0
2026-02-03 03:00:00,2.571106,-4.3625183,80.25,13.0
2026-02-03 04:00:00,2.5749664,-4.260132,80.25,13.0
2026-02-03 05:00:00,2.6009064,-3.975525,80.25,13.0
2026-02-03 06:00:00,2.8289337,-3.8594666,80.25,13.0
2026-02-03 07:00:00,3.5535126,-3.7573853,80.25,13.0
2026-02-03 08:00:00,4.4635925,-4.1678314,80.25,13.0
2026-02-03 09:00:00,4.888916,-4.3081512,80.25,13.0
2026-02-03 10:00:00,6.523529,-3.652893,80.25,13.0
2026-02-03 11:00:00,7.3176727,-3.9207458,80.25,13.0
2026-02-03 12:00:00,7.1572113,-3.8457642,80.25,13.0
2026-02-03 13:00:00,7.004944,-3.436737,80.25,13.0
2026-02-03 14:00:00,7.595169,-3.1529846,80.25,13.0
2026-02-03 15:00:00,8.130478,-3.343811,80.25,13.0
2026-02-03 16:00:00,8.410599,-3.434433,80.25,13.0
2026-02-03 17:00:00,8.415161,-3.6847687,80.25,13.0
2026-02-03 18:00:00,8.506531,-3.659851,80.25,13.0
2026-02-03 19:00:00,8.774261,-3.784134,80.25,13.0
2026-02-03 20:00:00,9.084015,-3.828003,80.25,13.0
2026-02-03 21:00:00,9.231689,-4.200775,80.25,13.0
2026-02-03 22:00:00,8.536499,-4.770096,80.25,13.0
2026-02-03 23:00:00,8.493851,-4.4547577,80.25,13.0
2026-02-04 00:00:00,8.502182,-4.194916,80.25,13.0
2026-02-04 01:00:00,8.658966,-4.431946,80.25,13.0
2026-02-04 02:00:00,8.472443,-4.901184,80.25,13.0
2026-02-04 03:00:00,8.009918,-5.142334,80.25,13.0
2026-02-04 04:00:00,7.7516937,-5.301346,80.25,13.0
2026-02-04 05:00:00,7.4651184,-5.5356903,80.25,13.0
2026-02-04 06:00:00,7.057205,-6.0403137,80.25,13.0
2026-02-04 07:00:00,6.6542816,-6.28421,80.25,13.0
2026-02-04 08:00:00,6.3569946,-6.58696,80.25,13.0
2026-02-04 09:00:00,5.900818,-6.762314,80.25,13.0
2026-02-04 10:00:00,6.166092,-5.9981995,80.25,13.0
2026-02-04 11:00:00,6.424576,-6.3790894,80.25,13.0
2026-02-04 12:00:00,5.7919006,-6.470352,80.25,13.0
2026-02-04 13:00:00,4.817917,-6.412079,80.25,13.0
2026-02-04 14:00:00,4.2495117,-6.0670166,80.25,13.0
2026-02-04 15:00:00,3.310135,-5.4609985,80.25,13.0
2026-02-04 16:00:00,2.3867645,-4.4991455,80.25,13.0
2026-02-04 17:00:00,2.5697937,-3.4194946,80.25,13.0
2026-02-04 18:00:00,2.5514374,-2.5304565,80.25,13.0
2026-02-04 19:00:00,2.4409027,-1.7216644,80.25,13.0
2026-02-04 20:00:00,2.5948944,-0.8157196,80.25,13.0
2026-02-04 21:00:00,2.8572235,-0.2184906,80.25,13.0
2026-02-04 22:00:00,3.1330566,-0.4674225,80.25,13.0
2026-02-04 23:00:00,2.6979218,-0.6637726,80.25,13.0
2026-02-05 00:00:00,1.8673706,-0.17277527,80.25,13.0
2026-02-05 01:00:00,1.8081055,-0.37690735,80.25,13.0
2026-02-05 02:00:00,1.5899811,-1.0894165,80.25,13.0
2026-02-05 03:00:00,0.29690552,-0.8938446,80.25,13.0
2026-02-05 04:00:00,-0.6561127,0.058029175,80.25,13.0
2026-02-05 05:00:00,-1.1110535,0.74520874,80.25,13.0
2026-02-05 06:00:00,-1.9414368,1.0680695,80.25,13.0
2026-02-05 07:00:00,-3.0724487,1.0869141,80.25,13.0
2026-02-05 08:00:00,-4.5485077,1.7639618,80.25,13.0
2026-02-05 09:00:00,-5.9261627,3.1206512,80.25,13.0
2026-02-05 10:00:00,-4.4783325,4.3943024,80.25,13.0
2026-02-05 11:00:00,-4.7072754,3.489853,80.25,13.0
2026-02-05 12:00:00,-5.765915,2.7321777,80.25,13.0
2026-02-05 13:00:00,-7.221176,2.3731384,80.25,13.0
2026-02-05 14:00:00,-8.07785,2.3597565,80.25,13.0
2026-02-05 15:00:00,-8.135178,2.0197906,80.25,13.0
2026-02-05 16:00:00,-7.9046783,1.4335785,80.25,13.0
2026-02-05 17:00:00,-7.587723,0.6763611,80.25,13.0
2026-02-05 18:00:00,-7.2520294,-0.21328735,80.25,13.0
2026-02-05 19:00:00,-7.381256,-1.3132935,80.25,13.0
2026-02-05 20:00:00,-7.364502,-1.9593506,80.25,13.0
2026-02-05 21:00:00,-7.252014,-2.3675842,80.25,13.0
2026-02-05 22:00:00,-6.926605,-4.3445435,80.25,13.0
2026-02-05 23:00:00,-6.936722,-4.615967,80.25,13.0
2026-02-06 00:00:00,-6.6068573,-4.531845,80.25,13.0
2026-02-06 01:00:00,-6.1861115,-4.575348,80.25,13.0
2026-02-06 02:00:00,-6.0718536,-4.685013,80.25,13.0
2026-02-06 03:00:00,-6.084076,-4.892578,80.25,13.0
2026-02-06 04:00:00,-5.9752655,-4.914444,80.25,13.0
2026-02-06 05:00:00,-5.932556,-5.1398926,80.25,13.0
2026-02-06 06:00:00,-5.9873047,-5.1134033,80.25,13.0
2026-02-06 07:00:00,-6.0787354,-4.973999,80.25,13.0
2026-02-06 08:00:00,-6.2061768,-4.43013,80.25,13.0
2026-02-06 09:00:00,-6.1993866,-3.739624,80.25,13.0
2026-02-06 10:00:00,-6.379944,-1.8249054,80.25,13.0
2026-02-06 11:00:00,-6.15448,-1.421936,80.25,13.0
2026-02-06 12:00:00,-6.264038,-0.89315796,80.25,13.0
2026-02-06 13:00:00,-6.024124,-0.20751953,80.25,13.0
2026-02-06 14:00:00,-5.419449,0.46406555,80.25,13.0
2026-02-06 15:00:00,-4.7602234,0.7739105,80.25,13.0
2026-02-06 16:00:00,-4.4848785,0.597702,80.25,13.0
2026-02-06 17:00:00,-4.345215,0.70111084,80.25,13.0
2026-02-06 18:00:00,-4.1267242,0.9941101,80.25,13.0
2026-02-06 19:00:00,-3.757248,1.0802612,80.25,13.0
2026-02-06 20:00:00,-3.4871063,0.93608093,80.25,13.0
2026-02-06 21:00:00,-3.1239624,0.68026733,80.25,13.0
2026-02-06 22:00:00,-3.2528229,0.92422485,80.25,13.0
2026-02-06 23:00:00,-3.728424,0.2429657,80.25,13.0
2026-02-07 00:00:00,-5.1025543,-0.13075256,80.25,13.0
2026-02-07 01:00:00,-6.1100616,0.0871582,80.25,13.0
2026-02-07 02:00:00,-6.5205536,0.6023102,80.25,13.0
2026-02-07 03:00:00,-6.3008423,1.0931396,80.25,13.0
2026-02-07 04:00:00,-5.850357,1.1004028,80.25,13.0
2026-02-07 05:00:00,-5.8461,0.5882721,80.25,13.0
2026-02-07 06:00:00,-5.7477875,-0.15681458,80.25,13.0
2026-02-07 07:00:00,-5.6420135,-1.0735016,80.25,13.0
2026-02-07 08:00:00,-5.826187,-1.7262726,80.25,13.0
2026-02-07 09:00:00,-6.116699,-2.216568,80.25,13.0
2026-02-07 10:00:00,-6.3695984,-3.4130554,80.25,13.0
2026-02-07 11:00:00,-6.0190735,-3.995407,80.25,13.0
2026-02-07 12:00:00,-5.7711334,-4.715103,80.25,13.0
2026-02-07 13:00:00,-5.7136993,-5.8743286,80.25,13.0
2026-02-07 14:00:00,-6.32518,-6.6434326,80.25,13.0
2026-02-07 15:00:00,-6.1397247,-6.6484833,80.25,13.0
2026-02-07 16:00:00,-5.344345,-6.7862854,80.25,13.0
2026-02-07 17:00:00,-4.6930695,-7.1806793,80.25,13.0
2026-02-07 18:00:00,-4.3009796,-7.5271606,80.25,13.0
2026-02-07 19:00:00,-4.211975,-7.8686523,80.25,13.0
2026-02-07 20:00:00,-3.754181,-7.934189,80.25,13.0
2026-02-07 21:00:00,-3.3661957,-8.154907,80.25,13.0
2026-02-07 22:00:00,-2.4782715,-8.640045,80.25,13.0
2026-02-07 23:00:00,-2.4187622,-8.630676,80.25,13.0
2026-02-08 00:00:00,-2.6673431,-8.563629,80.25,13.0
2026-02-08 01:00:00,-2.6959229,-8.431229,80.25,13.0
2026-02-08 02:00:00,-2.667221,-8.367981,80.25,13.0
2026-02-08 03:00:00,-2.7343445,-8.326523,80.25,13.0
2026-02-08 04:00:00,-2.6916351,-8.315933,80.25,13.0
2026-02-08 05:00:00,-2.6394043,-8.192856,80.25,13.0
2026-02-08 06:00:00,-2.5819855,-8.152405,80.25,13.0
2026-02-08 07:00:00,-2.5321045,-7.935135,80.25,13.0
2026-02-08 08:00:00,-2.3450928,-7.664734,80.25,13.0
2026-02-08 09:00:00,-2.0515137,-7.518509,80.25,13.0
2026-02-08 10:00:00,-1.427124,-7.3652344,80.25,13.0
2026-02-08 11:00:00,-0.76268005,-7.891739,80.25,13.0
2026-02-08 12:00:00,-0.23989868,-7.9654694,80.25,13.0
2026-02-08 13:00:00,0.4568634,-7.795624,80.25,13.0
2026-02-08 14:00:00,1.1045074,-7.90921,80.25,13.0
2026-02-08 15:00:00,1.380188,-8.018097,80.25,13.0
2026-02-08 16:00:00,1.5169525,-7.713745,80.25,13.0
2026-02-08 17:00:00,1.5859528,-7.6911774,80.25,13.0
2026-02-08 18:00:00,1.7774048,-7.5505676,80.25,13.0
2026-02-08 19:00:00,1.9668884,-7.586685,80.25,13.0
2026-02-08 20:00:00,2.0413055,-7.6425476,80.25,13.0
2026-02-08 21:00:00,2.0408783,-7.963623,80.25,13.0
2026-02-08 22:00:00,1.7866516,-8.085419,80.25,13.0
2026-02-08 23:00:00,1.5973816,-8.1679535,80.25,13.0
2026-02-09 00:00:00,1.4362183,-8.08168,80.25,13.0
2026-02-09 01:00:00,1.4957733,-8.217392,80.25,13.0
2026-02-09 02:00:00,1.2449188,-8.36145,80.25,13.0
2026-02-09 03:00:00,0.702713,-8.361603,80.25,13.0
2026-02-09 04:00:00,0.21998596,-8.087723,80.25,13.0
2026-02-09 05:00:00,-0.18583679,-7.8312836,80.25,13.0
2026-02-09 06:00:00,-0.3929596,-7.4714355,80.25,13.0
2026-02-09 07:00:00,-0.4258728,-7.3511353,80.25,13.0
2026-02-09 08:00:00,-0.44171143,-7.0594635,80.25,13.0
2026-02-09 09:00:00,-0.5058594,-6.7298584,80.25,13.0
2026-02-09 10:00:00,0.2492981,-6.4438934,80.25,13.0
2026-02-09 11:00:00,0.771698,-7.02948,80.25,13.0
2026-02-09 12:00:00,1.0929871,-7.345398,80.25,13.0
2026-02-09 13:00:00,1.04599,-7.6397247,80.25,13.0
2026-02-09 14:00:00,0.78274536,-7.879135,80.25,13.0
2026-02-09 15:00:00,0.1177063,-7.9780426,80.25,13.0
2026-02-09 16:00:00,-0.72109985,-7.992401,80.25,13.0
2026-02-09 17:00:00,-1.4752808,-7.9248657,80.25,13.0
2026-02-09 18:00:00,-2.1301727,-7.896927,80.25,13.0
2026-02-09 19:00:00,-2.4482422,-7.9564056,80.25,13.0
2026-02-09 20:00:00,-2.629181,-8.211731,80.25,13.0
2026-02-09 21:00:00,-3.026291,-8.55722,80.25,13.0
2026-02-09 22:00:00,-2.8455658,-8.751205,80.25,13.0
2026-02-09 23:00:00,-3.3750458,-8.448502,80.25,13.0
2026-02-10 00:00:00,-3.533844,-7.970932,80.25,13.0
2026-02-10 01:00:00,-3.6010437,-7.8097076,80.25,13.0
2026-02-10 02:00:00,-3.7137756,-7.86734,80.25,13.0
2026-02-10 03:00:00,-3.8743744,-7.753311,80.25,13.0
2026-02-10 04:00:00,-3.8986816,-7.5042114,80.25,13.0
2026-02-10 05:00:00,-4.106888,-7.3894653,80.25,13.0
2026-02-10 06:00:00,-4.484024,-7.4235992,80.25,13.0
2026-02-10 07:00:00,-4.9438477,-7.163727,80.25,13.0
2026-02-10 08:00:00,-5.275879,-6.8236847,80.25,13.0
2026-02-10 09:00:00,-5.6108856,-6.2662354,80.25,13.0
2026-02-10 10:00:00,-5.6792297,-5.826996,80.25,13.0
2026-02-10 11:00:00,-6.6907043,-5.2869873,80.25,13.0
2026-02-10 12:00:00,-7.2345123,-4.286499,80.25,13.0
2026-02-10 13:00:00,-7.30542,-3.714157,80.25,13.0
2026-02-10 14:00:00,-7.4966583,-3.440628,80.25,13.0
2026-02-10 15:00:00,-7.704193,-3.5357513,80.25,13.0
2026-02-10 16:00:00,-8.033936,-3.690155,80.25,13.0
2026-02-10 17:00:00,-8.353485,-3.3986816,80.25,13.0
2026-02-10 18:00:00,-8.449829,-2.7247467,80.25,13.0
2026-02-10 19:00:00,-8.494705,-2.070877,80.25,13.0
2026-02-10 20:00:00,-8.459824,-1.4551239,80.25,13.0
2026-02-10 21:00:00,-8.360611,-0.9964142,80.25,13.0
2026-02-10 22:00:00,-8.064423,-0.48687744,80.25,13.0
2026-02-10 23:00:00,-7.9358063,-0.3666687,80.25,13.0
2026-02-11 00:00:00,-7.68219,-0.59243774,80.25,13.0
2026-02-11 01:00:00,-7.3803864,-1.1534729,80.25,13.0
2026-02-11 02:00:00,-6.868103,-1.7750702,80.25,13.0
2026-02-11 03:00:00,-6.2635193,-2.556717,80.25,13.0
2026-02-11 04:00:00,-5.684967,-3.4506378,80.25,13.0
2026-02-11 05:00:00,-5.3242188,-4.594803,80.25,13.0
2026-02-11 06:00:00,-4.613693,-5.2460327,80.25,13.0
2026-02-11 07:00:00,-3.8966827,-6.0285034,80.25,13.0
2026-02-11 08:00:00,-3.6346588,-6.739334,80.25,13.0
2026-02-11 09:00:00,-3.6925354,-7.0044403,80.25,13.0
2026-02-11 10:00:00,-3.1949463,-6.468216,80.25,13.0
2026-02-11 11:00:00,-2.3565521,-6.743164,80.25,13.0
2026-02-11 12:00:00,-2.262619,-7.3779755,80.25,13.0
2026-02-11 13:00:00,-2.7114105,-7.6688538,80.25,13.0
2026-02-11 14:00:00,-3.1778107,-7.4900513,80.25,13.0
2026-02-11 15:00:00,-3.2027893,-7.044983,80.25,13.0
2026-02-11 16:00:00,-3.280075,-6.7663727,80.25,13.0
2026-02-11 17:00:00,-3.3145294,-6.586197,80.25,13.0
2026-02-11 18:00:00,-3.2558594,-6.6880493,80.25,13.0
2026-02-11 19:00:00,-3.2196808,-6.930237,80.25,13.0
2026-02-11 20:00:00,-3.1264954,-7.16893,80.25,13.0
2026-02-11 21:00:00,-3.1706696,-7.2016754,80.25,13.0
2026-02-11 22:00:00,-2.043213,-7.5007324,80.25,13.0
2026-02-11 23:00:00,-2.1735077,-7.724106,80.25,13.0
2026-02-12 00:00:00,-2.6510315,-7.874405,80.25,13.0
2026-02-12 01:00:00,-2.9324799,-7.680786,80.25,13.0
2026-02-12 02:00:00,-3.1342316,-7.491287,80.25,13.0
2026-02-12 03:00:00,-3.2230988,-7.268585,80.25,13.0
2026-02-12 04:00:00,-3.4765625,-7.132202,80.25,13.0
2026-02-12 05:00:00,-3.8868866,-6.7618256,80.25,13.0
2026-02-12 06:00:00,-4.235031,-6.4003296,80.25,13.0
2026-02-12 07:00:00,-4.8921814,-6.054413,80.25,13.0
2026-02-12 08:00:00,-5.63443,-5.6462097,80.25,13.0
2026-02-12 09:00:00,-6.455124,-5.2527466,80.25,13.0
2026-02-12 10:00:00,-6.7348175,-5.0448914,80.25,13.0
2026-02-12 11:00:00,-7.6841583,-5.016922,80.25,13.0
2026-02-12 12:00:00,-8.561417,-5.051697,80.25,13.0
2026-02-12 13:00:00,-8.96608,-5.278549,80.25,13.0
2026-02-12 14:00:00,-9.182449,-5.453186,80.25,13.0
2026-02-12 15:00:00,-8.915939,-5.5654907,80.25,13.0
2026-02-12 16:00:00,-8.381332,-5.7534637,80.25,13.0
2026-02-12 17:00:00,-7.789322,-6.2872467,80.25,13.0
2026-02-12 18:00:00,-7.460434,-7.12529,80.25,13.0
2026-02-12 19:00:00,-7.3676147,-7.78627,80.25,13.0
2026-02-12 20:00:00,-7.5135803,-7.742523,80.25,13.0
2026-02-12 21:00:00,-7.6553497,-6.9686127,80.25,13.0
2026-02-12 22:00:00,-6.704422,-7.192108,80.25,13.0
2026-02-12 23:00:00,-6.825943,-6.9509277,80.25,13.0
2026-02-13 00:00:00,-7.468872,-7.123459,80.25,13.0
2026-02-13 01:00:00,-7.9584045,-7.4928284,80.25,13.0
2026-02-13 02:00:00,-7.8121185,-7.6480713,80.25,13.0
2026-02-13 03:00:00,-6.807022,-8.122787,80.25,13.0
2026-02-13 04:00:00,-5.7890167,-8.432465,80.25,13.0
2026-02-13 05:00:00,-6.012558,-7.732559,80.25,13.0
2026-02-13 06:00:00,-7.6389008,-4.5746155,80.25,13.0
2026-02-13 07:00:00,-10.184662,0.85987854,80.25,13.0
2026-02-13 08:00:00,-11.146317,3.3586884,80.25,13.0
2026-02-13 09:00:00,-11.553543,2.9025574,80.25,13.0
2026-02-13 10:00:00,-10.96785,3.7437286,80.25,13.0
2026-02-13 11:00:00,-11.328339,3.0691376,80.25,13.0
2026-02-13 12:00:00,-11.359131,2.8562927,80.25,13.0
2026-02-13 13:00:00,-11.331497,2.1315002,80.25,13.0
2026-02-13 14:00:00,-11.51622,1.5351257,80.25,13.0
2026-02-13 15:00:00,-11.400116,1.1437988,80.25,13.0
2026-02-13 16:00:00,-11.13176,0.53318787,80.25,13.0
2026-02-13 17:00:00,-10.50177,-0.30595398,80.25,13.0
2026-02-13 18:00:00,-9.629791,-1.5809326,80.25,13.0
2026-02-13 19:00:00,-8.906876,-2.967041,80.25,13.0
2026-02-13 20:00:00,-9.061905,-3.5903625,80.25,13.0
2026-02-13 21:00:00,-9.1853485,-3.6373596,80.25,13.0
2026-02-13 22:00:00,-8.303467,-4.8188934,80.25,13.0
2026-02-13 23:00:00,-8.662109,-5.569168,80.25,13.0
2026-02-14 00:00:00,-8.785904,-5.8771973,80.25,13.0
2026-02-14 01:00:00,-8.626068,-6.106247,80.25,13.0
2026-02-14 02:00:00,-8.595627,-6.3466034,80.25,13.0
2026-02-14 03:00:00,-8.7387085,-6.507599,80.25,13.0
2026-02-14 04:00:00,-8.720139,-6.619568,80.25,13.0
2026-02-14 05:00:00,-8.562286,-6.6125946,80.25,13.0
2026-02-14 06:00:00,-8.050903,-6.5303345,80.25,13.0
2026-02-14 07:00:00,-7.472107,-6.780792,80.25,13.0
2026-02-14 08:00:00,-6.9482574,-7.257675,80.25,13.0
2026-02-14 09:00:00,-6.5486145,-7.435013,80.25,13.0
2026-02-14 10:00:00,-5.474823,-7.164154,80.25,13.0
2026-02-14 11:00:00,-4.6191254,-7.385895,80.25,13.0
2026-02-14 12:00:00,-4.5153656,-7.6352386,80.25,13.0
2026-02-14 13:00:00,-4.785431,-7.41864,80.25,13.0
2026-02-14 14:00:00,-4.9541016,-6.817993,80.25,13.0
2026-02-14 15:00:00,-4.9657288,-6.203293,80.25,13.0
2026-02-14 16:00:00,-5.0718994,-5.9295807,80.25,13.0
2026-02-14 17:00:00,-5.2137146,-5.777252,80.25,13.0
2026-02-14 18:00:00,-5.5059967,-5.752365,80.25,13.0
2026-02-14 19:00:00,-5.8512726,-5.6216125,80.25,13.0
2026-02-14 20:00:00,-6.1824036,-5.140518,80.25,13.0
2026-02-14 21:00:00,-6.557144,-4.6082306,80.25,13.0
2026-02-14 22:00:00,-7.182495,-3.6334991,80.25,13.0
2026-02-14 23:00:00,-7.709564,-2.3596344,80.25,13.0
2026-02-15 00:00:00,-7.7781525,-1.1585846,80.25,13.0
2026-02-15 01:00:00,-7.703232,-0.21853638,80.25,13.0
2026-02-15 02:00:00,-7.8434143,0.32695007,80.25,13.0
2026-02-15 03:00:00,-8.0186,0.74676514,80.25,13.0
2026-02-15 04:00:00,-8.235809,1.0495148,80.25,13.0
2026-02-15 05:00:00,-8.232559,1.6262054,80.25,13.0
2026-02-15 06:00:00,-8.174713,2.4538422,80.25,13.0
2026-02-15 07:00:00,-7.8885345,3.3278198,80.25,13.0
2026-02-15 08:00:00,-7.4901733,4.0442047,80.25,13.0
2026-02-15 09:00:00,-7.089447,4.717041,80.25,13.0
2026-02-15 10:00:00,-5.128433,5.113266,80.25,13.0
2026-02-15 11:00:00,-4.950775,4.8105774,80.25,13.0
2026-02-15 12:00:00,-5.5288544,4.875107,80.25,13.0
2026-02-15 13:00:00,-5.7327423,4.985428,80.25,13.0
2026-02-15 14:00:00,-5.71846,5.17128,80.25,13.0
2026-02-15 15:00:00,-5.65921,5.149414,80.25,13.0
2026-02-15 16:00:00,-5.614624,5.106247,80.25,13.0
2026-02-15 17:00:00,-5.907379,4.94046,80.25,13.0
2026-02-15 18:00:00,-6.4612274,4.7977295,80.25,13.0
2026-02-15 19:00:00,-6.6980133,4.7792206,80.25,13.0
2026-02-15 20:00:00,-6.733658,4.7570496,80.25,13.0
2026-02-15 21:00:00,-6.698654,4.553192,80.25,13.0
2026-02-15 22:00:00,-6.178879,3.8100433,80.25,13.0
2026-02-15 23:00:00,-6.571579,3.6978912,80.25,13.0
2026-02-16 00:00:00,-6.935562,3.6062317,80.25,13.0
2026-02-16 01:00:00,-7.1840363,3.3727875,80.25,13.0
2026-02-16 02:00:00,-7.23085,3.2516785,80.25,13.0
2026-02-16 03:00:00,-7.4286194,3.0195618,80.25,13.0
2026-02-16 04:00:00,-7.85231,2.6703491,80.25,13.0
2026-02-16 05:00:00,-8.5269165,2.1499329,80.25,13.0
2026-02-16 06:00:00,-9.241241,1.7977142,80.25,13.0
2026-02-16 07:00:00,-9.708832,1.6841431,80.25,13.0
2026-02-16 08:00:00,-9.9036255,1.6343842,80.25,13.0
2026-02-16 09:00:00,-10.004791,1.5935059,80.25,13.0
2026-02-16 10:00:00,-10.02153,2.556137,80.25,13.0
2026-02-16 11:00:00,-10.051193,2.7851105,80.25,13.0
2026-02-16 12:00:00,-10.317123,2.666626,80.25,13.0
2026-02-16 13:00:00,-10.470398,2.6969604,80.25,13.0
2026-02-16 14:00:00,-10.469452,2.7172394,80.25,13.0
2026-02-16 15:00:00,-10.284546,2.6775818,80.25,13.0
2026-02-16 16:00:00,-10.172043,2.5777435,80.25,13.0
2026-02-16 17:00:00,-10.166092,2.276535,80.25,13.0
2026-02-16 18:00:00,-10.406021,1.8811035,80.25,13.0
2026-02-16 19:00:00,-10.711166,1.6495972,80.25,13.0
2026-02-16 20:00:00,-10.670486,1.668869,80.25,13.0
2026-02-16 21:00:00,-10.476349,1.8192139,80.25,13.0
2026-02-16 22:00:00,-10.333374,1.8493347,80.25,13.0
2026-02-16 23:00:00,-10.150467,1.748703,80.25,13.0
2026-02-17 00:00:00,-10.020081,1.5497894,80.25,13.0
2026-02-17 01:00:00,-9.70195,1.2814178,80.25,13.0
2026-02-17 02:00:00,-9.559921,0.88645935,80.25,13.0
2026-02-17 03:00:00,-9.396896,0.5170593,80.25,13.0
2026-02-17 04:00:00,-9.486954,0.07119751,80.25,13.0
2026-02-17 05:00:00,-9.527756,-0.32328796,80.25,13.0
2026-02-17 06:00:00,-9.410828,-0.7350006,80.25,13.0
2026-02-17 07:00:00,-9.479462,-0.89668274,80.25,13.0
2026-02-17 08:00:00,-9.75528,-0.9237213,80.25,13.0
2026-02-17 09:00:00,-9.93898,-0.6383972,80.25,13.0
2026-02-17 10:00:00,-9.534988,0.25268555,80.25,13.0
2026-02-17 11:00:00,-9.789749,0.41419983,80.25,13.0
2026-02-17 12:00:00,-9.919052,0.7827606,80.25,13.0
2026-02-17 13:00:00,-9.845596,1.3193817,80.25,13.0
2026-02-17 14:00:00,-9.729233,1.6919098,80.25,13.0
2026-02-17 15:00:00,-9.8055725,1.8517609,80.25,13.0
2026-02-17 16:00:00,-9.922913,1.9603271,80.25,13.0
2026-02-17 17:00:00,-9.87912,2.1065369,80.25,13.0
2026-02-17 18:00:00,-9.839661,2.122284,80.25,13.0
2026-02-17 19:00:00,-9.960785,2.1484375,80.25,13.0
2026-02-17 20:00:00,-10.192337,2.2895813,80.25,13.0
2026-02-17 21:00:00,-10.334564,2.5722198,80.25,13.0
2026-02-17 22:00:00,-9.870682,3.317688,80.25,13.0
2026-02-17 23:00:00,-9.625977,3.6408997,80.25,13.0
