phase,episode,episode_reward,average_reward_50,epsilon
q_learning,1,-33.894039937410284,-33.894039937410284,1.0
q_learning,2,-9.712460543537558,-21.803250240473922,0.9993666666666666
q_learning,3,66.46510893235009,7.6195361504674155,0.9987333333333334
q_learning,4,-178.21410300790055,-38.83887363912457,0.9981
q_learning,5,-66.39423703782829,-44.34994631886532,0.9974666666666666
q_learning,6,-22.114604977421163,-40.64405609529129,0.9968333333333333
q_learning,7,-142.61248961881947,-55.21097517008103,0.9962
q_learning,8,-20.95913125167603,-50.929494680280406,0.9955666666666667
q_learning,9,23.02666686746879,-42.71214339719716,0.9949333333333333
q_learning,10,104.80936860458112,-27.959992197019336,0.9943
q_learning,11,-169.86625481930952,-40.86056152631844,0.9936666666666667
q_learning,12,-69.65199260877235,-43.25984744985627,0.9930333333333333
q_learning,13,47.84754056766699,-36.25158683312371,0.9924
q_learning,14,-47.469920681029215,-37.052896393688386,0.9917666666666667
q_learning,15,-29.161414915175527,-36.5267976284542,0.9911333333333333
q_learning,16,-53.78966597560745,-37.60572690015128,0.9905
q_learning,17,16.44726124353576,-34.42613936228734,0.9898666666666667
q_learning,18,-10.356293076008399,-33.08892567971629,0.9892333333333333
q_learning,19,57.03298989290848,-28.345666965367617,0.9886
q_learning,20,-182.40267165392189,-36.04851719979533,0.9879666666666667
q_learning,21,-67.41692308447534,-37.542250813351515,0.9873333333333333
q_learning,22,23.580081431039684,-34.76396298406101,0.9867
q_learning,23,56.14573615016804,-30.811367369529307,0.9860666666666666
q_learning,24,-210.95178522044714,-38.31721811331755,0.9854333333333334
q_learning,25,-61.31679512046018,-39.237201193603255,0.9848
q_learning,26,5.965304785070834,-37.49864327134656,0.9841666666666666
q_learning,27,1.6629288091116208,-36.048214675774034,0.9835333333333334
q_learning,28,-249.47542271966375,-43.67061496305581,0.9829
q_learning,29,-13.782809976677832,-42.64000099800829,0.9822666666666666
q_learning,30,-29.03409298700278,-42.186470730974776,0.9816333333333334
q_learning,31,18.846791061344828,-40.21765583444834,0.981
q_learning,32,36.84640612194449,-37.80940389831106,0.9803666666666667
q_learning,33,-146.75347790879877,-41.11073947438644,0.9797333333333333
q_learning,34,-16.619607473431685,-40.390412062593654,0.9791
q_learning,35,-140.22106922030682,-43.24271655281403,0.9784666666666667
q_learning,36,29.305123555272502,-41.22749877203385,0.9778333333333333
q_learning,37,-208.35509206081343,-45.744460752811676,0.9772
q_learning,38,77.37350376472915,-42.50451431813955,0.9765666666666667
q_learning,39,-20.926712093387756,-41.95123733801771,0.9759333333333333
q_learning,40,-64.13481553043057,-42.50582679282803,0.9753000000000001
q_learning,41,-293.54740006126127,-48.628791994497135,0.9746666666666667
q_learning,42,-157.60005015130383,-51.223345760135395,0.9740333333333333
q_learning,43,53.83447378739133,-48.78014065437896,0.9734
q_learning,44,-14.444382609690727,-47.99978251699968,0.9727666666666667
q_learning,45,36.35982883558689,-46.1251244869422,0.9721333333333333
q_learning,46,-269.3828049266101,-50.97855232258715,0.9715
q_learning,47,-218.31803321417448,-54.538966809642204,0.9708666666666667
q_learning,48,-184.8375067618179,-57.253519725312536,0.9702333333333333
q_learning,49,-53.0379847834606,-57.16748839996862,0.9696
q_learning,50,-119.57619479042432,-58.415662527777734,0.9689666666666666
q_learning,51,-63.47509104710571,-59.00728354997163,0.9683333333333334
q_learning,52,-34.78413780471828,-59.50871709519525,0.9677
q_learning,53,-127.65140066913497,-63.39104728722495,0.9670666666666666
q_learning,54,-84.47412331015664,-61.51624769327007,0.9664333333333334
q_learning,55,-65.71870457255575,-61.50273704396463,0.9658
q_learning,56,-40.76449202945193,-61.875734785005235,0.9651666666666666
q_learning,57,-82.57654696619315,-60.675015931952714,0.9645333333333334
q_learning,58,1.704659458659771,-60.22174011774599,0.9639
q_learning,59,-32.070204595632035,-61.323677547008,0.9632666666666667
q_learning,60,-149.9734258317588,-66.41933343573481,0.9626333333333333
q_learning,61,25.07715586775285,-62.52046522199356,0.962
q_learning,62,58.56618387480652,-59.95610169232198,0.9613666666666667
q_learning,63,-123.63317143587531,-63.38571593239282,0.9607333333333333
q_learning,64,-55.068824133098374,-63.53769400143422,0.9601
q_learning,65,-130.51111664194795,-65.56468803596967,0.9594666666666667
q_learning,66,-64.38605307491855,-65.77661577795588,0.9588333333333333
q_learning,67,-35.58035148144681,-66.81716803245554,0.9582
q_learning,68,-40.166770704924474,-67.41337758503387,0.9575666666666667
q_learning,69,-53.77510270515178,-69.62953943699506,0.9569333333333333
q_learning,70,17.30489185073768,-65.63538816690189,0.9563
q_learning,71,-140.35479108264494,-67.09414552686528,0.9556666666666667
q_learning,72,-140.88807922053556,-70.38350873989678,0.9550333333333333
q_learning,73,41.14568990048704,-70.6835096648904,0.9544
q_learning,74,-114.0177178482446,-68.74482831744635,0.9537666666666667
q_learning,75,0.2024829588870793,-67.51444275585939,0.9531333333333334
q_learning,76,-71.96900403034846,-69.07312893216778,0.9525
q_learning,77,17.68626058384217,-68.75266229667317,0.9518666666666666
q_learning,78,-0.4796378524347648,-63.77274659932859,0.9512333333333334
q_learning,79,-22.78458617207091,-63.952782123236446,0.9506
q_learning,80,-11.158022177778157,-63.595260707051956,0.9499666666666666
q_learning,81,-158.16432171378312,-67.13548296255452,0.9493333333333334
q_learning,82,-12.179620179570128,-68.11600348858481,0.9487
q_learning,83,-32.22148431010442,-65.82536361661093,0.9480666666666666
q_learning,84,-140.78220313861925,-68.30861552991468,0.9474333333333333
q_learning,85,-6.800313859473571,-65.640200422698,0.9468
q_learning,86,-39.020327856092486,-67.00670945092531,0.9461666666666667
q_learning,87,-58.97662813933828,-64.01914017249581,0.9455333333333333
q_learning,88,17.00117212759054,-65.22658680523858,0.9449
q_learning,89,25.93941872997828,-64.28926418877126,0.9442666666666667
q_learning,90,-140.09505846422252,-65.80846904744709,0.9436333333333333
q_learning,91,5.1603137198376325,-59.83431477182511,0.9430000000000001
q_learning,92,-91.11138090116671,-58.504541386822375,0.9423666666666667
q_learning,93,-16.987998127104234,-59.92099082511229,0.9417333333333333
q_learning,94,48.56745251809044,-58.66075412255666,0.9411
q_learning,95,-202.31956128771552,-63.43434192502272,0.9404666666666667
q_learning,96,87.09494518056084,-56.304786922879295,0.9398333333333333
q_learning,97,-87.58996361315198,-53.690225530858854,0.9392
q_learning,98,-66.76875450071739,-51.32885048563684,0.9385666666666667
q_learning,99,-199.72380209294988,-54.262566831826625,0.9379333333333333
q_learning,100,-68.43398496282713,-53.239722635274674,0.9373
q_learning,101,16.585123487028234,-51.63851834459199,0.9366666666666666
q_learning,102,-9.571533906645714,-51.13426626663054,0.9360333333333334
q_learning,103,-31.953215634332842,-49.22030256593451,0.9354
q_learning,104,-27.766997298824975,-48.08616004570788,0.9347666666666666
q_learning,105,-65.05946182305998,-48.072975190717955,0.9341333333333334
q_learning,106,-119.25874083481554,-49.64286016682522,0.9335
q_learning,107,-40.680882873566134,-48.80494688497268,0.9328666666666666
q_learning,108,24.601802596279597,-48.34700402222029,0.9322333333333334
q_learning,109,-118.50899273596262,-50.07577978502691,0.9316
q_learning,110,-36.37189816057659,-47.80374923160326,0.9309666666666667
q_learning,111,-182.2148471049882,-51.949589291058075,0.9303333333333333
q_learning,112,39.55794509418372,-52.32975406667054,0.9297
q_learning,113,7.170547790441773,-49.713679682144196,0.9290666666666667
q_learning,114,-54.25311306930048,-49.69736546086824,0.9284333333333333
q_learning,115,70.10362061072038,-45.68507071581487,0.9278
q_learning,116,-66.46736664873875,-45.72669698729127,0.9271666666666667
q_learning,117,6.6893870605892,-44.88130221645055,0.9265333333333333
q_learning,118,-19.50853583662625,-44.46813751908459,0.9259
q_learning,119,26.539467605589238,-42.86184611286976,0.9252666666666667
q_learning,120,17.487664951724746,-42.85819065085003,0.9246333333333333
q_learning,121,-168.5250190490983,-43.421595210179085,0.924
q_learning,122,-17.757667860845608,-40.958986982985294,0.9233666666666667
q_learning,123,54.90807925692878,-40.68373919585646,0.9227333333333334
q_learning,124,70.40018426395046,-36.995381153612556,0.9221
q_learning,125,-64.87647331474159,-38.29696027908513,0.9214666666666667
q_learning,126,18.171791318551556,-36.49414437210713,0.9208333333333334
q_learning,127,-138.85260881403306,-39.62492176006463,0.9202
q_learning,128,-5.976193178523237,-39.7348528665864,0.9195666666666666
q_learning,129,-42.887747488697876,-40.13691609291894,0.9189333333333334
q_learning,130,-146.95507000298377,-42.85285704942306,0.9183
q_learning,131,-212.171074355816,-43.932992102263704,0.9176666666666666
q_learning,132,110.68312468069313,-41.47573720505844,0.9170333333333334
q_learning,133,-72.18298795256993,-42.27496727790776,0.9164
q_learning,134,-76.84093615427737,-40.996141938220916,0.9157666666666666
q_learning,135,6.01914951027281,-40.739752670825986,0.9151333333333334
q_learning,136,-23.57977377344721,-40.43094158917308,0.9145
q_learning,137,-25.357508944471416,-39.758559205275745,0.9138666666666666
q_learning,138,-57.74925445008584,-41.25356773682928,0.9132333333333333
q_learning,139,-206.65864672428276,-45.9055290459145,0.9126
q_learning,140,26.07695561159025,-42.58208876439824,0.9119666666666667
q_learning,141,15.532416741330309,-42.37464670396838,0.9113333333333333
q_learning,142,-30.14256940380389,-41.15527047402113,0.9107000000000001
q_learning,143,-6.511204347224201,-40.945734598423535,0.9100666666666667
q_learning,144,-122.32466769478705,-44.363577002681076,0.9094333333333333
q_learning,145,-20.68293622652083,-40.730844501457184,0.9088
q_learning,146,-18.742166270146924,-42.84758673047133,0.9081666666666667
q_learning,147,-68.44851305336124,-42.464757719275525,0.9075333333333333
q_learning,148,3.080789637040634,-41.06776683652037,0.9069
q_learning,149,-13.423581350621369,-37.3417624216738,0.9062666666666667
q_learning,150,-21.271815727393186,-36.39851903696512,0.9056333333333333
q_learning,151,36.181436494608434,-36.00659277681351,0.905
q_learning,152,-41.948154694892246,-36.65412519257845,0.9043666666666667
q_learning,153,-36.52356978500415,-36.74553227559187,0.9037333333333334
q_learning,154,-89.71063511304452,-37.98440503187626,0.9031
q_learning,155,-122.6223663321265,-39.13566312205759,0.9024666666666666
q_learning,156,-93.20705165068055,-38.6146293383749,0.9018333333333334
q_learning,157,53.68164877756836,-36.7273787053522,0.9012
q_learning,158,-12.223907147196778,-37.46389290022173,0.9005666666666666
q_learning,159,20.641848407390242,-34.680876077354675,0.8999333333333334
q_learning,160,-49.48635974938647,-34.943165309130876,0.8993
q_learning,161,-67.70922338458557,-32.653052834722814,0.8986666666666667
q_learning,162,-131.72468481316355,-36.07870543286976,0.8980333333333334
q_learning,163,-172.4148413661472,-39.67041321600154,0.8974
q_learning,164,-61.87669892273011,-39.82288493307013,0.8967666666666667
q_learning,165,-3.3494422027099717,-41.291946189338745,0.8961333333333333
q_learning,166,-128.07960023574836,-42.524190861078935,0.8955
q_learning,167,-89.73300662527551,-44.45263873479623,0.8948666666666667
q_learning,168,-67.58479402999164,-45.414163898663546,0.8942333333333333
q_learning,169,1.1610020462569852,-45.92173320985018,0.8936
q_learning,170,-203.76499248576695,-50.34678635860001,0.8929666666666667
q_learning,171,-69.20343423786899,-48.36035466237542,0.8923333333333333
q_learning,172,-80.33051361940208,-49.61181157754656,0.8917
q_learning,173,-11.553080463492359,-50.94103477195498,0.8910666666666667
q_learning,174,12.652617879701328,-52.095986099639966,0.8904333333333333
q_learning,175,48.69435977159612,-49.82456943791321,0.8898
q_learning,176,-105.90960069278637,-52.30619727813997,0.8891666666666667
q_learning,177,-134.74629919041726,-52.224071085667646,0.8885333333333334
q_learning,178,-21.20889451623861,-52.52872511242196,0.8879
q_learning,179,10.797063287995371,-51.45502889688809,0.8872666666666666
q_learning,180,-96.60055437506121,-50.44793858432964,0.8866333333333334
q_learning,181,8.423986567580418,-46.03603736586172,0.886
q_learning,182,-108.03599030003588,-50.41041966547629,0.8853666666666666
q_learning,183,-36.62382884142409,-49.69923648325338,0.8847333333333334
q_learning,184,34.133425657634305,-47.47974924701515,0.8841
q_learning,185,10.360794855609825,-47.39291634010841,0.8834666666666666
q_learning,186,-108.68372842562547,-49.094995433151965,0.8828333333333334
q_learning,187,-8.198173294757504,-48.75180872015769,0.8822
q_learning,188,-176.7310789633724,-51.13144521042343,0.8815666666666667
q_learning,189,-133.4207953221339,-49.66668818238045,0.8809333333333333
q_learning,190,-16.13171836199177,-50.51086166185209,0.8803
q_learning,191,-20.815776839804478,-51.23782553347479,0.8796666666666667
q_learning,192,17.728293957320737,-50.280408266252294,0.8790333333333333
q_learning,193,35.42209585934898,-49.44174226212083,0.8784
q_learning,194,-200.21560781036845,-50.999561064432456,0.8777666666666667
q_learning,195,-35.24035839808202,-51.29070950786368,0.8771333333333333
q_learning,196,-145.3252689878266,-53.82237156221728,0.8765000000000001
q_learning,197,-35.10748034688895,-53.15555090808783,0.8758666666666667
q_learning,198,-137.2007334821633,-55.961181370471905,0.8752333333333333
q_learning,199,-129.40909742775722,-58.28089169201463,0.8746
q_learning,200,-106.71483470225064,-59.989752071511774,0.8739666666666667
q_learning,201,27.332026051072184,-60.1667402803825,0.8733333333333333
q_learning,202,52.69304183075533,-58.273916349869545,0.8727
q_learning,203,-251.58991623781483,-62.57524327892576,0.8720666666666667
q_learning,204,11.587391494466962,-60.54928274677553,0.8714333333333333
q_learning,205,35.021555693983096,-57.396404306253345,0.8708
q_learning,206,-20.617863372453478,-55.9446205406888,0.8701666666666666
q_learning,207,-118.83737613937913,-59.39500103902775,0.8695333333333333
q_learning,208,-203.1244448895539,-63.21301179387489,0.8689
q_learning,209,-8.838193105412255,-63.802612624130944,0.8682666666666667
q_learning,210,91.80907745718261,-60.97670387999957,0.8676333333333334
q_learning,211,-102.08250729221355,-61.664169558152125,0.867
q_learning,212,-25.742867437217235,-59.54453321063319,0.8663666666666667
q_learning,213,25.81295398207927,-55.57997730366866,0.8657333333333334
q_learning,214,-30.871388726020246,-54.959871099734464,0.8651
q_learning,215,-114.43980646709196,-57.181678385022096,0.8644666666666667
q_learning,216,64.3859006759335,-53.33236836678846,0.8638333333333333
q_learning,217,-18.480419649098632,-51.907316627264926,0.8632
q_learning,218,111.0367788394946,-48.33488516987521,0.8625666666666667
q_learning,219,-40.15601510651603,-49.161225512930656,0.8619333333333333
q_learning,220,-0.27333027867947346,-45.091392268788915,0.8613
q_learning,221,-175.33630776488198,-47.21404973932918,0.8606666666666667
q_learning,222,-104.51867487345383,-47.697812964410204,0.8600333333333333
q_learning,223,-23.892916157403267,-47.94460967828842,0.8594
q_learning,224,-145.17366778944265,-51.10113539167131,0.8587666666666667
q_learning,225,-44.81685301298783,-52.971359647362995,0.8581333333333333
q_learning,226,-98.60047078500152,-52.825177049207284,0.8575
q_learning,227,13.63934849192373,-49.85746409556047,0.8568666666666667
q_learning,228,73.47154365020742,-47.96385533223155,0.8562333333333334
q_learning,229,48.67906125267562,-47.20621537293795,0.8556
q_learning,230,-31.079666561736676,-45.89579761667145,0.8549666666666667
q_learning,231,-112.12161690225379,-48.30670968606813,0.8543333333333334
q_learning,232,-54.54230840010653,-47.236836048069534,0.8537
q_learning,233,-37.59766942904234,-47.25631285982192,0.8530666666666666
q_learning,234,-34.54708770889676,-48.629923127152544,0.8524333333333334
q_learning,235,-130.24410085737114,-51.442021041412154,0.8518
q_learning,236,-103.34134687959948,-51.33517341049163,0.8511666666666666
q_learning,237,10.255257980834763,-50.96610478497978,0.8505333333333334
q_learning,238,7.057226328583893,-47.29033867914066,0.8499
q_learning,239,-162.59228246061195,-47.87376842191022,0.8492666666666666
q_learning,240,-11.116771815712761,-47.77346949098464,0.8486333333333334
q_learning,241,-173.8727964348781,-50.83460988288611,0.848
q_learning,242,-188.24106135618376,-54.95399698915621,0.8473666666666666
q_learning,243,-169.7740843789154,-59.0579205939215,0.8467333333333333
q_learning,244,-175.86437973994737,-58.57089603251306,0.8461
q_learning,245,-12.76379351760294,-58.121364734903494,0.8454666666666667
q_learning,246,-163.939647390128,-58.49365230294951,0.8448333333333333
q_learning,247,-197.8445454926748,-61.74839360586524,0.8442000000000001
q_learning,248,-184.57105434130617,-62.695800023048086,0.8435666666666667
q_learning,249,-85.17142681762452,-61.811046610845445,0.8429333333333333
q_learning,250,-45.74311359520594,-60.59161218870456,0.8423
q_learning,251,-208.74094054701055,-65.31307152066621,0.8416666666666667
q_learning,252,5.682573331027831,-66.25328089066075,0.8410333333333333
q_learning,253,-41.345886711380444,-62.04840030013205,0.8404
q_learning,254,-26.721809210601972,-62.81458431423344,0.8397666666666667
q_learning,255,98.94091406419282,-61.536197146829245,0.8391333333333333
q_learning,256,-128.1256797267515,-63.686353473915204,0.8385
q_learning,257,-239.06487293551677,-66.09090340983795,0.8378666666666666
q_learning,258,-61.29563780351687,-63.25432726811722,0.8372333333333333
q_learning,259,-70.43453183682082,-64.4862540427454,0.8366
q_learning,260,40.19904025630649,-65.51845478676292,0.8359666666666667
q_learning,261,-2.762537641429537,-63.532055393747235,0.8353333333333334
q_learning,262,-149.91726602680862,-66.01554336553906,0.8347
q_learning,263,-133.24169362755106,-69.19663631773166,0.8340666666666667
q_learning,264,-216.62094482930956,-72.91162743979744,0.8334333333333334
q_learning,265,28.7907902187996,-70.04701550607962,0.8328
q_learning,266,1.9733501864073901,-71.29526651587014,0.8321666666666667
q_learning,267,2.199673181227946,-70.8816646592636,0.8315333333333333
q_learning,268,-300.1408058315364,-79.10521635268425,0.8309
q_learning,269,91.1164810345346,-76.47976642986322,0.8302666666666667
q_learning,270,-11.049881172995093,-76.69529744774954,0.8296333333333333
q_learning,271,31.737023262749265,-72.5538308271969,0.829
q_learning,272,-61.32305168737764,-71.6899183634754,0.8283666666666667
q_learning,273,-112.77643748876926,-73.4675887901027,0.8277333333333333
q_learning,274,54.01311004385623,-69.48385323343673,0.8271
q_learning,275,-17.85154971874099,-68.94454716755178,0.8264666666666667
q_learning,276,-63.845607166348415,-68.24944989517873,0.8258333333333334
q_learning,277,-145.43347255222872,-71.43090631606178,0.8252
q_learning,278,-122.43633280479172,-75.34906384516175,0.8245666666666667
q_learning,279,-60.350456715021785,-77.5296542045157,0.8239333333333334
q_learning,280,77.42911554330568,-75.35947856241485,0.8233
q_learning,281,-3.652695445055086,-73.19010013327089,0.8226666666666667
q_learning,282,-12.934057019352288,-72.3579351056558,0.8220333333333334
q_learning,283,-24.990194320044544,-72.10578560347584,0.8214
q_learning,284,-129.0998015468594,-73.99683988023509,0.8207666666666666
q_learning,285,21.747310692846654,-70.95701164923075,0.8201333333333334
q_learning,286,-40.9769116084695,-69.70972294380815,0.8195
q_learning,287,-72.25458056213454,-71.35991971466753,0.8188666666666666
q_learning,288,-1.3911737772675443,-71.52888771678455,0.8182333333333334
q_learning,289,19.828710852249696,-67.88046785052732,0.8176
q_learning,290,-169.9475578174305,-71.05708357056169,0.8169666666666666
q_learning,291,-282.8493593056491,-73.2366148279771,0.8163333333333334
q_learning,292,4.779525354768428,-69.37620309375806,0.8157
q_learning,293,-38.89450979026365,-66.75861160198502,0.8150666666666667
q_learning,294,-68.01676490113607,-64.6016593052088,0.8144333333333333
q_learning,295,-61.528443934370024,-65.57695231354414,0.8138
q_learning,296,3.2507700173085032,-62.2331439653954,0.8131666666666667
q_learning,297,-109.56061670371332,-60.46746538961617,0.8125333333333333
q_learning,298,-63.25860352223437,-58.04121637323474,0.8119000000000001
q_learning,299,-8.08430916389562,-56.49947402016016,0.8112666666666667
q_learning,300,41.1266883791961,-54.76207798067213,0.8106333333333333
q_learning,301,22.936837817160335,-50.12852241338871,0.81
q_learning,302,-13.46173561214902,-50.511408592252245,0.8093666666666667
q_learning,303,52.814500264008274,-48.62820085274447,0.8087333333333333
q_learning,304,-44.97573531090962,-48.99327937475063,0.8081
q_learning,305,-45.99689207931929,-51.892035497620874,0.8074666666666667
q_learning,306,-50.98221849772066,-50.349166273040254,0.8068333333333333
q_learning,307,23.37522240130808,-45.10036436630375,0.8062
q_learning,308,16.898995751784838,-43.536471695197704,0.8055666666666667
q_learning,309,-42.813851786162544,-42.984058094184554,0.8049333333333333
q_learning,310,-17.980004288512035,-44.147638985080924,0.8043
q_learning,311,-41.76163801292373,-44.92762099251081,0.8036666666666666
q_learning,312,-48.7254953865316,-42.903785579705264,0.8030333333333333
q_learning,313,-99.59975664759682,-42.23094684010617,0.8024
q_learning,314,-24.743868532188944,-38.39340531416377,0.8017666666666667
q_learning,315,38.60380893476737,-38.19714493984441,0.8011333333333334
q_learning,316,-33.95681740548848,-38.91574829168233,0.8005
q_learning,317,-91.50692897197153,-40.789880334746314,0.7998666666666667
q_learning,318,-24.307106726552455,-35.27320635264664,0.7992333333333334
q_learning,319,38.60146922434015,-36.32350658885053,0.7986
q_learning,320,28.16624718995397,-35.539184021591545,0.7979666666666667
q_learning,321,-110.93478969817282,-38.392620280809986,0.7973333333333333
q_learning,322,94.92204343191706,-35.2677183784241,0.7967
q_learning,323,4.126168102124893,-32.92966626660621,0.7960666666666667
q_learning,324,19.952897505016843,-33.610870517383,0.7954333333333333
q_learning,325,-177.49459435003382,-36.80373141000885,0.7948
q_learning,326,-41.6950917151383,-36.36072110098465,0.7941666666666667
q_learning,327,-63.53279573279211,-34.722707564595915,0.7935333333333333
q_learning,328,-147.35423433354023,-35.22106559517089,0.7929
q_learning,329,-45.36411893065234,-34.9213388394835,0.7922666666666667
q_learning,330,6.195517147494547,-36.34601080739972,0.7916333333333334
q_learning,331,-41.358183783322076,-37.10012057416507,0.791
q_learning,332,17.55346866830369,-36.49037006041195,0.7903666666666667
q_learning,333,44.77656959911532,-35.09503478202875,0.7897333333333334
q_learning,334,2.612523266839669,-32.46078828575477,0.7891
q_learning,335,97.8777613436755,-30.93817927273819,0.7884666666666666
q_learning,336,-20.197776195237033,-30.52259656447354,0.7878333333333334
q_learning,337,84.70318219284363,-27.38344130937398,0.7872
q_learning,338,-206.35011726756363,-31.482620179179904,0.7865666666666666
q_learning,339,-68.92276275630772,-33.257649651351045,0.7859333333333334
q_learning,340,-122.54198397453786,-32.30953817449319,0.7853
q_learning,341,-47.97283605087459,-27.612007709397698,0.7846666666666666
q_learning,342,-22.924624495849006,-28.166090706410056,0.7840333333333334
q_learning,343,66.2842617026272,-26.062515276552237,0.7834
q_learning,344,-25.923497633553644,-25.220649931200583,0.7827666666666667
q_learning,345,16.495203035380026,-23.660176991805585,0.7821333333333333
q_learning,346,-139.34988477457173,-26.51219008764319,0.7815
q_learning,347,-142.52198103113471,-27.171417374191616,0.7808666666666667
q_learning,348,-130.5965077487047,-28.51817545872102,0.7802333333333333
q_learning,349,8.870691989071409,-28.179075435661684,0.7796
q_learning,350,-144.78834219261623,-31.897376047097932,0.7789666666666667
q_learning,351,64.16576317263409,-31.07279753998846,0.7783333333333333
q_learning,352,-201.924134753981,-34.842045522825096,0.7777000000000001
q_learning,353,-203.33912603966402,-39.965118048898546,0.7770666666666667
q_learning,354,-82.61896663498747,-40.71798267538011,0.7764333333333333
q_learning,355,-4.028947072189472,-39.87862377523751,0.7758
q_learning,356,-47.16898179088448,-39.802359041100786,0.7751666666666667
q_learning,357,38.92392508717661,-39.491384987383405,0.7745333333333333
q_learning,358,-2.6835423258922373,-39.88303574893695,0.7739
q_learning,359,-53.64844826371488,-40.099727678487994,0.7732666666666667
q_learning,360,-156.04059173907385,-42.86093942749923,0.7726333333333333
q_learning,361,-9.685321712393659,-42.21941310148863,0.772
q_learning,362,-117.61308888873772,-43.597164971532756,0.7713666666666666
q_learning,363,25.42412771398108,-41.09668728430119,0.7707333333333333
q_learning,364,-18.69940893286229,-40.975798092314655,0.7701
q_learning,365,-144.10209665265552,-44.62991620406312,0.7694666666666667
q_learning,366,0.49706729085533663,-43.940838510136246,0.7688333333333334
q_learning,367,33.75422088395092,-41.435615513017794,0.7682
q_learning,368,-5.049587407353842,-41.050465126633824,0.7675666666666667
q_learning,369,-218.2823334143287,-46.1881411794072,0.7669333333333334
q_learning,370,4.642302768437643,-46.658620067837525,0.7663
q_learning,371,10.376010834891058,-44.23240405717625,0.7656666666666667
q_learning,372,1.7316240676878727,-46.09621244446083,0.7650333333333333
q_learning,373,10.152936044082374,-45.97567708562168,0.7644
q_learning,374,91.74862979562826,-44.53976243980946,0.7637666666666667
q_learning,375,-4.6698203620629215,-41.08326696005003,0.7631333333333333
q_learning,376,-138.97741518277402,-43.02891342940275,0.7625
q_learning,377,-123.10963326549744,-44.22045018005686,0.7618666666666667
q_learning,378,-266.2757777123129,-46.598881047632304,0.7612333333333333
q_learning,379,-87.65972175723782,-47.44479310416402,0.7605999999999999
q_learning,380,-124.0906827655679,-50.050517102425275,0.7599666666666667
q_learning,381,-128.62279420193397,-51.795809310797516,0.7593333333333333
q_learning,382,-76.82373640067095,-53.683353412177006,0.7587
q_learning,383,-30.65226360659582,-55.19193007629122,0.7580666666666667
q_learning,384,16.37242520013019,-54.91673203762541,0.7574333333333333
q_learning,385,-35.44289509637529,-57.583145166426426,0.7568
q_learning,386,-41.35822139317198,-58.006354070385115,0.7561666666666667
q_learning,387,13.426924700344443,-59.4318792202351,0.7555333333333334
q_learning,388,-33.37717358569374,-55.97242034659771,0.7549
q_learning,389,-38.28254609459988,-55.359616013363556,0.7542666666666666
q_learning,390,-24.16607948918776,-53.39209792365656,0.7536333333333334
q_learning,391,37.7452984912263,-51.67773523281454,0.753
q_learning,392,-33.80466197438287,-51.89533598238521,0.7523666666666666
q_learning,393,5.871467440957371,-53.1035918676186,0.7517333333333334
q_learning,394,56.26198382460834,-51.459882238455364,0.7511
q_learning,395,35.8372924211181,-51.073040450740606,0.7504666666666667
q_learning,396,-80.61106193343223,-49.898263993917816,0.7498333333333334
q_learning,397,-58.367379191466014,-48.21517195712444,0.7492
q_learning,398,20.471781444311656,-45.19380617326412,0.7485666666666666
q_learning,399,56.66065869662592,-44.23800683911302,0.7479333333333333
q_learning,400,14.972766996130922,-41.04278465533809,0.7473000000000001
q_learning,401,-24.497902567230273,-42.81605797013536,0.7466666666666667
q_learning,402,-36.92401492040125,-39.516055573463774,0.7460333333333333
q_learning,403,49.2594566460942,-34.46408391974861,0.7454000000000001
q_learning,404,73.09677319454433,-31.349769123157976,0.7447666666666667
q_learning,405,78.30175133625384,-29.703155154989105,0.7441333333333333
q_learning,406,54.10791245994761,-27.677617269972465,0.7435
q_learning,407,-45.14391951426608,-29.358974162001317,0.7428666666666667
q_learning,408,-80.84755346280471,-30.92225438473957,0.7422333333333333
q_learning,409,0.9798326952673838,-29.829688765559922,0.7416
q_learning,410,-91.29123075781024,-28.53470154593465,0.7409666666666667
q_learning,411,-102.36804661910087,-30.388356044068797,0.7403333333333333
q_learning,412,56.45111025552396,-26.907072061183563,0.7397
q_learning,413,9.67824333408465,-27.221989748781493,0.7390666666666666
q_learning,414,-122.81182730814797,-29.304238116287202,0.7384333333333334
q_learning,415,-153.61838676352332,-29.49456391850456,0.7378
q_learning,416,-123.68032887196516,-31.978111841760974,0.7371666666666667
q_learning,417,-73.72046197751445,-34.12760549899028,0.7365333333333334
q_learning,418,-90.79804133709685,-35.84257457758514,0.7359
q_learning,419,53.9397098940026,-30.398133711418513,0.7352666666666667
q_learning,420,1.6007842914831507,-30.4589640809576,0.7346333333333334
q_learning,421,35.28105770923565,-29.9608631434707,0.734
q_learning,422,85.96095547645452,-28.276276515295375,0.7333666666666667
q_learning,423,-101.37193662310382,-30.5067739686391,0.7327333333333333
q_learning,424,-14.235862494148398,-32.626463814434636,0.7321
q_learning,425,25.31896449672337,-32.02668811725891,0.7314666666666667
q_learning,426,-90.63358941140517,-31.05981160183153,0.7308333333333333
q_learning,427,-81.27990348476327,-30.223217006216846,0.7302
q_learning,428,28.968883827368984,-24.318323775423213,0.7295666666666667
q_learning,429,-12.979791814820977,-22.82472517657488,0.7289333333333334
q_learning,430,-6.756270152923705,-20.478036924321987,0.7283000000000001
q_learning,431,-58.79971409693545,-19.08157532222202,0.7276666666666667
q_learning,432,-57.456984104967034,-18.69424027630794,0.7270333333333334
q_learning,433,-198.4140427624639,-22.0494758594253,0.7264
q_learning,434,54.644078829491555,-21.284042786838075,0.7257666666666667
q_learning,435,-22.376881613304388,-21.02272251717666,0.7251333333333334
q_learning,436,-22.883642244273048,-20.65323093419868,0.7245
q_learning,437,-0.45324752878880437,-20.930834378781345,0.7238666666666667
q_learning,438,27.28964851805365,-19.717497936706398,0.7232333333333334
q_learning,439,-136.53062215800827,-21.682459457974563,0.7226
q_learning,440,-24.059527976885313,-21.68032842772852,0.7219666666666666
q_learning,441,-32.0818687450195,-23.076871772453433,0.7213333333333334
q_learning,442,18.031915689032054,-22.040140219185133,0.7207
q_learning,443,48.72207437320323,-21.183128080540214,0.7200666666666666
q_learning,444,8.248125916991025,-22.143405238692562,0.7194333333333334
q_learning,445,-127.9863638843733,-25.41987836480239,0.7188000000000001
q_learning,446,24.73437733367586,-23.312969579460233,0.7181666666666666
q_learning,447,89.30285992492409,-20.35956479713243,0.7175333333333334
q_learning,448,-141.67922138249688,-23.602584853668596,0.7169000000000001
q_learning,449,7.32083177834775,-24.58938139203416,0.7162666666666666
q_learning,450,7.7004150291580356,-24.73482843137362,0.7156333333333333
q_learning,451,-210.29703014726041,-28.45081098297422,0.7150000000000001
q_learning,452,-62.10977688706651,-28.95452622230752,0.7143666666666666
q_learning,453,1.4463923375725307,-29.91078750847796,0.7137333333333333
q_learning,454,-62.591629540502794,-32.6245555631789,0.7131000000000001
q_learning,455,-23.24497853220275,-34.655490160548034,0.7124666666666667
q_learning,456,-178.3904607509153,-39.30545762476529,0.7118333333333333
q_learning,457,12.362363732960537,-38.15533195982076,0.7112
q_learning,458,13.57435276735877,-36.26689383521749,0.7105666666666667
q_learning,459,-114.88067061998547,-38.584103901522546,0.7099333333333333
q_learning,460,106.48096444136402,-34.62865999753906,0.7093
q_learning,461,-13.204823719750644,-32.845395539552065,0.7086666666666668
q_learning,462,16.0778807704083,-33.65286012925437,0.7080333333333333
q_learning,463,22.105137028353607,-33.404322255368996,0.7074
q_learning,464,-124.48250535158553,-33.43773581623775,0.7067666666666668
q_learning,465,56.7145801068867,-29.23107647882955,0.7061333333333333
q_learning,466,-59.402846478932716,-27.9455268309689,0.7055
q_learning,467,-14.628278842961302,-26.763683168277836,0.7048666666666668
q_learning,468,-173.40919960861498,-28.41590633370819,0.7042333333333333
q_learning,469,12.871399869512565,-29.237272534197995,0.7036
q_learning,470,6.240373022593345,-29.144480759575796,0.7029666666666667
q_learning,471,18.6068634555778,-29.477964644648956,0.7023333333333333
q_learning,472,-6.757484004555729,-31.332333434269152,0.7017
q_learning,473,-97.20534816816763,-31.249001665170425,0.7010666666666667
q_learning,474,-272.85456249668783,-36.42137566522122,0.7004333333333334
q_learning,475,-35.8334981297761,-37.64442491775121,0.6998
q_learning,476,126.74220652097365,-33.29690899910363,0.6991666666666667
q_learning,477,-118.63983484344425,-34.04410762627725,0.6985333333333333
q_learning,478,-20.02620388330345,-35.0240093804907,0.6979
q_learning,479,-8.066005471733346,-34.925733653628946,0.6972666666666667
q_learning,480,-62.667574658700374,-36.04395974374448,0.6966333333333333
q_learning,481,16.146430232747942,-34.54503685715082,0.696
q_learning,482,-165.11718699073748,-36.698240914866226,0.6953666666666667
q_learning,483,-30.193633596184352,-33.33383273154063,0.6947333333333333
q_learning,484,-1.4186714815015755,-34.45508773776049,0.6940999999999999
q_learning,485,-71.08009332396185,-35.429151971973646,0.6934666666666667
q_learning,486,-142.00556864946398,-37.81159050007746,0.6928333333333334
q_learning,487,-86.70240251091296,-39.536573599719944,0.6921999999999999
q_learning,488,-39.68103577446996,-40.87598728557042,0.6915666666666667
q_learning,489,5.5965804442497635,-38.033443233525254,0.6909333333333334
q_learning,490,-138.05842862434878,-40.31342124647452,0.6903
q_learning,491,-59.78415732795938,-40.86746701813332,0.6896666666666667
q_learning,492,17.24251434022049,-40.88325504510955,0.6890333333333334
q_learning,493,-14.667120230083711,-42.15103893717529,0.6884
q_learning,494,-25.125656052104965,-42.81851457655722,0.6877666666666666
q_learning,495,-58.46728566074024,-41.42813301208455,0.6871333333333334
q_learning,496,-115.88749506250727,-44.240570460008215,0.6865
q_learning,497,66.62349172937968,-44.694157823919106,0.6858666666666666
q_learning,498,3.3733724378178596,-41.793105947512814,0.6852333333333334
q_learning,499,-83.86755315292983,-43.61687364613836,0.6846
q_learning,500,27.975796239681284,-43.211366021927894,0.6839666666666666
dqn,1,83.45086124471092,83.45086124471092,1.0
dqn,2,-203.51827726720052,-60.0337080112448,0.9993666666666666
dqn,3,-273.23482521897466,-131.10074708048808,0.9987333333333334
dqn,4,-63.56963785652848,-114.21796977449817,0.9981
dqn,5,-29.981771192674156,-97.37073005813338,0.9974666666666666
dqn,6,-23.989749911029573,-85.14056670028273,0.9968333333333333
dqn,7,10.020393913408054,-71.54614375546977,0.9962
dqn,8,-17.63649194271672,-64.80743727887564,0.9955666666666667
dqn,9,-15.422589566263726,-59.320231977474315,0.9949333333333333
dqn,10,12.358870414862437,-52.152321738240644,0.9943
dqn,11,82.93842195090903,-39.87134503922703,0.9936666666666667
dqn,12,18.38482613343015,-35.01666410817227,0.9930333333333333
dqn,13,-207.6510467588488,-48.296232004378155,0.9924
dqn,14,21.466725806799978,-43.313163589294,0.9917666666666667
dqn,15,-73.70535382741565,-45.33930960516877,0.9911333333333333
dqn,16,-52.03722099444603,-45.757929066998614,0.9905
dqn,17,-71.81706498813038,-47.29081941530048,0.9898666666666667
dqn,18,-115.56954791805187,-51.08408210989778,0.9892333333333333
dqn,19,-115.58991281818626,-54.479125831386646,0.9886
dqn,20,-13.473324108894044,-52.42883574526202,0.9879666666666667
dqn,21,-17.226533752154015,-50.75253565035211,0.9873333333333333
dqn,22,65.17040935769609,-45.48331087725901,0.9867
dqn,23,5.479899261620058,-43.26751913209035,0.9860666666666666
dqn,24,-156.6349165277241,-47.99116069024175,0.9854333333333334
dqn,25,3.253908177976573,-45.94135793551302,0.9848
dqn,26,-68.78343862022751,-46.81989950030973,0.9841666666666666
dqn,27,-132.26296747650923,-49.984457573502304,0.9835333333333334
dqn,28,-64.91994803567708,-50.5178679471514,0.9829
dqn,29,25.730933301697885,-47.8885989385704,0.9822666666666666
dqn,30,-142.54055819804302,-51.04366424721948,0.9816333333333334
dqn,31,-10.098374691649314,-49.72284845510431,0.981
dqn,32,-65.1989498505516,-50.20647662371205,0.9803666666666667
dqn,33,3.1022808039202054,-48.59105973196562,0.9797333333333333
dqn,34,-182.73434936045564,-52.53645060339179,0.9791
dqn,35,-118.27584992784891,-54.41471915551914,0.9784666666666667
dqn,36,-13.929401502646284,-53.29012699849489,0.9778333333333333
dqn,37,-170.98175393950652,-56.47098178068439,0.9772
dqn,38,-117.53522405377126,-58.077935524713,0.9765666666666667
dqn,39,23.40559154213187,-55.98861431787082,0.9759333333333333
dqn,40,-36.334605780843205,-55.49726410444514,0.9753000000000001
dqn,41,-45.98927042603539,-55.26536181960588,0.9746666666666667
dqn,42,-185.99802532317636,-58.378044283976614,0.9740333333333333
dqn,43,-33.306242259063154,-57.794979120606534,0.9734
dqn,44,3.203516730292379,-56.40864966944974,0.9727666666666667
dqn,45,-39.51901682779896,-56.03332449519083,0.9721333333333333
dqn,46,-141.15067576621857,-57.88370169673492,0.9715
dqn,47,7.820982282292853,-56.485729697181135,0.9708666666666667
dqn,48,-46.19982266046181,-56.27143996724946,0.9702333333333333
dqn,49,11.60924035316301,-54.88611996071043,0.9696
dqn,50,-266.12638702938096,-59.11092530208384,0.9689666666666666
dqn,51,-6.221586492823323,-60.90437425683453,0.9683333333333334
dqn,52,-30.292993658881763,-57.439868584668154,0.9677
dqn,53,-59.94291439941129,-53.17403036827689,0.9670666666666666
dqn,54,-80.84153053662885,-53.519468221878896,0.9664333333333334
dqn,55,-119.25890565123778,-55.305010911050175,0.9658
dqn,56,-11.142425474862618,-55.04806442232683,0.9651666666666666
dqn,57,-57.81724227547236,-56.40481714610444,0.9645333333333334
dqn,58,-76.5483994799428,-57.58305529684896,0.9639
dqn,59,136.82289762092807,-54.538145553105124,0.9632666666666667
dqn,60,52.603416032635096,-53.73325464074967,0.9626333333333333
dqn,61,-109.86571640669433,-57.58933740790175,0.962
dqn,62,-55.28363181224507,-59.062706566815244,0.9613666666666667
dqn,63,-47.94496293882316,-55.86858489041472,0.9607333333333333
dqn,64,-97.86969507892196,-58.25531330812917,0.9601
dqn,65,-32.587099098040476,-57.43294821354168,0.9594666666666667
dqn,66,25.11949208217471,-55.88981395200924,0.9588333333333333
dqn,67,21.224780584048876,-54.02897704056566,0.9582
dqn,68,-46.50105992284323,-52.64760728066149,0.9575666666666667
dqn,69,-49.623828782889184,-51.32828559995554,0.9569333333333333
dqn,70,-107.12707930097986,-53.20136070379726,0.9563
dqn,71,-11.855589231275909,-53.09394181337971,0.9556666666666667
dqn,72,-80.67689473404008,-56.01088789521443,0.9550333333333333
dqn,73,24.00609421292474,-55.64036399618833,0.9544
dqn,74,32.52575678384919,-51.85715052995686,0.9537666666666667
dqn,75,-16.26462117156825,-52.247521116947766,0.9531333333333334
dqn,76,-35.01761014428337,-51.57220454742888,0.9525
dqn,77,-40.69735970660085,-49.740892392030716,0.9518666666666666
dqn,78,-25.277807543706626,-48.94804958219131,0.9512333333333334
dqn,79,-8.649676085569226,-49.635661769936654,0.9506
dqn,80,18.915261204077442,-46.40654538189424,0.9499666666666666
dqn,81,116.32138981845023,-43.87815009169224,0.9493333333333334
dqn,82,-281.97632937989135,-48.21369768227903,0.9487
dqn,83,-107.60726433076563,-50.42788858497276,0.9480666666666666
dqn,84,10.421244202839489,-46.56477671370685,0.9474333333333333
dqn,85,-106.67061330762199,-46.33267198130231,0.9468
dqn,86,20.20241984850145,-45.650035554279356,0.9461666666666667
dqn,87,-3.5992356608668366,-42.302385188706566,0.9455333333333333
dqn,88,10.86494469148698,-39.734381813801406,0.9449
dqn,89,-76.65156275588613,-41.73552489976177,0.9442666666666667
dqn,90,9.620026583662918,-40.81643225247164,0.9436333333333333
dqn,91,-5.03030203777672,-39.99725288470647,0.9430000000000001
dqn,92,13.415583195165407,-36.00898071433963,0.9423666666666667
dqn,93,4.851097423072979,-35.24583392069691,0.9417333333333333
dqn,94,-199.9335448446559,-39.30857515219587,0.9411
dqn,95,70.66719738494592,-37.104850867940975,0.9404666666666667
dqn,96,-129.38518017788155,-36.869540956174234,0.9398333333333333
dqn,97,-76.88761449297013,-38.5637128916795,0.9392
dqn,98,-3.8277333100350166,-37.71627110467096,0.9385666666666667
dqn,99,-15.681413108625675,-38.262084173906736,0.9379333333333333
dqn,100,-39.5348871777255,-33.73025417687362,0.9373
dqn,101,-18.288899769055494,-33.97160044239827,0.9366666666666666
dqn,102,-42.36667122254871,-34.21307399367161,0.9360333333333334
dqn,103,-46.646282077732465,-33.94714134723803,0.9354
dqn,104,-54.62250405246874,-33.422760817554824,0.9347666666666666
dqn,105,-93.85570068136802,-32.91469671815743,0.9341333333333334
dqn,106,-172.17514471922797,-36.13535110304474,0.9335
dqn,107,33.093510351210966,-34.317136050511074,0.9328666666666666
dqn,108,-19.32379738950445,-33.17264400870231,0.9322333333333334
dqn,109,-30.305699966549337,-36.51521596045186,0.9316
dqn,110,-100.3381619691652,-39.57404752048786,0.9309666666666667
dqn,111,-4.72873112734302,-37.47130781490084,0.9303333333333333
dqn,112,-58.163267092841814,-37.52890052051278,0.9297
dqn,113,-72.83689587734462,-38.0267391792832,0.9290666666666667
dqn,114,-122.22805221059573,-38.51390632191667,0.9284333333333333
dqn,115,35.71649050419311,-37.147834529872,0.9278
dqn,116,30.371521810097267,-37.042793935313554,0.9271666666666667
dqn,117,-62.34851190345577,-38.714259785063646,0.9265333333333333
dqn,118,-115.67474892976577,-40.0977335652021,0.9259
dqn,119,-86.353458385188,-40.832326157248076,0.9252666666666667
dqn,120,37.31132809616735,-37.943558009305136,0.9246333333333333
dqn,121,-112.77739376492626,-39.96199409997814,0.924
dqn,122,61.95566961107826,-37.10934281307577,0.9233666666666667
dqn,123,-107.80590729151966,-39.745582843164655,0.9227333333333334
dqn,124,-56.027303762616754,-41.51664405409397,0.9221
dqn,125,-195.36503993279243,-45.098652429318456,0.9214666666666667
dqn,126,-91.6486046741162,-46.231272319915114,0.9208333333333334
dqn,127,-38.655347248718556,-46.19043207075746,0.9202
dqn,128,-179.89248783962609,-49.28272567667587,0.9195666666666666
dqn,129,-13.37892307949603,-49.37731061655439,0.9189333333333334
dqn,130,2.1740468334492697,-49.712134903966955,0.9183
dqn,131,-286.00392411622954,-57.75864118266056,0.9176666666666666
dqn,132,-86.38670161061911,-53.846848627275115,0.9170333333333334
dqn,133,-197.2152018899914,-55.63900737845963,0.9164
dqn,134,-92.47100469971248,-57.69685235651066,0.9157666666666666
dqn,135,9.834516564104193,-55.36674975907615,0.9151333333333334
dqn,136,14.062464784363053,-55.489548860358916,0.9145
dqn,137,-76.39873864383003,-56.94553892001817,0.9138666666666666
dqn,138,-120.31753299883749,-59.56918847382468,0.9132333333333333
dqn,139,-63.7200215237998,-59.31055764918295,0.9126
dqn,140,-24.67437423522809,-59.99644566556077,0.9119666666666667
dqn,141,-77.3749443304191,-61.443338511413614,0.9113333333333333
dqn,142,51.44255033657779,-60.682799168585355,0.9107000000000001
dqn,143,-90.45057628293895,-62.58883264270559,0.9100666666666667
dqn,144,-265.86856010003083,-63.907532947813095,0.9094333333333333
dqn,145,-57.72950429932603,-66.47546698149853,0.9088
dqn,146,0.05234434091123985,-63.88671649112267,0.9081666666666667
dqn,147,20.07031715719361,-61.94755785811941,0.9075333333333333
dqn,148,16.525367636922354,-61.54049583918026,0.9069
dqn,149,68.66763596713757,-59.85351485766498,0.9062666666666667
dqn,150,16.126370647958986,-58.740289701151305,0.9056333333333333
dqn,151,51.69098488109301,-57.34069200814834,0.905
dqn,152,-9.102898383829608,-56.67541655137395,0.9043666666666667
dqn,153,-12.30364100084613,-55.98856372983622,0.9037333333333334
dqn,154,-26.94169691517364,-55.43494758709032,0.9031
dqn,155,-41.99744059758569,-54.39778238541467,0.9024666666666666
dqn,156,-166.25647840719057,-54.27940905917393,0.9018333333333334
dqn,157,1.7287442159819113,-54.906704381878505,0.9012
dqn,158,-56.966997117468445,-55.65956837643778,0.9005666666666666
dqn,159,22.812080432439636,-54.597212768458014,0.8999333333333334
dqn,160,-201.53834068740642,-56.62121634282285,0.8993
dqn,161,52.6064948883296,-55.474511822509385,0.8986666666666667
dqn,162,-130.38050864416098,-56.918856653535755,0.8980333333333334
dqn,163,-160.5344769940079,-58.67280827586903,0.8974
dqn,164,-78.29774648946895,-57.794202161446485,0.8967666666666667
dqn,165,0.38989966921559494,-58.50073397814604,0.8961333333333333
dqn,166,43.88245295866306,-58.230515355174724,0.8955
dqn,167,-79.2819475774939,-58.56918406865549,0.8948666666666667
dqn,168,-47.14763708248588,-57.198641831709885,0.8942333333333333
dqn,169,-167.2028562892937,-58.815629789792,0.8936
dqn,170,-177.66330172392622,-63.11512238619387,0.8929666666666667
dqn,171,-17.032186779058783,-61.200218246476524,0.8923333333333333
dqn,172,-181.17995310820726,-66.06293070086224,0.8917
dqn,173,27.597007276119466,-63.35487240950946,0.8910666666666667
dqn,174,52.66738353335687,-61.18097866358998,0.8904333333333333
dqn,175,17.620219102742155,-56.921273482879286,0.8898
dqn,176,-78.72890097992367,-56.662879408995444,0.8891666666666667
dqn,177,-3.8476458019407467,-55.96672538005989,0.8885333333333334
dqn,178,29.983630113795183,-51.769203020991455,0.8879
dqn,179,9.96062802620558,-51.302411998877425,0.8872666666666666
dqn,180,-85.41083194711082,-53.05410957448862,0.8866333333333334
dqn,181,11.689357846580588,-47.10024393523242,0.886
dqn,182,-13.20644654123496,-45.63663883384474,0.8853666666666666
dqn,183,45.666541857757004,-40.779003958889774,0.8847333333333334
dqn,184,-20.925230309837833,-39.34808847109228,0.8841
dqn,185,-67.77563177384513,-40.900291437851266,0.8834666666666666
dqn,186,-168.01541806441344,-44.5418490948268,0.8828333333333334
dqn,187,-88.61582057413418,-44.786190733432875,0.8822
dqn,188,57.80200428457518,-41.22379998776462,0.8815666666666667
dqn,189,-136.176392704517,-42.67292741137898,0.8809333333333333
dqn,190,35.86215335459871,-41.462196859582434,0.8803
dqn,191,-2.14377199721506,-39.95757341291836,0.8796666666666667
dqn,192,-115.32560026477672,-43.292936424945445,0.8790333333333333
dqn,193,-29.017065086255823,-42.06426620101179,0.8784
dqn,194,-7.82436392894852,-36.90338227759014,0.8777666666666667
dqn,195,38.99797192711231,-34.96883275306137,0.8771333333333333
dqn,196,-187.16914677331263,-38.71326257534585,0.8765000000000001
dqn,197,-48.413478978263875,-40.08293849805499,0.8758666666666667
dqn,198,-62.81996485177069,-41.66984514782885,0.8752333333333333
dqn,199,52.25529565139846,-41.99809195414364,0.8746
dqn,200,-72.47875483309818,-43.77019446376478,0.8739666666666667
dqn,201,-79.42149103815562,-46.39244398214975,0.8733333333333333
dqn,202,-39.712097049286264,-47.00462795545888,0.8727
dqn,203,-98.00270691750508,-48.71860927379206,0.8720666666666667
dqn,204,-105.04580094188066,-50.28069135432621,0.8714333333333333
dqn,205,-4.499751986580477,-49.530737582106106,0.8708
dqn,206,-179.02105837135235,-49.78602918138934,0.8701666666666666
dqn,207,-34.95473348876459,-50.51969873548426,0.8695333333333333
dqn,208,-95.66685322515299,-51.29369585763795,0.8689
dqn,209,54.441096812766816,-50.66111553003141,0.8682666666666667
dqn,210,-21.79917446427945,-47.06633220556888,0.8676333333333334
dqn,211,-48.91793075991682,-49.0968207185338,0.867
dqn,212,128.06481637377505,-43.92791421817508,0.8663666666666667
dqn,213,-145.8006711141448,-43.63323810057781,0.8657333333333334
dqn,214,-29.63695139165882,-42.66002219862162,0.8651
dqn,215,43.77815361259734,-41.792257119753984,0.8644666666666667
dqn,216,-17.292016511535824,-43.015746509157964,0.8638333333333333
dqn,217,-95.35727776478305,-43.337253112903745,0.8632
dqn,218,-8.014229231655795,-42.55458495588715,0.8625666666666667
dqn,219,-12.094662731993585,-39.45242108474114,0.8619333333333333
dqn,220,93.01515295817386,-34.03885199109914,0.8613
dqn,221,-121.06421184256008,-36.11949249236917,0.8606666666666667
dqn,222,-237.54379176537455,-37.24676926551251,0.8600333333333333
dqn,223,-43.8242011868672,-38.67519343477225,0.8594
dqn,224,-268.0856398670079,-45.090253902779544,0.8587666666666667
dqn,225,-70.9790824157129,-46.86223993314865,0.8581333333333333
dqn,226,19.680229275595348,-44.89405732803827,0.8575
dqn,227,28.71204345428399,-44.242863542913774,0.8568666666666667
dqn,228,-95.14409889174581,-46.745418123024585,0.8562333333333334
dqn,229,7.856619487897014,-46.78749829379075,0.8556
dqn,230,-76.33138705851343,-46.6059093960188,0.8549666666666667
dqn,231,-70.34631364521621,-48.24662282585475,0.8543333333333334
dqn,232,-9.375089971490993,-48.169995694459864,0.8537
dqn,233,-118.9299750968245,-51.46192603355149,0.8530666666666666
dqn,234,-108.3091424462451,-53.20960427627964,0.8524333333333334
dqn,235,-218.8136066982683,-56.2303637747681,0.8518
dqn,236,-67.9160635933271,-54.22837668534638,0.8511666666666666
dqn,237,-20.38131828553778,-52.86368663957445,0.8505333333333334
dqn,238,-14.639339382782985,-54.31251351292161,0.8499
dqn,239,-62.78961900761416,-52.84477803898355,0.8492666666666666
dqn,240,3.8539818676579056,-53.484941468722376,0.8486333333333334
dqn,241,-163.68700203537344,-56.715806069485545,0.848
dqn,242,-200.70367289454862,-58.42336752208098,0.8473666666666666
dqn,243,-37.45387038616714,-58.5921036280792,0.8467333333333333
dqn,244,-17.174021499548886,-58.77909677949121,0.8461
dqn,245,-26.293325764004912,-60.084922733313554,0.8454666666666667
dqn,246,-24.703152998887685,-56.83560285782505,0.8448333333333333
dqn,247,14.974171945175705,-55.56784983935627,0.8442000000000001
dqn,248,-4.47397978664076,-54.40093013805367,0.8435666666666667
dqn,249,-230.1781255942498,-60.04959856296663,0.8429333333333333
dqn,250,-97.66109270366233,-60.55324532037791,0.8423
dqn,251,125.86533321171459,-56.4475088353805,0.8416666666666667
dqn,252,-69.43543722046758,-57.04197563880413,0.8410333333333333
dqn,253,5.221230311999113,-54.977496894214056,0.8404
dqn,254,-212.04319472670068,-57.11744476991044,0.8397666666666667
dqn,255,-73.02471995103961,-58.487944129199626,0.8391333333333333
dqn,256,43.00027696441209,-54.04751742248434,0.8385
dqn,257,-58.71166251058896,-54.52265600292084,0.8378666666666666
dqn,258,-21.647653605522912,-53.042272010528244,0.8372333333333333
dqn,259,5.8472579427116225,-54.01414878792934,0.8366
dqn,260,24.180450764856026,-53.09455628334662,0.8359666666666667
dqn,261,-82.35768725260778,-53.76335141320043,0.8353333333333334
dqn,262,-148.94602949678657,-59.30356833061168,0.8347
dqn,263,39.1774964966779,-55.604004978395224,0.8340666666666667
dqn,264,-143.2286761846603,-57.87583947425525,0.8334333333333334
dqn,265,-101.3401957881451,-60.778206462270106,0.8328
dqn,266,-114.85552247973519,-62.72947658163409,0.8321666666666667
dqn,267,-18.40395645808466,-61.190410155500125,0.8315333333333333
dqn,268,-30.21154703304282,-61.63435651152787,0.8309
dqn,269,-84.52232037811133,-63.08290966445022,0.8302666666666667
dqn,270,-32.883847601929936,-65.60088967565231,0.8296333333333333
dqn,271,-43.15507007393107,-64.04270684027972,0.829
dqn,272,29.79618231657499,-58.695907358640724,0.8283666666666667
dqn,273,-109.98206202544198,-60.019064575412216,0.8277333333333333
dqn,274,-157.78220965287838,-57.81299597112963,0.8271
dqn,275,-57.735150444463585,-57.54811733170465,0.8264666666666667
dqn,276,-109.58053281229967,-60.133332573462546,0.8258333333333334
dqn,277,-39.191663964112784,-61.49140672183047,0.8252
dqn,278,-74.25814753528537,-61.07368769470126,0.8245666666666667
dqn,279,2.447658233048218,-61.181866919798246,0.8239333333333334
dqn,280,-247.43522527279993,-64.60394368408397,0.8233
dqn,281,-83.70669678373011,-64.87115134685425,0.8226666666666667
dqn,282,-67.07783724845838,-66.02520629239359,0.8220333333333334
dqn,283,-69.19526273053161,-65.03051204506774,0.8214
dqn,284,-22.075907595905058,-63.305847348060944,0.8207666666666666
dqn,285,22.464119762644795,-58.480292818842685,0.8201333333333334
dqn,286,-61.801072695349696,-58.357993000883134,0.8195
dqn,287,-53.98901370445876,-59.030146909261546,0.8188666666666666
dqn,288,5.423764163014585,-58.62888483834559,0.8182333333333334
dqn,289,-63.37909517244853,-58.64067436164228,0.8176
dqn,290,-32.05334649200871,-59.35882092883562,0.8169666666666666
dqn,291,-162.97250319558884,-59.34453095203993,0.8163333333333334
dqn,292,72.31282998589906,-53.884200894430975,0.8157
dqn,293,-39.999732344939304,-53.93511813360642,0.8150666666666667
dqn,294,-40.86354421886386,-54.40890858799272,0.8144333333333333
dqn,295,13.923823286043772,-53.60456560699175,0.8138
dqn,296,-109.08509723964771,-55.29220449180694,0.8131666666666667
dqn,297,-156.50849644449255,-58.72185785960031,0.8125333333333333
dqn,298,-80.85064054178065,-60.249391074703105,0.8119000000000001
dqn,299,-20.92139573188835,-56.06425647745587,0.8112666666666667
dqn,300,-22.347288320178745,-54.55798038978621,0.8106333333333333
dqn,301,-23.712505100961437,-57.549537156039726,0.81
dqn,302,-23.484483081320963,-56.6305180732568,0.8093666666666667
dqn,303,-61.8189186447911,-57.97132105239259,0.8087333333333333
dqn,304,-36.017402561574414,-54.45080520909008,0.8081
dqn,305,-187.11878504148748,-56.73268651089903,0.8074666666666667
dqn,306,-144.75037596094174,-60.48769956940611,0.8068333333333333
dqn,307,-37.06663979213147,-60.05479911503695,0.8062
dqn,308,-31.38418236531614,-60.24952969023282,0.8055666666666667
dqn,309,-239.462993333806,-65.15573471576317,0.8049333333333333
dqn,310,-9.31626782228158,-65.82566908750593,0.8043
dqn,311,92.18193962013724,-62.33487655005103,0.8036666666666666
dqn,312,-47.68746119241131,-60.30970518396352,0.8030333333333333
dqn,313,3.3037553978262326,-61.02718000594055,0.8024
dqn,314,-55.62882482219478,-59.27518297869125,0.8017666666666667
dqn,315,-24.39238331945325,-57.7362267293174,0.8011333333333334
dqn,316,-136.46041228066815,-58.168324525336054,0.8005
dqn,317,79.79019924450532,-56.20444141128426,0.7998666666666667
dqn,318,19.431048956628135,-55.21158949149084,0.7992333333333334
dqn,319,-40.817305915108946,-54.3374892022308,0.7986
dqn,320,-183.4687922252802,-57.3491880946978,0.7979666666666667
dqn,321,-132.74552710219163,-59.14099723526302,0.7973333333333333
dqn,322,-168.0571121650485,-63.098063124895496,0.7967
dqn,323,-46.65921644241208,-61.83160621323489,0.7960666666666667
dqn,324,-99.67579059531612,-60.669477832083636,0.7954333333333333
dqn,325,-40.20934995145771,-60.31896182222352,0.7948
dqn,326,-48.097359476746654,-59.089298355512454,0.7941666666666667
dqn,327,-39.70124266472736,-59.09948992952475,0.7935333333333333
dqn,328,28.04610534811555,-57.05340487185675,0.7929
dqn,329,91.30704337813111,-55.27621716895508,0.7922666666666667
dqn,330,4.4522640909189155,-50.23846738168069,0.7916333333333334
dqn,331,25.88222896248924,-48.04668886675631,0.791
dqn,332,-33.361009592868164,-47.37235231364451,0.7903666666666667
dqn,333,2.9871622361816277,-45.928703814310246,0.7897333333333334
dqn,334,-60.44689869076218,-46.696123636207396,0.7891
dqn,335,-33.96880019438958,-47.82478203534807,0.7884666666666666
dqn,336,-32.83524957817541,-47.2454655730046,0.7878333333333334
dqn,337,-144.31362849478796,-49.051957868811186,0.7872
dqn,338,-20.097663289851962,-49.56238641786851,0.7865666666666666
dqn,339,-80.14923558989054,-49.897789226217334,0.7859333333333334
dqn,340,-112.40138019331579,-51.504749900243475,0.7853
dqn,341,-4.203131169725627,-48.32936245972622,0.7846666666666666
dqn,342,-14.01669469481571,-50.05595295334051,0.7840333333333334
dqn,343,-43.647994565926574,-50.12891819776027,0.7834
dqn,344,46.09936654278377,-48.38965998252731,0.7827666666666667
dqn,345,-66.18342932722572,-49.991805034792705,0.7821333333333333
dqn,346,-89.66183858974,-49.603339861794545,0.7815
dqn,347,-50.86583734443756,-47.49048667979345,0.7808666666666667
dqn,348,-78.3603886707923,-47.44068164237369,0.7802333333333333
dqn,349,46.327920202365206,-46.095695323688616,0.7796
dqn,350,20.554324085896067,-45.23766307556711,0.7789666666666667
dqn,351,-49.80421316631927,-45.75949723687427,0.7783333333333333
dqn,352,-146.14517539487707,-48.21271108314539,0.7777000000000001
dqn,353,9.213069219328593,-46.792071325863,0.7770666666666667
dqn,354,34.75164342950781,-45.376690406041355,0.7764333333333333
dqn,355,-60.350544417870374,-42.841325593568996,0.7758
dqn,356,-57.79351416976598,-41.1021883577455,0.7751666666666667
dqn,357,-36.77133186484657,-41.0962821991998,0.7745333333333333
dqn,358,5.553430978726679,-40.35752993231895,0.7739
dqn,359,-127.88555833975232,-38.12598123243787,0.7732666666666667
dqn,360,-26.033504649338223,-38.46032596897901,0.7726333333333333
dqn,361,-93.69942074839182,-42.17795317634958,0.772
dqn,362,-36.87241208762222,-41.9616521942538,0.7713666666666666
dqn,363,38.214711355436606,-41.2634330751016,0.7707333333333333
dqn,364,2.492130287763359,-40.101013972902436,0.7701
dqn,365,-114.01821766545771,-41.89353065982252,0.7694666666666667
dqn,366,-96.50421187851376,-41.09440665177944,0.7688333333333334
dqn,367,-137.8478795363479,-45.447168227396496,0.7682
dqn,368,-249.59619251610766,-50.827713056851216,0.7675666666666667
dqn,369,21.7168012009531,-49.57703091452998,0.7669333333333334
dqn,370,-138.5006476236374,-48.67766802249711,0.7663
dqn,371,-80.10779468935814,-47.62491337424046,0.7656666666666667
dqn,372,-4.736473912748643,-44.35850060919445,0.7650333333333333
dqn,373,-8.470826163876904,-43.59473280362376,0.7644
dqn,374,-111.46353514554052,-43.83048769462824,0.7637666666666667
dqn,375,60.05725874144841,-41.8251555207701,0.7631333333333333
dqn,376,39.13431014292873,-40.0805221283766,0.7625
dqn,377,-37.9108188732858,-40.04471365254776,0.7618666666666667
dqn,378,25.26622411331981,-40.100311277243684,0.7612333333333333
dqn,379,94.92688645854871,-40.02791441563533,0.7605999999999999
dqn,380,68.2710515349226,-38.75153866675526,0.7599666666666667
dqn,381,29.832383693455384,-38.672535572135935,0.7593333333333333
dqn,382,-117.21375147202534,-40.34959040971908,0.7587
dqn,383,-74.81897441627991,-41.905713142768306,0.7580666666666667
dqn,384,-136.15263860949963,-43.419827941143055,0.7574333333333333
dqn,385,-147.49982711769758,-45.69044847960922,0.7568
dqn,386,24.766341805634287,-44.53841665193302,0.7561666666666667
dqn,387,3.85780777235786,-41.57498792659011,0.7555333333333334
dqn,388,13.253806790901264,-40.907958524975044,0.7549
dqn,389,94.72173554007006,-37.410539102375836,0.7542666666666666
dqn,390,39.77889603247133,-34.36693357786009,0.7536333333333334
dqn,391,-32.97657265561977,-34.94240240757797,0.753
dqn,392,32.99937874693423,-34.00208093874298,0.7523666666666666
dqn,393,-8.707497159912544,-33.30327099062269,0.7517333333333334
dqn,394,-137.7634221524869,-36.980526764528115,0.7511
dqn,395,-9.610961331925038,-35.84907740462209,0.7504666666666667
dqn,396,-78.70371891483371,-35.62991501112397,0.7498333333333334
dqn,397,-11.844931459912706,-34.84949689343347,0.7492
dqn,398,17.97635182053618,-32.922762083606905,0.7485666666666666
dqn,399,4.232938365445447,-33.764661720345295,0.7479333333333333
dqn,400,10.421276089450895,-33.9673226802742,0.7473000000000001
dqn,401,0.6205772978245747,-32.95882687099132,0.7466666666666667
dqn,402,30.08472407110925,-29.434228881671594,0.7460333333333333
dqn,403,-64.6812929619041,-30.912116125296247,0.7454000000000001
dqn,404,-168.51967798002036,-34.97754255348681,0.7447666666666667
dqn,405,-194.0585653156483,-37.651702971442376,0.7441333333333333
dqn,406,89.01426266848779,-34.7155474346773,0.7435
dqn,407,-78.20958259144548,-35.54431244920928,0.7428666666666667
dqn,408,-155.72955515893028,-38.769972171962415,0.7422333333333333
dqn,409,-48.08458552548639,-37.173952715677096,0.7416
dqn,410,-5.281514635484812,-36.75891291540003,0.7409666666666667
dqn,411,-78.06638329583913,-36.446252166348984,0.7403333333333333
dqn,412,25.14317345720781,-35.20594045545237,0.7397
dqn,413,2.8681418733459325,-35.91287184509419,0.7390666666666666
dqn,414,-31.81636101441333,-36.599041671137726,0.7384333333333334
dqn,415,-34.17011824476813,-35.00207968272393,0.7378
dqn,416,62.88950842465692,-31.81420527666052,0.7371666666666667
dqn,417,-165.9476879421661,-32.37620144477688,0.7365333333333334
dqn,418,-21.70361729803285,-27.818349940415388,0.7359
dqn,419,-29.779165940378444,-28.848269283242015,0.7352666666666667
dqn,420,-42.876398141493915,-26.93578429359914,0.7346333333333334
dqn,421,57.39131260470149,-24.185802147717954,0.734
dqn,422,-107.25641671425542,-26.236201003748093,0.7333666666666667
dqn,423,-59.42857818893763,-27.2553560442493,0.7327333333333333
dqn,424,26.30676535780825,-24.499950034182326,0.7321
dqn,425,-71.51408242412516,-27.1313768574938,0.7314666666666667
dqn,426,44.88632834408511,-27.016336493470675,0.7308333333333333
dqn,427,-69.48156596656541,-27.647751435336264,0.7302
dqn,428,-93.91561695770727,-30.031388256756806,0.7295666666666667
dqn,429,-66.68066595647478,-33.26353930505727,0.7289333333333334
dqn,430,-62.43444382602902,-35.87764921227632,0.7283000000000001
dqn,431,-21.697559816258234,-36.908248082470585,0.7276666666666667
dqn,432,-93.32130986411066,-36.43039925031229,0.7270333333333334
dqn,433,-18.754750050446773,-35.30911476299562,0.7264
dqn,434,-47.50721400319632,-33.53620627086956,0.7257666666666667
dqn,435,12.189017041284455,-30.342429387689922,0.7251333333333334
dqn,436,-118.34095704500298,-33.20457536470267,0.7245
dqn,437,-85.73999774551497,-34.99653147506012,0.7238666666666667
dqn,438,-16.26497583520204,-35.58690712758218,0.7232333333333334
dqn,439,21.636167736953,-37.04861848364453,0.7226
dqn,440,90.70592456228022,-36.03007791304835,0.7219666666666666
dqn,441,-173.11313512721625,-38.83280916248028,0.7213333333333334
dqn,442,-54.56043636003938,-40.58400546461975,0.7207
dqn,443,-12.035350725059754,-40.6505625359227,0.7200666666666666
dqn,444,0.9889616696816401,-37.875514859479324,0.7194333333333334
dqn,445,-58.26852744132866,-38.8486661816674,0.7188000000000001
dqn,446,-59.810513256526626,-38.47080206850125,0.7181666666666666
dqn,447,-80.60596109624349,-39.84602266122786,0.7175333333333334
dqn,448,-47.199389225056784,-41.14953748213973,0.7169000000000001
dqn,449,-89.70923035784895,-43.02838085660561,0.7162666666666666
dqn,450,-34.78292938311107,-43.93246496605686,0.7156333333333333
dqn,451,-22.7157463926796,-44.39919143986694,0.7150000000000001
dqn,452,-104.76116986803197,-47.096109318649766,0.7143666666666666
dqn,453,-27.493648726015625,-46.352356433932,0.7137333333333333
dqn,454,33.40602311854528,-42.313842411960685,0.7131000000000001
dqn,455,-117.44904504208364,-40.78165200648939,0.7124666666666667
dqn,456,-19.34685535301087,-42.94887436691937,0.7118333333333333
dqn,457,-140.10756453360156,-44.186834005762485,0.7112
dqn,458,33.144817051977476,-40.409346561544325,0.7105666666666667
dqn,459,-33.3166561386814,-40.11398797380823,0.7099333333333333
dqn,460,-63.38484087196554,-41.27605449853785,0.7093
dqn,461,-47.204302979502515,-40.65881289221111,0.7086666666666668
dqn,462,-43.72691408520401,-42.03621464305936,0.7080333333333333
dqn,463,-223.94019846291843,-46.57238144978464,0.7074
dqn,464,49.157384716064,-44.95290653517509,0.7067666666666668
dqn,465,3.6489165442654583,-44.196525839394425,0.7061333333333333
dqn,466,103.70682535572703,-43.38017950077301,0.7055
dqn,467,-61.80411011047594,-41.29730794413921,0.7048666666666668
dqn,468,16.61654422207258,-40.5309047137371,0.7042333333333333
dqn,469,-115.89415469235796,-42.25320448877669,0.7036
dqn,470,-29.529346965956073,-41.986263465265935,0.7029666666666667
dqn,471,-138.05105560699985,-45.89511082949996,0.7023333333333333
dqn,472,27.741725401615312,-43.195147987182544,0.7017
dqn,473,-14.609221302303515,-42.29876084944986,0.7010666666666667
dqn,474,-266.9152248724651,-48.16320065405534,0.7004333333333334
dqn,475,34.32356266699751,-46.04644775223288,0.6998
dqn,476,108.63407182297554,-44.771492882655075,0.6991666666666667
dqn,477,-77.89513032556117,-44.939764169835,0.6985333333333333
dqn,478,-129.79298296590278,-45.657311489998904,0.6979
dqn,479,-83.61168039322294,-45.995931778733855,0.6972666666666667
dqn,480,27.987014294650525,-44.18750261632026,0.6966333333333333
dqn,481,-201.4323713321772,-47.78219884663865,0.696
dqn,482,-98.32542336527295,-47.8822811166619,0.6953666666666667
dqn,483,-45.90461820846701,-48.4252784798223,0.6947333333333333
dqn,484,-177.59561822223947,-51.02704656420317,0.6940999999999999
dqn,485,-167.9571794775284,-54.62997049457942,0.6934666666666667
dqn,486,-86.0061089987989,-53.98327353365535,0.6928333333333334
dqn,487,-24.827197945830875,-52.76501753766166,0.6921999999999999
dqn,488,-65.60195510358712,-53.75175712302936,0.6915666666666667
dqn,489,-15.258818353855165,-54.48965684484552,0.6909333333333334
dqn,490,-215.46360750317254,-60.613047486154585,0.6903
dqn,491,10.63572234015237,-56.938070336807215,0.6896666666666667
dqn,492,30.89766740294798,-55.228908261547446,0.6890333333333334
dqn,493,44.44695651086635,-54.09926211682894,0.6884
dqn,494,35.960397474870064,-53.399833400725164,0.6877666666666666
dqn,495,9.827357974088764,-52.03791569241682,0.6871333333333334
dqn,496,0.2637868018990942,-50.8364296912483,0.6865
dqn,497,-104.48497126639587,-51.314009894651356,0.6858666666666666
dqn,498,-291.0393680755847,-56.19080947166191,0.6852333333333334
dqn,499,20.62423456251302,-53.98414017325467,0.6846
dqn,500,-3.667771256974836,-53.36183701073195,0.6839666666666666
dqn,501,11.588329684195594,-52.675755489194444,0.6833333333333333
dqn,502,1.6664562931173652,-50.547202965971444,0.6827
dqn,503,-85.70792564659988,-51.711488504383134,0.6820666666666666
dqn,504,39.70799723720129,-51.58544902201002,0.6814333333333333
dqn,505,-127.97972373168734,-51.7960625958021,0.6808000000000001
dqn,506,2.2538857123020275,-51.36404777449583,0.6801666666666667
dqn,507,-123.64167990710466,-51.03473008196589,0.6795333333333333
dqn,508,-38.709201273474065,-52.47181044847493,0.6789000000000001
dqn,509,-100.95780159466541,-53.8246333575946,0.6782666666666667
dqn,510,1.9861232800554587,-52.51721407455418,0.6776333333333333
dqn,511,-185.7264868523395,-55.28765775201093,0.677
dqn,512,-72.17122729054923,-55.85654401611783,0.6763666666666667
dqn,513,6.210507207085972,-51.253529902717744,0.6757333333333333
dqn,514,-95.93152395155003,-54.15530807607002,0.6751
dqn,515,-91.30741019224092,-56.05443461080014,0.6744666666666667
dqn,516,35.73998149047963,-57.41377148810509,0.6738333333333333
dqn,517,-4.395057625751218,-56.2655904384106,0.6732
dqn,518,-1.5605700447345556,-56.62913272374674,0.6725666666666666
dqn,519,-37.09204948286586,-55.053090619556905,0.6719333333333334
dqn,520,-140.00920425982122,-57.26268776543421,0.6713
dqn,521,87.301692661613,-52.755632800061946,0.6706666666666667
dqn,522,-15.335946242838569,-53.617186232951035,0.6700333333333334
dqn,523,-213.60919474198977,-57.59718570174475,0.6694
dqn,524,-186.43736541416737,-55.987628512578794,0.6687666666666667
dqn,525,-174.30431956379383,-60.16018615719462,0.6681333333333334
dqn,526,-94.36322025457193,-64.22013199874557,0.6675
dqn,527,-134.76005610043404,-65.35743051424305,0.6668666666666667
dqn,528,-123.35319283774669,-65.22863471167992,0.6662333333333333
dqn,529,5.981011235654816,-63.43678087910235,0.6656
dqn,530,21.47606950165566,-63.56699977496225,0.6649666666666667
dqn,531,-109.98833380246012,-61.73811902436792,0.6643333333333333
dqn,532,-30.286392589790847,-60.377338408858265,0.6637
dqn,533,62.989369251778236,-58.199458659653374,0.6630666666666667
dqn,534,-22.761709729006185,-55.1027804897887,0.6624333333333334
dqn,535,50.4851009345197,-50.73393488154774,0.6618
dqn,536,-58.415185904102096,-50.182116419653795,0.6611666666666667
dqn,537,-5.252654128270227,-49.79062554330258,0.6605333333333334
dqn,538,-1.7687920603001543,-48.51396228243684,0.6599
dqn,539,-117.81159774533629,-50.56501787026647,0.6592666666666667
dqn,540,-66.15615639966552,-47.578868848196336,0.6586333333333334
dqn,541,-48.19296282596148,-48.755442551518605,0.658
dqn,542,-63.998670407506566,-50.6533693077277,0.6573666666666667
dqn,543,-68.11406050688414,-52.90458964808271,0.6567333333333334
dqn,544,22.81744265453993,-53.16744874448931,0.6561
dqn,545,47.94211011918756,-52.405153701587345,0.6554666666666666
dqn,546,30.739284276147295,-51.79564375210237,0.6548333333333334
dqn,547,-48.696556930331454,-50.67987546538108,0.6542
dqn,548,-46.7676556023415,-45.79444121591622,0.6535666666666666
dqn,549,37.04176141171331,-45.46609067893221,0.6529333333333334
dqn,550,-51.16977096934076,-46.41613067317953,0.6523000000000001
dqn,551,4.181324567404012,-46.56427077551536,0.6516666666666667
dqn,552,-3.7557618062833753,-46.672715137503374,0.6510333333333334
dqn,553,14.931157568665187,-44.65993347319807,0.6504000000000001
dqn,554,-145.62784017272205,-48.36665022139654,0.6497666666666667
dqn,555,-2.5776418588118837,-45.85860858393904,0.6491333333333333
dqn,556,-123.14627135833325,-48.36661172535174,0.6485000000000001
dqn,557,-125.67039918639851,-48.40718611093761,0.6478666666666667
dqn,558,-118.76249312475174,-50.008251947963174,0.6472333333333333
dqn,559,94.35858623894123,-46.10192419129103,0.6466000000000001
dqn,560,-133.19513215301134,-48.805549299952375,0.6459666666666667
dqn,561,-37.76202703036725,-45.84626010351293,0.6453333333333333
dqn,562,-73.99637085138217,-45.882762974729594,0.6447
dqn,563,68.68506557873584,-44.633271807296595,0.6440666666666667
dqn,564,14.282741350770989,-42.428986501250165,0.6434333333333333
dqn,565,7.165140768356976,-40.45953548203821,0.6428
dqn,566,-85.0058684441633,-42.87445248073107,0.6421666666666668
dqn,567,-100.74567082161403,-44.80146474464832,0.6415333333333333
dqn,568,42.81472364994515,-43.91395887075473,0.6409
dqn,569,-43.751738846405615,-44.04715265802552,0.6402666666666668
dqn,570,-104.5138541359869,-43.33724565554884,0.6396333333333333
dqn,571,-46.437238906715855,-46.01202428691541,0.639
dqn,572,-17.544985753468872,-46.05620507712803,0.6383666666666667
dqn,573,-292.54212952460153,-47.63486377278026,0.6377333333333333
dqn,574,38.66210751805807,-43.13287431413574,0.6371
dqn,575,-188.78318384459288,-43.42245159975173,0.6364666666666667
dqn,576,4.116907764144462,-41.452849039377405,0.6358333333333333
dqn,577,-60.32515814077124,-39.964151080184145,0.6352
dqn,578,45.423680193353384,-36.588613619562146,0.6345666666666667
dqn,579,17.934486222832916,-36.34954411981858,0.6339333333333333
dqn,580,-66.67070359176178,-38.112479581686934,0.6333
dqn,581,-40.789876075348104,-36.72851042714469,0.6326666666666667
dqn,582,-52.01861949523651,-37.163154965253604,0.6320333333333334
dqn,583,1.6582403446204086,-38.38977754339676,0.6314
dqn,584,4.773328574083873,-37.83907677733496,0.6307666666666667
dqn,585,77.36449362097744,-37.30148892360581,0.6301333333333334
dqn,586,-21.093154792063675,-36.55504830136504,0.6295
dqn,587,15.735696690998163,-36.135281284979676,0.6288666666666667
dqn,588,39.75531983055976,-35.304799047162476,0.6282333333333334
dqn,589,11.761042287866472,-32.71334624649842,0.6275999999999999
dqn,590,-254.6610987224657,-36.48344509295442,0.6269666666666667
dqn,591,-6.637970476822967,-35.65234524597165,0.6263333333333334
dqn,592,-27.147878767598126,-34.91532941317349,0.6256999999999999
dqn,593,-181.59378374370087,-37.18492387790982,0.6250666666666667
dqn,594,57.391149923444324,-36.49344973253173,0.6244333333333334
dqn,595,-13.39033212674272,-37.72009857745034,0.6238
dqn,596,-5.543197806814475,-38.445748219109575,0.6231666666666666
dqn,597,16.933368135370976,-37.133149717795526,0.6225333333333334
dqn,598,57.07791767710671,-35.056238252206555,0.6219
dqn,599,23.28645004169543,-35.33134447960691,0.6212666666666666
dqn,600,-36.18708832931625,-35.031690826806425,0.6206333333333334
dqn,601,-77.48873718415011,-36.66509206183751,0.62
dqn,602,-3.8664512986353623,-36.667305851684546,0.6193666666666666
dqn,603,-112.2582475322898,-39.211093953703646,0.6187333333333334
dqn,604,63.102085548859534,-35.03649543927201,0.6181
dqn,605,-50.91634096400805,-36.00326942137594,0.6174666666666666
dqn,606,-104.89859059358798,-35.638315806081025,0.6168333333333333
dqn,607,-208.14340869395167,-37.28777599623209,0.6162
dqn,608,22.872849571765034,-34.45506914230176,0.6155666666666666
dqn,609,-77.44300021153914,-37.891100871311366,0.6149333333333333
dqn,610,-188.8444178581193,-39.004086585413525,0.6143000000000001
dqn,611,1.7378558330084213,-38.21408892814601,0.6136666666666667
dqn,612,-15.055865029731356,-37.035278811713,0.6130333333333333
dqn,613,-112.22871543609679,-40.65355443200965,0.6124
dqn,614,37.82753599046735,-40.18265853921572,0.6117666666666667
dqn,615,-62.63019811312525,-41.57856531684536,0.6111333333333333
dqn,616,-13.694129607156137,-40.152330540105226,0.6105
dqn,617,-75.99516198382854,-39.65732036334951,0.6098666666666667
dqn,618,-49.63906344087109,-41.50639610516584,0.6092333333333333
dqn,619,-44.40743956784895,-41.5195101195947,0.6086
dqn,620,-60.88252970055682,-40.6468836308861,0.6079666666666667
dqn,621,3.482115017782692,-39.64849655239613,0.6073333333333333
dqn,622,-194.45962085585458,-43.18678925444384,0.6067
dqn,623,-44.08360254004001,-38.21761871475261,0.6060666666666666
dqn,624,7.492694326913702,-38.8410069785755,0.6054333333333334
dqn,625,-92.97371599038152,-36.92481762149127,0.6048
dqn,626,56.4587089697572,-35.87798159737902,0.6041666666666667
dqn,627,31.833108770654153,-34.03481625915051,0.6035333333333334
dqn,628,-35.64061517830771,-35.656102166583736,0.6029
dqn,629,-26.814811054588194,-36.55108811213216,0.6022666666666667
dqn,630,-71.77227088651179,-36.653119458027156,0.6016333333333334
dqn,631,6.850046527578285,-35.700321005968625,0.601
dqn,632,-62.96616320218853,-35.91927188010767,0.6003666666666667
dqn,633,-123.27072532473058,-38.41785119349469,0.5997333333333333
dqn,634,-14.23946024317806,-38.79810696983993,0.5991
dqn,635,-29.224211489900977,-40.92988107205749,0.5984666666666667
dqn,636,-101.09683921206968,-42.52995476045762,0.5978333333333333
dqn,637,130.9101753181958,-40.22646518791366,0.5972
dqn,638,-14.474869324657105,-41.311068971018,0.5965666666666667
dqn,639,41.05219116402617,-40.72524599349481,0.5959333333333334
dqn,640,79.88298282967753,-34.034364362451946,0.5953
dqn,641,-34.063074171393815,-34.58286643634336,0.5946666666666667
dqn,642,-198.80534317393992,-38.01601572447019,0.5940333333333334
dqn,643,59.06282625837292,-33.20288352442872,0.5934
dqn,644,68.37912319592493,-32.98312405897911,0.5927666666666667
dqn,645,-3.0259602459969352,-32.7758366213642,0.5921333333333334
dqn,646,-124.58046411851788,-35.15658194759826,0.5915
dqn,647,-46.75875288097402,-36.43042436792516,0.5908666666666667
dqn,648,71.64702534830698,-36.13904221450115,0.5902333333333334
dqn,649,-60.93483826466971,-37.823467980628465,0.5896
dqn,650,10.045457558548225,-36.898817062871174,0.5889666666666666
dqn,651,-94.30090727875535,-37.23506046476328,0.5883333333333334
dqn,652,49.454242475361085,-36.16864658928335,0.5877
dqn,653,-122.67900879634831,-36.37706181456452,0.5870666666666666
dqn,654,-144.38378299396626,-40.526779185421034,0.5864333333333334
dqn,655,-98.0719715295217,-41.4698917967313,0.5858000000000001
dqn,656,-5.466787467868919,-39.48125573421692,0.5851666666666667
dqn,657,-237.66722119895127,-40.07173198431692,0.5845333333333333
dqn,658,-38.119671733260624,-41.29158241041742,0.5839000000000001
dqn,659,24.68654963434051,-39.24899141349984,0.5832666666666667
dqn,660,-217.1376900355684,-39.81485685704881,0.5826333333333333
dqn,661,15.580990127151042,-39.53799417116596,0.5820000000000001
dqn,662,-219.17701183138783,-43.62041710719909,0.5813666666666667
dqn,663,-145.1292160932704,-44.27842712034257,0.5807333333333333
dqn,664,-67.53061044766301,-46.38559004910517,0.5801000000000001
dqn,665,89.67171071049914,-43.33955187263268,0.5794666666666667
dqn,666,137.82093280888935,-40.309250624311765,0.5788333333333333
dqn,667,64.89635057609142,-37.49142037311338,0.5782
dqn,668,107.79341426657834,-34.34277081896439,0.5775666666666667
dqn,669,-74.90539252041987,-34.9527298780158,0.5769333333333333
dqn,670,-118.49624205565397,-36.105004125117745,0.5763
dqn,671,113.4217679552828,-33.906211066367746,0.5756666666666668
dqn,672,0.34597526384585775,-30.010099143973733,0.5750333333333333
dqn,673,-61.811458120329036,-30.364656255579515,0.5744
dqn,674,-43.99291719760918,-31.394368486069972,0.5737666666666668
dqn,675,-76.27219286813953,-31.060338023625135,0.5731333333333334
dqn,676,-61.12659336567034,-33.41204407033368,0.5725
dqn,677,18.523671984872465,-33.678232806049316,0.5718666666666667
dqn,678,-17.95625362431957,-33.324545574969555,0.5712333333333334
dqn,679,23.20519211315392,-32.32414551161472,0.5706
dqn,680,-93.75608351893446,-32.76382176426316,0.5699666666666667
dqn,681,-77.01136260574559,-34.441049946929645,0.5693333333333334
dqn,682,-9.469725150885601,-33.37112118590358,0.5687
dqn,683,12.153964696785277,-30.66262738547327,0.5680666666666667
dqn,684,-22.541677754080276,-30.828671735691316,0.5674333333333335
dqn,685,33.039348129422734,-29.583400543304837,0.5668
dqn,686,-43.299048594052174,-28.427444730944494,0.5661666666666667
dqn,687,-101.57502249360489,-33.077148687180504,0.5655333333333334
dqn,688,-45.77760455621918,-33.70320339181174,0.5649
dqn,689,-112.72838635299969,-36.77881494215226,0.5642666666666667
dqn,690,-2.707589301877765,-38.430626384783366,0.5636333333333334
dqn,691,-41.5671208118857,-38.58070731759321,0.563
dqn,692,-114.50297410373553,-36.89465993618912,0.5623666666666667
dqn,693,-7.872500389596489,-38.23336646914851,0.5617333333333334
dqn,694,-80.72109392699402,-41.21537081160689,0.5610999999999999
dqn,695,10.862643004570277,-40.93759874659553,0.5604666666666667
dqn,696,-266.4369432072142,-43.77472832836948,0.5598333333333334
dqn,697,-26.10316758980036,-43.36161662254599,0.5591999999999999
dqn,698,35.368738960601334,-44.08718235030012,0.5585666666666667
dqn,699,-54.344280454971496,-43.95537119410615,0.5579333333333334
dqn,700,-214.19685734959666,-48.44021749226904,0.5573
dqn,701,56.373746390260216,-45.426724418888725,0.5566666666666666
dqn,702,-43.69681633655084,-47.289745595126966,0.5560333333333334
dqn,703,13.888588383259808,-44.55839365153481,0.5554
dqn,704,-291.81919664064816,-47.50710192446844,0.5547666666666666
dqn,705,15.03992865001956,-45.24486392087761,0.5541333333333334
dqn,706,-103.01638216173335,-47.19585581475491,0.5535000000000001
dqn,707,38.74035075195568,-41.66770437573677,0.5528666666666666
dqn,708,-91.02819596587963,-42.72587486038915,0.5522333333333334
dqn,709,-130.90834986020232,-45.83777285028,0.5516000000000001
dqn,710,-17.717227550578567,-41.84936360058021,0.5509666666666666
dqn,711,-59.05080038012572,-43.34199941072574,0.5503333333333333
dqn,712,-83.9171013059302,-40.636801200216595,0.5497000000000001
dqn,713,-44.31233034154113,-38.620463485182,0.5490666666666666
dqn,714,-164.32710005550192,-40.55639327733879,0.5484333333333333
dqn,715,-189.93044683329097,-46.14843642821459,0.5478000000000001
dqn,716,-74.36038609183134,-50.39206280622901,0.5471666666666667
dqn,717,2.061422485148834,-51.648761368047865,0.5465333333333333
dqn,718,-185.59127286184918,-57.516455110616405,0.5459
dqn,719,-71.04905099826948,-57.43932828017339,0.5452666666666667
dqn,720,-100.294088876489,-57.0752852165901,0.5446333333333333
dqn,721,-205.6434751217569,-63.456590078130894,0.544
dqn,722,-169.766723298138,-66.85884404937057,0.5433666666666667
dqn,723,-208.05386005768082,-69.7836920881176,0.5427333333333333
dqn,724,-249.67975994908232,-73.89742894314708,0.5421
dqn,725,89.26529980541778,-70.58667908967591,0.5414666666666667
dqn,726,-91.25396884103597,-71.18922659918324,0.5408333333333333
dqn,727,-223.21135483653214,-76.02392713561133,0.5402
dqn,728,-59.4184732438669,-76.85317152800228,0.5395666666666666
dqn,729,-68.29430865971199,-78.68316154345958,0.5389333333333334
dqn,730,20.260443503859133,-76.40283100300371,0.5383
dqn,731,-155.44439142850595,-77.97149157945893,0.5376666666666667
dqn,732,44.62246123053973,-76.88964785183042,0.5370333333333334
dqn,733,-14.547762818882566,-77.42368240214377,0.5364
dqn,734,2.399337714311366,-76.92486209277594,0.5357666666666667
dqn,735,-46.085777041536424,-78.50736459619512,0.5351333333333333
dqn,736,-217.64282323844176,-81.99424008908292,0.5345
dqn,737,-43.13414570726851,-80.82542255335619,0.5338666666666667
dqn,738,-64.61197556124068,-81.20210997345663,0.5332333333333333
dqn,739,63.96827924708297,-77.66817666145496,0.5326
dqn,740,-57.92654846886271,-78.77255584479467,0.5319666666666667
dqn,741,-16.37830646696847,-78.26877955789631,0.5313333333333333
dqn,742,-57.333890343713996,-77.12539788269589,0.5307
dqn,743,11.848606270650492,-76.73097574949094,0.5300666666666667
dqn,744,-199.83741465002413,-79.11330216395154,0.5294333333333334
dqn,745,-102.86705370070277,-81.38789609805701,0.5288
dqn,746,-121.00263046627013,-78.47920984323814,0.5281666666666667
dqn,747,-298.275672775904,-83.92265994696021,0.5275333333333334
dqn,748,-35.9878190680507,-85.34979110753325,0.5269
dqn,749,-121.51228289928405,-86.69315115641952,0.5262666666666667
dqn,750,-0.26250659520815456,-82.41446414133173,0.5256333333333334
dqn,751,34.17349609828983,-82.85846914717112,0.525
dqn,752,-180.7791533449997,-85.60011588734012,0.5243666666666666
dqn,753,-45.65043265622919,-86.7908963081299,0.5237333333333334
dqn,754,-35.2681628816755,-81.65987563295043,0.5231
dqn,755,-17.04587812595203,-82.30159176846988,0.5224666666666666
dqn,756,-16.492953956795887,-80.57112320437113,0.5218333333333334
dqn,757,-82.05623111075084,-82.98705484162525,0.5212
dqn,758,-20.607443970265503,-81.57863980171298,0.5205666666666666
dqn,759,-66.9648494734451,-80.29976979397783,0.5199333333333334
dqn,760,-22.083424439271816,-80.38709373175169,0.5193000000000001
dqn,761,5.084672078707445,-79.10438428257501,0.5186666666666666
dqn,762,-78.33344911618019,-78.99271123878003,0.5180333333333333
dqn,763,82.10062787704905,-76.46445207440821,0.5174000000000001
dqn,764,-18.855650412201637,-73.55502308154222,0.5167666666666666
dqn,765,-130.6552024152677,-72.36951819318176,0.5161333333333333
dqn,766,-158.99215549862365,-74.06215358131759,0.5155000000000001
dqn,767,-185.65328239286097,-77.81644767887778,0.5148666666666666
dqn,768,8.119596518410107,-73.94223029127261,0.5142333333333333
dqn,769,120.9296780806725,-70.10265570969376,0.5136000000000001
dqn,770,-135.42979226284157,-70.80536977742082,0.5129666666666666
dqn,771,-222.388844833829,-71.14027717166226,0.5123333333333333
dqn,772,2.19359574200066,-67.70107079085949,0.5117
dqn,773,-106.14734162184324,-65.66294042214274,0.5110666666666667
dqn,774,-50.055645166512825,-61.67045812649135,0.5104333333333334
dqn,775,-61.89989625102336,-64.69376204762017,0.5098
dqn,776,17.159768674786648,-62.525487297303705,0.5091666666666667
dqn,777,-38.13186911827351,-58.82389758293854,0.5085333333333334
dqn,778,16.485542454147144,-57.30581726897826,0.5079
dqn,779,-89.9713220746658,-57.739357537277336,0.5072666666666666
dqn,780,-26.732727810003418,-58.67922096355459,0.5066333333333334
dqn,781,-65.01245338868537,-56.87058220275818,0.506
dqn,782,-121.80501068454046,-60.199131641059786,0.5053666666666666
dqn,783,35.498797956596476,-59.1982004255502,0.5047333333333334
dqn,784,-67.04960205267592,-60.58717922088995,0.5041
dqn,785,-219.4915377051773,-64.05529443416276,0.5034666666666667
dqn,786,15.274944236936388,-59.396939084655216,0.5028333333333334
dqn,787,-115.57326348186346,-60.8457214401471,0.5022
dqn,788,-188.68176975279363,-63.32711732397816,0.5015666666666667
dqn,789,-104.8268316358691,-66.70301954163719,0.5009333333333335
dqn,790,-83.35141060743149,-67.21151678440857,0.5003
dqn,791,-159.78781263403548,-70.07970690774994,0.4996666666666667
dqn,792,32.70794711871049,-68.27887015850143,0.49903333333333333
dqn,793,-10.118964285825834,-68.71822156963096,0.49839999999999995
dqn,794,65.75714722395915,-63.406330332151285,0.4977666666666667
dqn,795,-40.63040516416443,-62.161597361420526,0.4971333333333333
dqn,796,16.83925967287561,-59.404759558637615,0.49650000000000005
dqn,797,22.986395639576923,-52.97951819032799,0.4958666666666668
dqn,798,-36.39661832102391,-52.98769417538745,0.4952333333333334
dqn,799,-142.70891386868348,-53.41162679477544,0.49460000000000004
dqn,800,-38.92443660720496,-54.18486539501538,0.4939666666666668
dqn,801,10.922766476662726,-54.64987998744792,0.4933333333333334
dqn,802,20.551138272182545,-50.62327415510427,0.4927
dqn,803,49.394772124178516,-48.722370059496136,0.49206666666666676
dqn,804,-109.94200329430099,-50.215846867748624,0.4914333333333334
dqn,805,-41.584415377206724,-50.70661761277373,0.4908
dqn,806,13.831464970517699,-50.10012923422745,0.49016666666666675
dqn,807,-38.401851501915864,-49.22704164205075,0.4895333333333334
dqn,808,19.172558438759843,-48.43144159387024,0.4889
dqn,809,-182.2989344837938,-50.73812329407721,0.48826666666666674
dqn,810,-76.39474797958208,-51.824349764883415,0.48763333333333336
dqn,811,-31.693561665951744,-52.559914439776605,0.487
dqn,812,-109.7636328811567,-53.18851811507614,0.4863666666666667
dqn,813,-42.12599657184797,-55.673050604054076,0.48573333333333335
dqn,814,-20.45791792863083,-55.70509595438266,0.4851
dqn,815,-8.107951874016525,-53.25415094355763,0.4844666666666667
dqn,816,-92.76066565107644,-51.929521146606696,0.48383333333333334
dqn,817,-72.93202653134664,-49.67509602937641,0.48319999999999996
dqn,818,-101.54197922700598,-51.86832754428472,0.4825666666666667
dqn,819,24.05105910357001,-53.80589992382677,0.4819333333333333
dqn,820,-117.5408477977317,-53.44812103452458,0.48129999999999995
dqn,821,-29.911166379618905,-49.598567465440375,0.4806666666666667
dqn,822,-40.0420018570541,-50.443279417421465,0.4800333333333333
dqn,823,-185.75340688949328,-52.035400722774476,0.47939999999999994
dqn,824,-38.900171026957764,-51.81229123998338,0.4787666666666667
dqn,825,-23.388115963093465,-51.04205563422477,0.4781333333333333
dqn,826,-68.27612334357305,-52.750773474591966,0.47750000000000004
dqn,827,-22.452032962092503,-52.43717675146835,0.47686666666666677
dqn,828,-21.88884195912349,-53.20466443973376,0.4762333333333334
dqn,829,-161.93554252711405,-54.64394884878273,0.4756
dqn,830,-36.21295384218021,-54.83355336942627,0.47496666666666676
dqn,831,-58.22921229068953,-54.69788854746635,0.4743333333333334
dqn,832,-104.23238822564372,-54.346436098288414,0.4737
dqn,833,55.13356047046126,-53.95374084801111,0.47306666666666675
dqn,834,61.14014248261958,-51.38994595730521,0.47243333333333337
dqn,835,50.27589940471066,-45.99459721510744,0.4718
dqn,836,-93.96547108029648,-48.17940552145211,0.47116666666666673
dqn,837,-96.57723770462988,-47.799485005907435,0.47053333333333336
dqn,838,-134.5001610997578,-46.71585283284672,0.4699
dqn,839,-63.35894972717151,-45.88649519467276,0.4692666666666667
dqn,840,-109.92850965332367,-46.418037175590605,0.46863333333333335
dqn,841,-149.19808220063243,-46.20624256692255,0.46799999999999997
dqn,842,-213.59436656840558,-51.13228884066488,0.4673666666666667
dqn,843,-53.3701140055434,-51.997311835059215,0.46673333333333333
dqn,844,-260.5235455614858,-58.52292569076812,0.46609999999999996
dqn,845,-7.4957182078490785,-57.86023195164181,0.4654666666666667
dqn,846,-37.48895150525153,-58.94679617520436,0.4648333333333333
dqn,847,-25.09019138305736,-59.90832791565705,0.46420000000000006
dqn,848,-141.882713371049,-62.01804981665754,0.4635666666666667
dqn,849,31.664325133879412,-58.53058503660628,0.4629333333333333
dqn,850,-73.86440854726598,-59.22938447540751,0.46230000000000004
dqn,851,-40.8093431399547,-60.264026667739856,0.46166666666666667
dqn,852,-182.9701786238564,-64.33445300566063,0.4610333333333333
dqn,853,-49.316373405227495,-66.30867591624875,0.46040000000000003
dqn,854,18.720754737506073,-63.735420755612616,0.45976666666666666
dqn,855,3.4593168394793445,-62.8345461112789,0.4591333333333333
dqn,856,-39.938859146483075,-63.90995259361891,0.4585
dqn,857,39.0192234169047,-62.36153109524249,0.45786666666666676
dqn,858,-48.01378172747439,-63.705257898567176,0.4572333333333334
dqn,859,-15.824179977057634,-60.37576280843246,0.4566000000000001
dqn,860,-84.64207326021292,-60.540709314045074,0.45596666666666674
dqn,861,-3.0908386478306045,-59.96865485368266,0.45533333333333337
dqn,862,9.700449869020417,-57.57937319867911,0.4547000000000001
dqn,863,28.688055064776083,-56.16309216594663,0.45406666666666673
dqn,864,4.166721145158981,-55.670599384470826,0.45343333333333335
dqn,865,-117.40520854939356,-57.85654451797837,0.4528000000000001
dqn,866,-33.06315655366759,-56.66259433603019,0.4521666666666667
dqn,867,-62.91835627060096,-56.46232093081529,0.45153333333333334
dqn,868,-266.82956662405377,-59.76807267875623,0.4509000000000001
dqn,869,-108.1400493779208,-62.41189484838605,0.4502666666666667
dqn,870,-157.97733979746215,-63.22062468838066,0.44963333333333333
dqn,871,-81.65588443907347,-64.25551904956974,0.44900000000000007
dqn,872,-57.32942940931177,-64.6012676006149,0.4483666666666667
dqn,873,-71.31568745225437,-62.31251321187012,0.4477333333333333
dqn,874,33.156816883259516,-60.871373453665775,0.44710000000000005
dqn,875,-210.47497594676756,-64.61311065333926,0.4464666666666667
dqn,876,33.045087415259964,-62.58668643816261,0.4458333333333333
dqn,877,-48.3074594915259,-63.10379496875128,0.44520000000000004
dqn,878,32.409236223221384,-62.017833405104376,0.44456666666666667
dqn,879,-41.88376435060778,-59.61679784157425,0.4439333333333333
dqn,880,-64.76806521706717,-60.187900069071986,0.4433
dqn,881,-1.6651557644309107,-59.056618938546805,0.44266666666666665
dqn,882,-237.19274145060814,-61.715826003046104,0.4420333333333333
dqn,883,-31.879054837730035,-63.45607830920992,0.4414
dqn,884,-86.75720150688312,-66.41402518899999,0.44076666666666664
dqn,885,-152.22201266573168,-70.46398343040883,0.44013333333333327
dqn,886,-184.4698705301472,-72.27407141940584,0.4395
dqn,887,-239.60734093221745,-75.1346734839576,0.43886666666666674
dqn,888,-102.30732040725427,-74.49081667010753,0.43823333333333336
dqn,889,-231.92539353606944,-77.86214554628549,0.4376000000000001
dqn,890,42.65789443177237,-74.81041746458357,0.4369666666666667
dqn,891,-18.45059396572954,-72.19546769988551,0.43633333333333335
dqn,892,-33.694291819328285,-68.59746620490397,0.4357000000000001
dqn,893,-21.844263539651237,-67.96694919558611,0.4350666666666667
dqn,894,-43.31042193084401,-63.622686722973285,0.43443333333333334
dqn,895,31.193095017024696,-62.8489104584758,0.4338000000000001
dqn,896,-13.415915614181825,-62.36744974065441,0.4331666666666667
dqn,897,-110.22972717956637,-64.0702404565846,0.4325333333333333
dqn,898,27.67580553721237,-60.67907007841937,0.43190000000000006
dqn,899,-259.9040840679234,-66.51043826245542,0.4312666666666667
dqn,900,-55.53763518994027,-66.14390279530892,0.4306333333333333
dqn,901,-114.75143775916985,-67.62274468769321,0.43000000000000005
dqn,902,-19.055004089642928,-64.34444119700893,0.4293666666666667
dqn,903,-108.09146441234341,-65.51994301715125,0.4287333333333333
dqn,904,28.50650388537403,-65.32422803419391,0.42810000000000004
dqn,905,43.73520085920004,-64.51871035379948,0.42746666666666666
dqn,906,-17.2584233779698,-64.06510163842921,0.4268333333333333
dqn,907,-167.71790201388364,-68.19984414704498,0.4262
dqn,908,-73.45676682828206,-68.70870384906114,0.42556666666666665
dqn,909,-158.43874002587785,-71.56099505003755,0.4249333333333334
dqn,910,-10.640323753390685,-70.0809600599011,0.4243
dqn,911,41.04410781270107,-69.19826113069047,0.42366666666666664
dqn,912,-114.2656172921919,-71.67758247391471,0.4230333333333334
dqn,913,28.107228558852604,-71.68919900403318,0.4224
dqn,914,-262.40683620112134,-77.0206701509588,0.4217666666666666
dqn,915,-13.559932261081647,-74.94376462519254,0.42113333333333336
dqn,916,-65.9078539726973,-75.60065857357314,0.4205
dqn,917,-34.79916247427988,-75.03827469764673,0.4198666666666667
dqn,918,45.50528683496296,-68.79157762846638,0.41923333333333346
dqn,919,82.94202038386034,-64.96993623323077,0.4186000000000001
dqn,920,-20.43232754998678,-62.219035988281256,0.4179666666666667
dqn,921,-217.50643438942555,-64.93604698728831,0.41733333333333344
dqn,922,2.379422794508253,-63.741869943211896,0.41670000000000007
dqn,923,21.68198778724914,-61.88191643842183,0.4160666666666667
dqn,924,-117.43788666780266,-64.89381050944307,0.41543333333333343
dqn,925,-29.475067557068545,-61.273812341649084,0.41480000000000006
dqn,926,-98.84896410512427,-63.91169337205677,0.4141666666666667
dqn,927,19.908154805727882,-62.54738108611169,0.4135333333333334
dqn,928,-71.0060848410264,-64.61568750739666,0.41290000000000004
dqn,929,62.845429755167466,-62.52110362528114,0.41226666666666667
dqn,930,21.286745950769777,-60.800007401924404,0.4116333333333334
dqn,931,-262.1425565986152,-66.0095554186081,0.41100000000000003
dqn,932,-92.29616639762881,-63.11162391754851,0.41036666666666666
dqn,933,50.00307599080179,-61.47398130097788,0.4097333333333334
dqn,934,-39.762329843607525,-60.534083867712354,0.4091
dqn,935,-63.66955403586818,-58.763034695115095,0.40846666666666664
dqn,936,50.807089629463285,-54.05749549192288,0.4078333333333334
dqn,937,46.96654479931417,-48.32601777729224,0.4072
dqn,938,57.91102248804688,-45.12165091938622,0.40656666666666663
dqn,939,-200.44341600359562,-44.492011368736755,0.40593333333333337
dqn,940,-91.48160093879156,-47.17480127614804,0.4053
dqn,941,-202.4974227283915,-50.855737851401265,0.4046666666666666
dqn,942,-95.58860146419424,-52.09362404429859,0.40403333333333336
dqn,943,-70.51876833635372,-53.06711414023264,0.4034
dqn,944,-197.6694325113791,-56.15429435184333,0.4027666666666666
dqn,945,22.44136508583027,-56.32932895046722,0.40213333333333334
dqn,946,-9.810158578048897,-56.25721380974456,0.4015000000000001
dqn,947,50.09361972860726,-53.0507468715811,0.4008666666666667
dqn,948,-134.2293759193152,-56.28885050071164,0.40023333333333344
dqn,949,47.90111339465552,-50.132746551460066,0.39960000000000007
dqn,950,-254.9624639443635,-54.121243126548535,0.3989666666666667
dqn,951,-110.19344832209754,-54.03008333780709,0.39833333333333343
dqn,952,1.5599438030106159,-53.61778437995402,0.39770000000000005
dqn,953,-18.92772751819133,-51.83450964207097,0.3970666666666667
dqn,954,-63.348876071144744,-53.67161724120135,0.3964333333333334
dqn,955,51.356881292460365,-53.51918363253614,0.39580000000000004
dqn,956,-166.90232691316143,-56.51206170323998,0.39516666666666667
dqn,957,0.9116210802419152,-53.13947124135747,0.3945333333333334
dqn,958,-68.06073917846392,-53.0315506883611,0.39390000000000003
dqn,959,-121.07475832773068,-52.28427105439817,0.39326666666666665
dqn,960,-39.19093993628522,-52.85528337805606,0.3926333333333334
dqn,961,9.986562685728067,-53.47643428059552,0.392
dqn,962,82.84096182426006,-49.53430269826647,0.39136666666666664
dqn,963,19.47397637173805,-49.70696774200877,0.3907333333333334
dqn,964,16.529267847848544,-44.12824566102937,0.3901
dqn,965,-64.88800103386446,-45.154807036485025,0.3894666666666666
dqn,966,-189.3103601163859,-47.622857159358794,0.38883333333333336
dqn,967,-213.14623783281343,-51.18979866652946,0.3882
dqn,968,-4.1250005385392985,-52.1824044139995,0.3875666666666666
dqn,969,90.1817550347019,-52.03760972098267,0.38693333333333335
dqn,970,-52.09372218415025,-52.67083761366596,0.3863
dqn,971,17.56441651936394,-47.96942059549016,0.3856666666666667
dqn,972,-43.711812869615876,-48.89124530877265,0.38503333333333334
dqn,973,28.446060234245618,-48.75596385983272,0.38439999999999996
dqn,974,51.74267670289669,-45.372352592418736,0.3837666666666667
dqn,975,9.305886475717497,-44.59673351176301,0.3831333333333333
dqn,976,146.88389510113004,-39.68207632763792,0.38250000000000006
dqn,977,-17.66752369818054,-40.4335898977161,0.3818666666666668
dqn,978,121.6403624607516,-36.58066095168053,0.3812333333333334
dqn,979,-102.19733789185833,-39.88151630462105,0.38060000000000005
dqn,980,40.54509666355073,-39.49634929036542,0.3799666666666668
dqn,981,-116.0214956031954,-36.573928070457036,0.3793333333333334
dqn,982,-168.53839080300327,-38.09877255856452,0.37870000000000004
dqn,983,72.59179723059503,-37.646998133768655,0.3780666666666668
dqn,984,12.92449279023658,-36.59326168109177,0.3774333333333334
dqn,985,-25.010101871855895,-35.82007263781152,0.3768
dqn,986,40.36599120542518,-36.02889460629229,0.37616666666666676
dqn,987,-13.11473873825854,-37.23052027704374,0.3755333333333334
dqn,988,7.232248329819758,-38.244095760208275,0.3749
dqn,989,-7.087520237896189,-34.37697784489429,0.37426666666666675
dqn,990,31.994153632359946,-31.907462753471265,0.3736333333333334
dqn,991,28.491605413230516,-27.287682190638826,0.373
dqn,992,-23.17484846742552,-25.839407130703453,0.37236666666666673
dqn,993,-22.52795548245441,-24.879590873625467,0.37173333333333336
dqn,994,-46.69460027764979,-21.860094228950878,0.3711
dqn,995,-179.83312516952262,-25.905584034057938,0.3704666666666667
dqn,996,-27.381411507359903,-26.257009092644157,0.36983333333333335
dqn,997,-35.90313075484493,-27.976944102313198,0.3692
dqn,998,21.711901053465457,-24.858118562857584,0.3685666666666667
dqn,999,100.67363178953065,-23.802668194960084,0.36793333333333333
dqn,1000,-1.6977908327028413,-18.73737473272687,0.36729999999999996
dqn,1001,-157.23235296747183,-19.678152825634356,0.3666666666666667
dqn,1002,-55.90650841993367,-20.827481870093244,0.3660333333333333
dqn,1003,-12.660527114766515,-20.702137862024742,0.36539999999999995
dqn,1004,20.389089822998013,-19.02737854414189,0.3647666666666667
dqn,1005,-251.91236180713955,-25.09276340613389,0.3641333333333333
dqn,1006,-185.8463140135417,-25.471643148141492,0.36350000000000005
dqn,1007,-122.19642469788786,-27.93380406370409,0.3628666666666668
dqn,1008,94.36111037805864,-24.68536707257364,0.3622333333333334
dqn,1009,-34.55641312313564,-22.95500016848174,0.36160000000000003
dqn,1010,-11.937207674233424,-22.409925523240698,0.36096666666666677
dqn,1011,-13.899919217781047,-22.88765516131088,0.3603333333333334
dqn,1012,-249.3163153768701,-29.530800705333487,0.3597
dqn,1013,-148.82801362726667,-32.896840505313584,0.35906666666666676
dqn,1014,-182.33952033347921,-36.87421626894014,0.3584333333333334
dqn,1015,-35.71523741619883,-36.290760996586826,0.3578
dqn,1016,5.649973958856949,-32.39155431508197,0.35716666666666674
dqn,1017,41.62176472673932,-27.29619426389092,0.35653333333333337
dqn,1018,-11.996649432100606,-27.453627241762145,0.3559
dqn,1019,119.02323491639702,-26.87679764412824,0.35526666666666673
dqn,1020,5.851128020130492,-25.717900640042618,0.35463333333333336
dqn,1021,-82.10062305144123,-27.71120143145873,0.354
dqn,1022,-42.99400999190537,-27.696845373904516,0.3533666666666667
dqn,1023,16.088604704680566,-27.94399448449582,0.35273333333333334
dqn,1024,-35.38014150824691,-29.686450848718682,0.35209999999999997
dqn,1025,1.576103123862223,-29.841046515755803,0.3514666666666667
dqn,1026,42.02482867352239,-31.93822784430795,0.35083333333333333
dqn,1027,76.54700016440142,-30.05393736705631,0.35019999999999996
dqn,1028,-279.5020152457182,-38.0767849211857,0.3495666666666667
dqn,1029,-151.7380092743573,-39.06759834883569,0.3489333333333333
dqn,1030,1.1365721127727384,-39.855768839851244,0.34829999999999994
dqn,1031,-154.39000032040119,-40.62313893419536,0.3476666666666667
dqn,1032,-11.25143081360016,-37.47739973440729,0.3470333333333333
dqn,1033,-124.2893263557699,-41.4150222061346,0.34640000000000004
dqn,1034,19.75614030498098,-41.27838925583971,0.34576666666666667
dqn,1035,29.01990893406041,-40.19778903972138,0.3451333333333333
dqn,1036,2.790922487814385,-40.949290414073594,0.34450000000000003
dqn,1037,-41.426808360005,-41.51553180650853,0.34386666666666676
dqn,1038,25.652475058795922,-41.147127271929,0.3432333333333334
dqn,1039,-34.20828069751585,-41.689542481121386,0.3426000000000001
dqn,1040,27.456556055921087,-41.78029443265017,0.34196666666666675
dqn,1041,-111.36049796341644,-44.57733650018311,0.3413333333333334
dqn,1042,-216.38887274303124,-48.44161698569522,0.3407000000000001
dqn,1043,-41.541852128759885,-48.821894918621325,0.34006666666666674
dqn,1044,-65.56177729243325,-49.199238458916994,0.33943333333333336
dqn,1045,-13.179824443751631,-45.86617244440159,0.3388000000000001
dqn,1046,9.950450201946436,-45.11953521021546,0.3381666666666667
dqn,1047,-46.003510144947164,-45.3215427980175,0.33753333333333335
dqn,1048,-74.89702812629551,-47.25372138161272,0.3369000000000001
dqn,1049,-21.976673309431057,-49.706727483591955,0.3362666666666667
dqn,1050,-62.91491321949165,-50.93106993132774,0.33563333333333334
dqn,1051,-195.3129543291756,-51.69268195856181,0.3350000000000001
dqn,1052,-180.83138973464244,-54.19117958485599,0.3343666666666667
dqn,1053,89.6187862764576,-52.1455933170315,0.3337333333333333
dqn,1054,-94.53081074750907,-54.44399132844164,0.33310000000000006
dqn,1055,-164.61846421234088,-52.69811337654567,0.3324666666666667
dqn,1056,-71.87552711850402,-50.418697638644915,0.3318333333333333
dqn,1057,-172.03976567957568,-51.41556445827868,0.33120000000000005
dqn,1058,77.28356937255306,-51.757115278388795,0.3305666666666667
dqn,1059,-63.55978484285403,-52.33718271278316,0.3299333333333333
dqn,1060,-18.082497015511844,-52.460088499608716,0.32930000000000004
dqn,1061,-83.06701964753674,-53.84343050820383,0.32866666666666666
dqn,1062,70.17754401160985,-47.45355332043423,0.3280333333333333
dqn,1063,-107.47152419376982,-46.626423531764296,0.3274
dqn,1064,-241.68193098874835,-47.813271744869674,0.32676666666666665
dqn,1065,-30.454937366879218,-47.70806574388329,0.3261333333333333
dqn,1066,32.11561910032499,-47.17875284105392,0.3255
dqn,1067,-18.659087659787065,-48.38436988878445,0.32486666666666675
dqn,1068,-44.51676001789331,-49.03477210050031,0.3242333333333334
dqn,1069,-67.85216691650676,-52.77228013715839,0.3236000000000001
dqn,1070,-158.50182977443203,-56.05933929304963,0.32296666666666674
dqn,1071,-55.253549198592026,-55.52239781599265,0.32233333333333336
dqn,1072,10.784587536453635,-54.446825865425474,0.3217000000000001
dqn,1073,-32.099757482667805,-55.41059310917244,0.3210666666666667
dqn,1074,28.34811602340239,-54.13602795853945,0.32043333333333335
dqn,1075,53.85597712012759,-53.09043047861415,0.3198000000000001
dqn,1076,71.44790110849264,-52.50196902991475,0.3191666666666667
dqn,1077,-83.61645946528613,-55.705238222508484,0.31853333333333333
dqn,1078,-90.02433812415126,-51.915684680077156,0.31790000000000007
dqn,1079,-238.00541179120862,-53.64103273041418,0.3172666666666667
dqn,1080,-46.44775315012707,-54.59271923567218,0.3166333333333333
dqn,1081,-178.5562102067328,-55.07604343339881,0.31600000000000006
dqn,1082,-127.41590492540823,-57.39933291563497,0.3153666666666667
dqn,1083,-197.85118293832113,-58.870570047285995,0.3147333333333333
dqn,1084,-58.429412142442715,-60.43428109623447,0.31410000000000005
dqn,1085,-89.38813361646532,-62.80244194724498,0.31346666666666667
dqn,1086,-63.290875611972815,-64.12407790924073,0.3128333333333333
dqn,1087,-210.81136836900805,-67.5117691094208,0.31220000000000003
dqn,1088,-151.2630088769646,-71.05007878813599,0.31156666666666666
dqn,1089,-82.8391202051923,-72.02269557828953,0.3109333333333333
dqn,1090,-176.25323583547905,-76.09689141611753,0.3103
dqn,1091,-109.3957063904735,-76.05759558465869,0.30966666666666665
dqn,1092,-56.560620911686144,-72.86103054803178,0.30903333333333327
dqn,1093,90.91034401712629,-70.21198662511405,0.3084
dqn,1094,-24.55595726162837,-69.39187022449795,0.30776666666666663
dqn,1095,-54.051978963141416,-70.20931331488573,0.30713333333333337
dqn,1096,-190.31739501410013,-74.21467021920667,0.3065
dqn,1097,-47.687795174680666,-74.24835591980133,0.30586666666666673
dqn,1098,-5.227383996924709,-72.85496303721393,0.30523333333333347
dqn,1099,29.82651872296011,-71.81889919656611,0.3046000000000001
dqn,1100,-51.55710681370958,-71.59174306845047,0.3039666666666667
dqn,1101,-29.970664318706213,-68.28489726824108,0.30333333333333345
dqn,1102,54.62629811699609,-63.5757435112083,0.3027000000000001
dqn,1103,21.20357066646249,-64.94404782340821,0.3020666666666667
dqn,1104,-232.3069051380402,-67.69956971121884,0.30143333333333344
dqn,1105,-216.67768187599606,-68.74075406449192,0.30080000000000007
dqn,1106,-162.47811637326726,-70.55280584958719,0.3001666666666667
dqn,1107,-58.94145317795121,-68.2908395995547,0.29953333333333343
dqn,1108,-121.72879893092825,-72.27108696562432,0.29890000000000005
dqn,1109,-188.87345005897546,-74.77736026994677,0.2982666666666667
dqn,1110,-119.73657326155222,-76.81044179486756,0.2976333333333334
dqn,1111,9.108836143092779,-74.96692467905497,0.29700000000000004
dqn,1112,-115.65417267752355,-78.68355901283763,0.29636666666666667
dqn,1113,-25.80456788531054,-77.05021988666846,0.2957333333333334
dqn,1114,4.595619969813531,-72.12466886749722,0.29510000000000003
dqn,1115,-78.69639291571018,-73.08949797847384,0.29446666666666665
dqn,1116,-3.665529344503913,-73.80512094737041,0.2938333333333334
dqn,1117,-101.44636647544161,-75.4608665236835,0.2932
dqn,1118,-23.371687115659356,-75.03796506563884,0.29256666666666664
dqn,1119,-19.19507115342652,-74.06482315037722,0.2919333333333334
dqn,1120,-32.68462768463012,-71.54847910858118,0.2913
dqn,1121,-249.88132964080344,-75.44103471742541,0.29066666666666663
dqn,1122,48.46458345783807,-74.68743479899773,0.29003333333333337
dqn,1123,-130.56155713302937,-76.65667079200496,0.2894
dqn,1124,-26.96810873166975,-77.7629952871064,0.2887666666666666
dqn,1125,-150.611138353352,-81.85233759657599,0.28813333333333335
dqn,1126,58.749867414533384,-82.10629827045517,0.2875000000000001
dqn,1127,23.869937999007806,-79.9565703211693,0.2868666666666667
dqn,1128,-105.39908623954928,-80.26406528347727,0.28623333333333345
dqn,1129,7.197103902611871,-75.36001496960085,0.2856000000000001
dqn,1130,-158.33533528771437,-77.5977666123526,0.2849666666666667
dqn,1131,146.40737012802094,-71.09849500565753,0.28433333333333344
dqn,1132,-81.07769888080495,-70.17173088476547,0.28370000000000006
dqn,1133,93.53698412093439,-64.34396754358035,0.2830666666666667
dqn,1134,30.120181474641306,-62.57297567123867,0.2824333333333334
dqn,1135,-46.65681994945899,-61.71834939789855,0.28180000000000005
dqn,1136,-184.1766916655482,-64.13606571897006,0.2811666666666667
dqn,1137,10.670538519242863,-59.70642758120504,0.2805333333333334
dqn,1138,8.907417196973325,-56.503019059726284,0.27990000000000004
dqn,1139,-159.83334975830073,-58.042903650788446,0.27926666666666666
dqn,1140,16.973256776103653,-54.178373798556784,0.2786333333333334
dqn,1141,-47.28756597647449,-52.936210990276805,0.278
dqn,1142,-61.21207689682213,-53.029240109979526,0.27736666666666665
dqn,1143,-98.34669814622941,-56.81438095324663,0.2767333333333334
dqn,1144,7.735698845262636,-56.168547831108825,0.2761
dqn,1145,-2.7759905984069357,-55.143028063814135,0.27546666666666664
dqn,1146,-81.46333179567634,-52.96594679944565,0.2748333333333334
dqn,1147,92.1606395817762,-50.16897810431651,0.2742
dqn,1148,40.65129851143148,-49.251404454149394,0.2735666666666666
dqn,1149,1.8918013446271453,-49.81009880171605,0.27293333333333336
dqn,1150,-252.9067497283025,-53.83709166000792,0.2723
dqn,1151,4.709606566695235,-53.14348624229989,0.2716666666666666
dqn,1152,-15.151220285707803,-54.53903661035397,0.27103333333333335
dqn,1153,144.1378944409062,-52.080350134865085,0.2704
dqn,1154,-4.820481285006145,-47.53062165780441,0.2697666666666666
dqn,1155,-78.62517425124216,-44.769571505309344,0.26913333333333334
dqn,1156,-62.953511241902824,-42.77907940268204,0.26850000000000007
dqn,1157,-119.02307177578467,-43.98071177463871,0.2678666666666667
dqn,1158,80.32977860140105,-39.93954022399212,0.26723333333333343
dqn,1159,-41.45463986841123,-36.99116402018084,0.26660000000000006
dqn,1160,46.20094578853329,-33.672413639179126,0.2659666666666668
dqn,1161,26.122443181243778,-33.33214149841611,0.2653333333333334
dqn,1162,0.47402117946909567,-31.009577621276257,0.26470000000000005
dqn,1163,-142.0192830387985,-33.33387192434601,0.2640666666666668
dqn,1164,34.58158895759711,-32.73415254459034,0.2634333333333334
dqn,1165,-41.434844859610344,-31.988921583468347,0.26280000000000003
dqn,1166,-148.70196024239942,-34.88965020142626,0.26216666666666677
dqn,1167,-67.23050482769405,-34.2053329684713,0.2615333333333334
dqn,1168,9.749155952402711,-33.54291610711006,0.2609
dqn,1169,-125.0908191053087,-35.6608310661477,0.26026666666666676
dqn,1170,-11.5351628887281,-35.237841770229664,0.2596333333333334
dqn,1171,140.30471550410277,-27.43412086733154,0.259
dqn,1172,35.016897261469204,-27.70307459125892,0.25836666666666674
dqn,1173,19.9732323456344,-24.692378801685646,0.25773333333333337
dqn,1174,21.100655883637774,-23.731003509379498,0.2571
dqn,1175,10.751380943083065,-20.503753123450792,0.25646666666666673
dqn,1176,62.10360899476755,-20.436678291846107,0.25583333333333336
dqn,1177,60.234688843030035,-19.709383274965663,0.2552
dqn,1178,13.578184333133171,-17.329837863512015,0.2545666666666667
dqn,1179,-80.38759950434746,-19.0815319316512,0.25393333333333334
dqn,1180,-8.795819703126623,-16.09074161995945,0.25329999999999997
dqn,1181,-58.32028759551401,-20.185294774430147,0.2526666666666667
dqn,1182,20.546090296210565,-18.152818990889838,0.25203333333333333
dqn,1183,-53.303558134240596,-21.089629835993335,0.25139999999999996
dqn,1184,-178.60743906081305,-25.264182246702422,0.2507666666666667
dqn,1185,67.91191595803272,-22.97280752855259,0.2501333333333333
dqn,1186,-20.243452052644734,-19.69414273629452,0.24950000000000006
dqn,1187,6.915994264001143,-19.769233621399355,0.2488666666666668
dqn,1188,90.25149723469534,-18.142352020644914,0.24823333333333342
dqn,1189,-40.877019613385315,-15.763225417746606,0.24760000000000004
dqn,1190,86.41592257668873,-14.374372101734902,0.24696666666666678
dqn,1191,-8.027963120130181,-13.589180044608016,0.2463333333333334
dqn,1192,1.4457166760215152,-12.33602417315114,0.24570000000000003
dqn,1193,41.79974432750233,-9.533095323676505,0.24506666666666677
dqn,1194,-284.84214845943853,-15.384652269770532,0.2444333333333334
dqn,1195,10.044578346925137,-15.128240890863887,0.24380000000000002
dqn,1196,-4.619684650504341,-13.591367947960448,0.24316666666666675
dqn,1197,-82.92431621812037,-17.09306706395838,0.24253333333333338
dqn,1198,-130.9444540315643,-20.524982114818293,0.2419
dqn,1199,114.78825619156979,-18.267053017879444,0.24126666666666674
dqn,1200,2.577493188723249,-13.15736815953893,0.24063333333333337
dqn,1201,-21.233180419027494,-13.676223899253385,0.24
dqn,1202,172.12721364981968,-9.930655220542834,0.23936666666666673
dqn,1203,-35.705741040311885,-13.527527930167196,0.23873333333333335
dqn,1204,17.350535919893545,-13.084107586069203,0.23809999999999998
dqn,1205,-54.6673900153064,-12.60495190135049,0.23746666666666671
dqn,1206,75.14787641854552,-9.84292414814152,0.23683333333333334
dqn,1207,37.68554692604464,-6.708751774104935,0.23619999999999997
dqn,1208,58.57468961347926,-7.143853553863371,0.2355666666666667
dqn,1209,50.98469152113836,-5.295066926072379,0.23493333333333333
dqn,1210,-114.21231613108264,-8.503332164464698,0.23429999999999995
dqn,1211,-253.8931255968604,-14.103643540026782,0.2336666666666667
dqn,1212,-2.543311371430454,-14.163990191044773,0.23303333333333331
dqn,1213,4.259277803524423,-11.238418974198314,0.23239999999999994
dqn,1214,39.73110819069317,-11.13542858953639,0.23176666666666668
dqn,1215,47.86740050378571,-9.349383682268474,0.2311333333333333
dqn,1216,185.04050863665427,-2.674534304687398,0.23050000000000004
dqn,1217,-44.90029530675798,-2.2279301142686774,0.22986666666666677
dqn,1218,18.85955155843462,-2.045722202148038,0.2292333333333334
dqn,1219,-79.93377211628022,-1.1425812623674714,0.22860000000000003
dqn,1220,-174.83640011397807,-4.408606006872468,0.22796666666666676
dqn,1221,-173.05099578179394,-10.675720232590404,0.2273333333333334
dqn,1222,-9.282084588801892,-11.561699869595827,0.22670000000000012
dqn,1223,-124.81752096918923,-14.4575149358923,0.22606666666666675
dqn,1224,-70.40691508429919,-16.287666355251034,0.22543333333333337
dqn,1225,-64.58803422453033,-17.794454658603303,0.2248000000000001
dqn,1226,0.2680861225434111,-19.031165116047788,0.22416666666666674
dqn,1227,-116.94006439978142,-22.574660180904015,0.22353333333333336
dqn,1228,-14.220112667221889,-23.130626120911117,0.2229000000000001
dqn,1229,-92.15401376472768,-23.36595440611872,0.22226666666666672
dqn,1230,-65.51105783496854,-24.500259168755566,0.22163333333333335
dqn,1231,-29.721010249976256,-23.928273621844802,0.22100000000000009
dqn,1232,-13.501294223204324,-24.6092213122331,0.2203666666666667
dqn,1233,-49.40174039519911,-24.53118495745227,0.21973333333333334
dqn,1234,-118.49203202014625,-23.32887681663894,0.21910000000000007
dqn,1235,-170.39154224507584,-28.09494598070111,0.2184666666666667
dqn,1236,-94.50351741310335,-29.580147287910282,0.21783333333333332
dqn,1237,-96.34465552962345,-31.645360283782765,0.21720000000000006
dqn,1238,-62.94596209061917,-34.70930947028906,0.21656666666666669
dqn,1239,-3.5556885220542194,-33.96288284846244,0.2159333333333333
dqn,1240,38.32351615014181,-34.92473097699338,0.21530000000000005
dqn,1241,17.324777162164455,-34.41767617134749,0.21466666666666667
dqn,1242,20.909856572388485,-34.028393373420144,0.2140333333333333
dqn,1243,-44.553069064770845,-35.75544964126561,0.21340000000000003
dqn,1244,-96.66242987118224,-31.991855269500483,0.21276666666666666
dqn,1245,-141.98693869265344,-35.032485610292056,0.21213333333333328
dqn,1246,-12.502176645517956,-35.19013545019233,0.21150000000000002
dqn,1247,8.831242836426595,-33.35502426910139,0.21086666666666676
dqn,1248,-46.850974362291026,-31.673154675715924,0.21023333333333338
dqn,1249,-166.08485280326087,-37.290616855612534,0.20960000000000012
dqn,1250,-2.8713575380404177,-37.39959387014781,0.20896666666666674
dqn,1251,85.14518471632232,-35.27202656744082,0.20833333333333337
dqn,1252,-9.378909828772398,-38.90214903701265,0.2077000000000001
dqn,1253,80.48430859294534,-36.57834804434751,0.20706666666666673
dqn,1254,-67.08635539248395,-38.267085870595054,0.20643333333333336
dqn,1255,-167.85021382157976,-40.53074234672053,0.2058000000000001
dqn,1256,96.60607696139218,-40.1015783358636,0.20516666666666672
dqn,1257,80.7397305612729,-39.24049466315903,0.20453333333333334
dqn,1258,-133.566647153791,-43.08332139850443,0.20390000000000008
dqn,1259,-22.103843143105117,-44.545092091789314,0.2032666666666667
dqn,1260,-180.78370280958794,-45.87651982535941,0.20263333333333333
dqn,1261,-147.88680873994522,-43.75639348822111,0.20200000000000007
dqn,1262,-19.569426504965442,-44.096915790891806,0.2013666666666667
dqn,1263,-45.83417483057757,-45.098784843573846,0.20073333333333332
dqn,1264,-61.43825518961064,-47.122172111179914,0.20010000000000006
dqn,1265,15.443614093267598,-47.770647839390286,0.19946666666666668
dqn,1266,40.96697406708304,-50.652118530781706,0.1988333333333333
dqn,1267,15.655902935341993,-49.44099456593971,0.19820000000000004
dqn,1268,-10.239612104617738,-50.022977839200756,0.19756666666666667
dqn,1269,-96.40693409885043,-50.35244107885216,0.1969333333333333
dqn,1270,8.107098382333712,-46.69357110892592,0.19630000000000003
dqn,1271,-77.61988192061897,-44.78494883170242,0.19566666666666666
dqn,1272,63.037353811600696,-43.33856006369437,0.19503333333333328
dqn,1273,-119.65280640701066,-43.2352657724508,0.19440000000000002
dqn,1274,-116.78599834966708,-44.16284743775815,0.19376666666666664
dqn,1275,79.32607327136992,-41.28456528784016,0.19313333333333327
dqn,1276,-131.76005027932817,-43.92512801587759,0.1925
dqn,1277,-95.28445716572551,-43.49201587119647,0.19186666666666674
dqn,1278,42.3195898761286,-42.361221820329455,0.19123333333333337
dqn,1279,-99.39845016462677,-42.50611054832744,0.1906000000000001
dqn,1280,55.98155351768056,-40.07625832127446,0.18996666666666673
dqn,1281,-145.56744771333072,-42.39318707054154,0.18933333333333335
dqn,1282,-10.086550265956795,-42.32489219139659,0.1887000000000001
dqn,1283,-28.5686044684997,-41.908229472862615,0.18806666666666672
dqn,1284,-63.88324602649528,-40.81605375298959,0.18743333333333345
dqn,1285,-7.301644623091777,-37.55425580054991,0.18680000000000008
dqn,1286,26.187256580916547,-35.14044032066951,0.1861666666666667
dqn,1287,53.437272490487324,-32.14480176026729,0.18553333333333344
dqn,1288,-57.82387308463986,-32.0423599801477,0.18490000000000006
dqn,1289,45.05431120434505,-31.070159985619718,0.1842666666666667
dqn,1290,-72.32117095169573,-33.28305372765647,0.18363333333333343
dqn,1291,-261.2410244979022,-38.8543697608578,0.18300000000000005
dqn,1292,-15.05473218086006,-39.573661535922774,0.18236666666666668
dqn,1293,-276.90802018172263,-44.22076055826181,0.1817333333333334
dqn,1294,112.0384554753774,-40.04674285133063,0.18110000000000004
dqn,1295,106.09878791278604,-35.085028319221834,0.18046666666666666
dqn,1296,-40.8409709135516,-35.651804204582504,0.1798333333333334
dqn,1297,-153.99627594111266,-38.908354580133285,0.17920000000000003
dqn,1298,-33.896741325931075,-38.649269919406095,0.17856666666666665
dqn,1299,-230.76134852659428,-39.94279983387276,0.1779333333333334
dqn,1300,-99.58585488308935,-41.87708978077374,0.1773
dqn,1301,-10.773039048730066,-43.795454256074784,0.17666666666666664
dqn,1302,-77.180189264621,-45.151479844791744,0.17603333333333337
dqn,1303,-59.11161016491,-47.94339821994886,0.1754
dqn,1304,-52.01849969393381,-47.64204110597786,0.17476666666666663
dqn,1305,58.778848362253825,-43.10945986230119,0.17413333333333336
dqn,1306,-53.29204796582562,-46.10742236084554,0.1735
dqn,1307,-152.39271011907957,-50.770071174452596,0.17286666666666672
dqn,1308,-80.41513266174616,-49.7070408846117,0.17223333333333346
dqn,1309,-28.00983902456409,-49.82516080224087,0.17160000000000009
dqn,1310,-77.66579782883615,-47.76280270262584,0.1709666666666667
dqn,1311,-52.71064666996276,-45.859279461226194,0.17033333333333345
dqn,1312,109.39067450869645,-43.28007744095296,0.16970000000000007
dqn,1313,160.52714548119192,-39.15285103471756,0.1690666666666667
dqn,1314,-12.246777934366241,-38.16902148961268,0.16843333333333343
dqn,1315,-171.66278528091794,-41.91114947709639,0.16780000000000006
dqn,1316,-118.77615922318488,-45.106012142901754,0.16716666666666669
dqn,1317,-102.56361532140025,-47.47040250803661,0.16653333333333342
dqn,1318,-110.67344441375904,-49.47907915421943,0.16590000000000005
dqn,1319,-208.3379704126743,-51.71769988049589,0.16526666666666667
dqn,1320,70.02665230774484,-50.47930880198766,0.1646333333333334
dqn,1321,-23.36873538353542,-49.394285871246005,0.16400000000000003
dqn,1322,26.755955432075933,-50.11991383883649,0.16336666666666666
dqn,1323,-37.00749635576021,-48.46700763781149,0.1627333333333334
dqn,1324,-51.466791442833376,-47.16062349967481,0.16210000000000002
dqn,1325,-173.42279420889002,-52.21560084928001,0.16146666666666665
dqn,1326,-21.321800060047753,-50.006835844894404,0.16083333333333338
dqn,1327,-138.80510071215562,-50.87724871582301,0.1602
dqn,1328,-279.8463451937031,-57.32056741721964,0.15956666666666663
dqn,1329,-159.21574759762726,-58.516913365879645,0.15893333333333337
dqn,1330,47.13922250844938,-58.69375998606427,0.1583
dqn,1331,64.77251935442496,-54.486960644709164,0.15766666666666662
dqn,1332,-73.24918197710453,-55.75021327893211,0.15703333333333336
dqn,1333,44.08638190058108,-54.29711355155048,0.15639999999999998
dqn,1334,-22.95703026244499,-53.47858923626948,0.1557666666666666
dqn,1335,-20.78660604088052,-53.74828846462527,0.15513333333333335
dqn,1336,-69.49481915726285,-55.66192997938885,0.15450000000000008
dqn,1337,-12.38915081341494,-56.97845844546689,0.1538666666666667
dqn,1338,138.68093774496535,-53.04836222887479,0.15323333333333344
dqn,1339,46.96891122131815,-53.010070228535334,0.15260000000000007
dqn,1340,-6.27486736379353,-51.689144156777274,0.1519666666666667
dqn,1341,14.995466798540747,-46.16441433084843,0.15133333333333343
dqn,1342,-1.8905069075176564,-45.901129825381574,0.15070000000000006
dqn,1343,48.713603830130154,-39.38869734514452,0.15006666666666668
dqn,1344,-27.159932095976252,-42.1726650965716,0.14943333333333342
dqn,1345,122.13454924851219,-41.85194986985708,0.14880000000000004
dqn,1346,-4.614616787064042,-41.127422787327326,0.14816666666666678
dqn,1347,20.578856558430047,-37.63592013733647,0.1475333333333334
dqn,1348,-227.0526072816885,-41.49903745645162,0.14690000000000003
dqn,1349,-80.44327266128536,-38.49267593914544,0.14626666666666677
dqn,1350,-58.28953030462075,-37.66674944757607,0.1456333333333334
dqn,1351,146.54752748615942,-34.52033811687828,0.14500000000000002
dqn,1352,24.937572015779097,-32.47798289127027,0.14436666666666675
dqn,1353,33.605346113115594,-30.623643765709765,0.14373333333333338
dqn,1354,14.711029826222163,-29.28905317530665,0.1431
dqn,1355,111.77266886012553,-28.229176765349216,0.14246666666666674
dqn,1356,22.22461107092457,-26.71884358461421,0.14183333333333337
dqn,1357,69.63450623884667,-22.278299257455682,0.1412
dqn,1358,-72.45820140225628,-22.119160632265885,0.14056666666666673
dqn,1359,-109.58663945538063,-23.75069664088222,0.13993333333333335
dqn,1360,-88.84677834760528,-23.9743162512576,0.13929999999999998
dqn,1361,107.26802340333076,-20.77474284979173,0.13866666666666672
dqn,1362,11.662364849684733,-22.729309042971966,0.13803333333333334
dqn,1363,-58.59026165499399,-27.11165718569568,0.13739999999999997
dqn,1364,-25.86841480062467,-27.384089923020852,0.1367666666666667
dqn,1365,-31.287127493575245,-24.576576767273995,0.13613333333333333
dqn,1366,115.95246113168938,-19.882004360176516,0.13550000000000006
dqn,1367,-118.26239375471653,-20.19597992884284,0.1348666666666668
dqn,1368,14.358966697515037,-17.695331706617356,0.13423333333333343
dqn,1369,40.444674822076614,-12.719678801922338,0.13360000000000005
dqn,1370,-39.09057713976693,-14.902023390872573,0.1329666666666668
dqn,1371,-25.29806959240308,-14.940610075049927,0.1323333333333334
dqn,1372,15.814843730856362,-15.159432309074319,0.13170000000000004
dqn,1373,43.85657906375136,-13.542150800684086,0.13106666666666678
dqn,1374,113.54637297422805,-10.24188751234286,0.1304333333333334
dqn,1375,56.03321625093386,-5.652767303146379,0.12980000000000003
dqn,1376,-146.01738311627395,-8.146678964270903,0.12916666666666676
dqn,1377,3.7635220684935713,-5.29530650865792,0.1285333333333334
dqn,1378,52.8951678165187,1.3595237515465146,0.1279
dqn,1379,85.16946534564227,6.247228010411905,0.12726666666666675
dqn,1380,151.60248809801436,8.336493322203205,0.12663333333333338
dqn,1381,101.78646069476176,9.076772149009939,0.126
dqn,1382,-155.90138381118146,7.4237281123284005,0.12536666666666674
dqn,1383,7.444265858874527,6.69088579149427,0.12473333333333336
dqn,1384,48.65243345758918,8.123075065894955,0.12409999999999999
dqn,1385,112.20717857311466,10.782950758174856,0.12346666666666672
dqn,1386,-0.20840130500343862,12.168679115220046,0.12283333333333335
dqn,1387,20.605079520784194,12.828563721904027,0.12219999999999998
dqn,1388,-8.281115230760225,9.88932266238952,0.12156666666666671
dqn,1389,40.03496058325353,9.750643649628225,0.12093333333333334
dqn,1390,-139.00097736647965,7.096121449574505,0.12029999999999996
dqn,1391,4.8615504326755765,6.893443122257201,0.1196666666666667
dqn,1392,40.98027566933503,7.7508587737942545,0.11903333333333332
dqn,1393,-155.7896490304116,3.6607937165834192,0.11839999999999995
dqn,1394,-105.53162097025775,2.0933599390977897,0.11776666666666669
dqn,1395,-19.552543565009724,-0.7403819171726482,0.11713333333333331
dqn,1396,-50.90761512590089,-1.6662418839493862,0.11650000000000005
dqn,1397,15.52840416816726,-1.7672509317546417,0.11586666666666678
dqn,1398,56.414441175569564,3.9020900373905194,0.11523333333333341
dqn,1399,65.35017096566786,6.817958909929583,0.11460000000000004
dqn,1400,-8.495429454509745,7.813840926931804,0.11396666666666677
dqn,1401,-18.461290016760724,4.513664576873401,0.1133333333333334
dqn,1402,28.59558824362669,4.586824901430353,0.11270000000000002
dqn,1403,66.56880740144152,5.24609412719687,0.11206666666666676
dqn,1404,27.370938757430203,5.499292305821032,0.11143333333333338
dqn,1405,-68.78093784975015,1.8882201716235179,0.11080000000000001
dqn,1406,173.05541686485506,4.904836287502128,0.11016666666666675
dqn,1407,23.37269056290672,3.9795999739833285,0.10953333333333337
dqn,1408,-152.4855750348663,2.3790525013311283,0.10890000000000011
dqn,1409,-33.02700817866517,3.910245126865436,0.10826666666666673
dqn,1410,17.288447880538524,6.032949651428313,0.10763333333333336
dqn,1411,59.197788066714004,5.071544944695978,0.1070000000000001
dqn,1412,-123.28101048527827,2.3726774379967184,0.10636666666666672
dqn,1413,127.06604183822681,6.085803507861133,0.10573333333333335
dqn,1414,168.86200171535273,9.980411838180682,0.10510000000000008
dqn,1415,154.99539911442014,13.70606237034059,0.10446666666666671
dqn,1416,33.35908802268795,12.05419490816056,0.10383333333333333
dqn,1417,8.405602380794914,14.58755483087079,0.10320000000000007
dqn,1418,25.07074662921953,14.801790429504882,0.1025666666666667
dqn,1419,-84.3377635221512,12.306141662620325,0.10193333333333332
dqn,1420,88.24185489660341,14.852790303347728,0.10130000000000006
dqn,1421,-104.69304632275116,13.26489076874077,0.10066666666666668
dqn,1422,-13.186572470772752,12.684862444708187,0.10003333333333331
dqn,1423,58.11473319905992,12.97002552741436,0.09940000000000004
dqn,1424,12.37754367352307,10.946648941400259,0.09876666666666667
dqn,1425,21.208564638792655,10.250155909157435,0.0981333333333333
dqn,1426,96.58478957551206,15.102199362993154,0.09750000000000003
dqn,1427,-42.071211833558216,14.18550468495212,0.09686666666666677
dqn,1428,-13.628184180616802,12.855037645009409,0.09623333333333339
dqn,1429,44.42793261993137,12.040206990495195,0.09560000000000013
dqn,1430,173.99412063015154,12.488039641137934,0.09496666666666675
dqn,1431,52.41804612113768,11.500671349665454,0.09433333333333338
dqn,1432,-5.0176559281723625,14.518345907325635,0.09370000000000012
dqn,1433,44.89880667829017,15.267436723713947,0.09306666666666674
dqn,1434,42.46685888787752,15.143725232319714,0.09243333333333337
dqn,1435,87.44727826975603,14.648527226252543,0.0918000000000001
dqn,1436,3.92517266363272,14.731198705625266,0.09116666666666673
dqn,1437,-30.99071859825788,13.699282743244423,0.09053333333333335
dqn,1438,-83.38279072482153,12.197249233363198,0.08990000000000009
dqn,1439,-10.658247248085397,11.183385076736418,0.08926666666666672
dqn,1440,5.499034384270588,14.073385311751421,0.08863333333333334
dqn,1441,46.8678468565827,14.913511240229566,0.08800000000000008
dqn,1442,35.2323169754057,14.798552066350982,0.0873666666666667
dqn,1443,60.83353735723637,19.13101579410394,0.08673333333333333
dqn,1444,133.36951117575435,23.90903843702418,0.08610000000000007
dqn,1445,14.230560892248855,24.58470052616935,0.08546666666666669
dqn,1446,6.648049715856072,25.735813823004495,0.08483333333333332
dqn,1447,13.340705708560941,25.692059853812367,0.08420000000000005
dqn,1448,57.4077038997822,25.711925108296622,0.08356666666666668
dqn,1449,83.58270216340937,26.07657573225145,0.0829333333333333
dqn,1450,-11.9492446457157,26.007499428427327,0.08230000000000004
dqn,1451,-117.59746005610354,24.024776027640474,0.08166666666666667
dqn,1452,61.20350026630173,24.676934268093973,0.08103333333333329
dqn,1453,62.78666515755781,24.601291423216303,0.08040000000000003
dqn,1454,1.5961785869057903,24.08579621980581,0.07976666666666665
dqn,1455,55.556104555785566,26.572537067916528,0.07913333333333328
dqn,1456,19.405999343901744,23.499548717497465,0.07850000000000001
dqn,1457,126.37889067111537,25.559672719661634,0.07786666666666675
dqn,1458,-50.377997719384496,27.601824265971267,0.07723333333333338
dqn,1459,-89.64785386139091,26.469407352316747,0.07660000000000011
dqn,1460,-127.27430276154661,23.57815233947505,0.07596666666666674
dqn,1461,-63.630638208442726,21.12158381397192,0.07533333333333336
dqn,1462,98.47390091667022,25.556682042010884,0.0747000000000001
dqn,1463,32.309957958672236,23.66156036441979,0.07406666666666673
dqn,1464,-154.35782579092202,17.197163814294303,0.07343333333333335
dqn,1465,-43.11898666518602,13.234876098702175,0.07280000000000009
dqn,1466,105.0785621239006,14.669265580726428,0.07216666666666671
dqn,1467,-23.05285545019134,14.040096424106705,0.07153333333333334
dqn,1468,-15.525578691730418,13.228169917687705,0.07090000000000007
dqn,1469,12.28716088322757,15.160668405795281,0.0702666666666667
dqn,1470,100.19713730778876,15.39977405401899,0.06963333333333344
dqn,1471,74.02170954788727,18.974069171431758,0.06900000000000006
dqn,1472,-95.77477815654069,17.322305057716395,0.06836666666666669
dqn,1473,45.20826839389581,17.064175761613114,0.06773333333333342
dqn,1474,8.68631870696965,16.990351262282047,0.06710000000000005
dqn,1475,-52.340192736337706,15.51937611477944,0.06646666666666667
dqn,1476,-5.762721697607629,13.472425889317046,0.06583333333333341
dqn,1477,-135.21657891030787,11.609518547782054,0.06520000000000004
dqn,1478,-11.081380255582971,11.660454626282728,0.06456666666666666
dqn,1479,62.09959993757053,12.013887972635512,0.0639333333333334
dqn,1480,8.448259352180193,8.702970747076085,0.06330000000000002
dqn,1481,10.896545791884538,7.872540740491022,0.06266666666666665
dqn,1482,97.89110091203239,9.930715877295118,0.062033333333333385
dqn,1483,-24.15071791177097,8.549725385493895,0.06140000000000001
dqn,1484,55.836479514538226,8.817117798027107,0.060766666666666636
dqn,1485,-192.7892620605685,3.212386991420618,0.06013333333333337
dqn,1486,-13.311672512455264,2.8676500878988604,0.0595
dqn,1487,-16.809293195447403,3.1512785959550706,0.058866666666666734
dqn,1488,6.635246213368807,4.951639334718878,0.05823333333333347
dqn,1489,-100.00779458006362,3.164648388079313,0.057600000000000096
dqn,1490,-135.79909700061486,0.3386857603816037,0.05696666666666672
dqn,1491,-111.9056478916527,-2.836784134583105,0.05633333333333346
dqn,1492,107.89961698461983,-1.3834381343988218,0.05570000000000008
dqn,1493,-167.29896307226488,-5.946088142988847,0.05506666666666671
dqn,1494,-7.6131562493057645,-8.765741491490049,0.054433333333333445
dqn,1495,175.41816473861363,-5.541989414562757,0.05380000000000007
dqn,1496,-27.12666599292305,-6.217483728738338,0.053166666666666695
dqn,1497,53.31161671453525,-5.418065508618851,0.05253333333333343
dqn,1498,54.54016115598795,-5.475416363494736,0.05190000000000006
dqn,1499,-44.8792548606901,-8.044655503976726,0.05126666666666668
dqn,1500,-178.7259109421022,-11.380188829904455,0.05063333333333342
dqn,1501,-9.784520467461094,-9.223930038131606,0.05
dqn,1502,44.17653236780178,-9.564469396101606,0.05
dqn,1503,-97.00147006387945,-12.76023210053035,0.05
dqn,1504,99.28468551934523,-10.806461961881562,0.05
dqn,1505,16.272868694562465,-11.592126679106025,0.05
dqn,1506,128.1670709087969,-9.416905247808122,0.05
dqn,1507,78.56015487705629,-10.373279963689301,0.05
dqn,1508,40.628534687438616,-8.553149315552838,0.05
dqn,1509,-151.23743992688725,-9.784941036862767,0.05
dqn,1510,-8.73182648589272,-7.41409151134969,0.05
dqn,1511,-100.61262947700887,-8.15373133672101,0.05
dqn,1512,-34.77286149438059,-10.818666584942028,0.05
dqn,1513,-40.87916420218941,-12.282449028159258,0.05
dqn,1514,-156.000939583638,-12.31531130401358,0.05
dqn,1515,73.00781437811625,-9.992775283147537,0.05
dqn,1516,-40.81588252006958,-12.91066417602694,0.05
dqn,1517,-138.61031083049502,-15.221813283633011,0.05
dqn,1518,32.652676848496185,-14.25824817282848,0.05
dqn,1519,6.651356822471295,-14.370964254043608,0.05
dqn,1520,-21.97956105517773,-16.814498221302937,0.05
dqn,1521,162.34276471663608,-15.04807711792796,0.05
dqn,1522,69.22513129267534,-11.74807892894364,0.05
dqn,1523,-59.50959515087082,-13.842436199838973,0.05
dqn,1524,41.729005700027315,-13.181582459977816,0.05
dqn,1525,33.48297523087168,-11.46511910063363,0.05
dqn,1526,88.23195248963904,-9.585225616888694,0.05
dqn,1527,4.20455823641246,-6.796802873954289,0.05
dqn,1528,-14.405393988877211,-6.863283148620173,0.05
dqn,1529,-55.16689438486067,-9.2086130350688,0.05
dqn,1530,28.852486524033573,-8.80052849163173,0.05
dqn,1531,-41.50465522585736,-9.848552511986568,0.05
dqn,1532,115.41654779587876,-9.498043574309643,0.05
dqn,1533,9.795229120587324,-8.819124633662478,0.05
dqn,1534,-70.63069246124911,-11.348468073178223,0.05
dqn,1535,95.33517753829888,-5.585979281200878,0.05
dqn,1536,99.45195229929408,-3.3307067849658902,0.05
dqn,1537,23.146189323313138,-2.5315971345906796,0.05
dqn,1538,89.60589396713235,-0.8721841795154092,0.05
dqn,1539,4.576873551163487,1.2195091831091331,0.05
dqn,1540,-14.315236846562122,3.6491863861901868,0.05
dqn,1541,-3.055564517462249,5.826188053673998,0.05
dqn,1542,17.1645936107734,4.011487586197068,0.05
dqn,1543,-9.336638143179744,7.170734084778773,0.05
dqn,1544,93.43031046909957,9.191603419146878,0.05
dqn,1545,49.74595852153273,6.67815929480526,0.05
dqn,1546,-60.86820273842029,6.003328559895315,0.05
dqn,1547,26.789649725098176,5.472889220106575,0.05
dqn,1548,28.45106025253106,4.951107202037436,0.05
dqn,1549,-63.75552231545679,4.573581852942102,0.05
dqn,1550,-51.12957411910136,7.125508589402118,0.05
dqn,1551,9.665217055005481,7.514503339851452,0.05
dqn,1552,28.505677595002098,7.201086244395457,0.05
dqn,1553,54.40759216855075,10.229267489044062,0.05
dqn,1554,25.160917029726185,8.746792119251682,0.05
dqn,1555,11.546246106190607,8.652259667484245,0.05
dqn,1556,51.845197896480705,7.125822207237921,0.05
dqn,1557,-67.5874094727189,4.202870920242417,0.05
dqn,1558,53.74877736879726,4.46527577386959,0.05
dqn,1559,-44.64631858807619,6.597098200645811,0.05
dqn,1560,3.395434511111662,6.839643420585901,0.05
dqn,1561,-155.9099861888138,5.7336962863498,0.05
dqn,1562,-7.291929820929058,6.2833149198188325,0.05
dqn,1563,31.76734722561196,7.7362451483748575,0.05
dqn,1564,70.9205103277594,12.274674146602806,0.05
dqn,1565,-134.45732399624436,8.125371379115595,0.05
dqn,1566,-17.51328050832472,8.591423419350491,0.05
dqn,1567,-34.59751447250893,10.671679346510214,0.05
dqn,1568,9.662289363707691,10.211871596814442,0.05
dqn,1569,-33.957899074230035,9.399686478880415,0.05
dqn,1570,-142.5430574477775,6.988416551028422,0.05
dqn,1571,18.545874703470645,4.112478750765112,0.05
dqn,1572,-302.22243379228024,-3.316472550934,0.05
dqn,1573,7.693260077735779,-1.9724154463618675,0.05
dqn,1574,-114.74604524652273,-5.10191646529287,0.05
dqn,1575,-32.915754440545676,-6.429891058721218,0.05
dqn,1576,7.311641397315197,-8.048297280567692,0.05
dqn,1577,-23.8458130816637,-8.609304706929217,0.05
dqn,1578,15.045760952260832,-8.020281608106458,0.05
dqn,1579,-110.7392524025914,-9.131728768461073,0.05
dqn,1580,-182.41301143788024,-13.357038727699345,0.05
dqn,1581,-54.676649704950016,-13.6204786172812,0.05
dqn,1582,11.34875874017654,-15.701834398395244,0.05
dqn,1583,-212.96706080978774,-20.157080197002745,0.05
dqn,1584,136.36405093144455,-16.017185329148873,0.05
dqn,1585,9.274168666858552,-17.738405506577678,0.05
dqn,1586,27.68373260227584,-19.173769900518042,0.05
dqn,1587,77.75509829236314,-18.08159172113704,0.05
dqn,1588,-37.14462341201691,-20.616602068720027,0.05
dqn,1589,37.39067766314506,-19.960325986480395,0.05
dqn,1590,47.06020550964957,-18.732817139356165,0.05
dqn,1591,-43.324016451475565,-19.538186178036433,0.05
dqn,1592,-121.18254158927344,-22.30512888203737,0.05
dqn,1593,-53.95658262997428,-23.197527771773256,0.05
dqn,1594,-75.69902981034102,-26.580114577362068,0.05
dqn,1595,94.21607136570759,-25.690712320478568,0.05
dqn,1596,-106.61890847588204,-26.60572643522781,0.05
dqn,1597,-48.796695927104366,-28.117453348271855,0.05
dqn,1598,9.21684464411132,-28.502137660440255,0.05
dqn,1599,-48.269763494178754,-28.192422484014692,0.05
dqn,1600,-73.7815434157282,-28.64546186994723,0.05
dqn,1601,-53.190479606224194,-29.902575803171825,0.05
dqn,1602,87.16454835003948,-28.729398388071075,0.05
dqn,1603,-49.15973064630718,-30.800744844368232,0.05
dqn,1604,-9.165045670636216,-31.48726409837548,0.05
dqn,1605,-7.381279475263904,-31.865814610004566,0.05
dqn,1606,61.583557426116855,-31.67104741941185,0.05
dqn,1607,-73.18888148389179,-31.7830768596353,0.05
dqn,1608,101.59221531181997,-30.82620810077485,0.05
dqn,1609,24.044696326169603,-29.452387802489937,0.05
dqn,1610,-137.06607547819632,-32.2616180022761,0.05
dqn,1611,-159.49600080379386,-32.33333829457569,0.05
dqn,1612,-127.14268207187735,-34.73035333959466,0.05
dqn,1613,-6.465370540331267,-35.49500769491353,0.05
dqn,1614,-124.59082247581773,-39.40523435098507,0.05
dqn,1615,-174.5244115570709,-40.206576102201595,0.05
dqn,1616,-43.35820201463237,-40.72347453232775,0.05
dqn,1617,12.44576572143797,-39.78260892844881,0.05
dqn,1618,-8.080822369643087,-40.137471163115826,0.05
dqn,1619,-85.55265938428491,-41.16936636931692,0.05
dqn,1620,-42.4854984506142,-39.16821518937366,0.05
dqn,1621,-16.130292085926246,-39.86173852516159,0.05
dqn,1622,-103.8191107123013,-35.89367206356202,0.05
dqn,1623,-127.75712186621769,-38.602679702441094,0.05
dqn,1624,-91.02156012037868,-38.128189999918206,0.05
dqn,1625,-159.70873610082967,-40.66404963312388,0.05
dqn,1626,-61.5450058829173,-42.04118257872854,0.05
dqn,1627,15.99043022063982,-41.24445771268247,0.05
dqn,1628,50.29644302624325,-40.53944407120282,0.05
dqn,1629,39.43883927043636,-37.535882237742264,0.05
dqn,1630,7.588907731219444,-33.735843854360276,0.05
dqn,1631,-177.75341188340883,-36.19737909792944,0.05
dqn,1632,165.1816940456567,-33.120720391819845,0.05
dqn,1633,25.233856929125547,-28.356702037041583,0.05
dqn,1634,-168.51037378341667,-34.4541905313388,0.05
dqn,1635,-114.14643980191771,-36.922602700714336,0.05
dqn,1636,-60.03081918867222,-38.676893736533295,0.05
dqn,1637,-245.88532983778344,-45.14970229913622,0.05
dqn,1638,10.49647823551496,-44.19688026618558,0.05
dqn,1639,33.98579822052481,-44.26497785503798,0.05
dqn,1640,-117.26134125467527,-47.55140879032449,0.05
dqn,1641,-198.16366501891008,-50.64820176167318,0.05
dqn,1642,28.056560560748384,-47.66341971867275,0.05
dqn,1643,7.583248234973798,-46.43262310137377,0.05
dqn,1644,70.50688911319244,-43.50850472290312,0.05
dqn,1645,22.68073174899702,-44.93921151523732,0.05
dqn,1646,-138.62821994475144,-45.57939774461471,0.05
dqn,1647,28.840451166627357,-44.026654802740076,0.05
dqn,1648,-77.716656236455,-45.765324820351395,0.05
dqn,1649,-7.529840953833971,-44.950526369544505,0.05
dqn,1650,9.063555144696865,-43.29362439833601,0.05
dqn,1651,-186.73097566832809,-45.96443431957809,0.05
dqn,1652,16.454384115694754,-47.378637604264966,0.05
dqn,1653,-199.47126342756448,-50.38486825989012,0.05
dqn,1654,104.43155566066667,-48.112936233264065,0.05
dqn,1655,-108.59096680276028,-50.137129979814,0.05
dqn,1656,-39.1968047710364,-52.15273722375706,0.05
dqn,1657,-86.50467610067211,-52.419053116092655,0.05
dqn,1658,-75.81092654266936,-55.967115953182436,0.05
dqn,1659,-4.799635793745191,-56.54400259558074,0.05
dqn,1660,21.666303933567168,-53.36935500734547,0.05
dqn,1661,39.13501823359476,-49.3967346265977,0.05
dqn,1662,-88.34842631607037,-48.620849511481566,0.05
dqn,1663,-96.16873603501709,-50.41491682137527,0.05
dqn,1664,127.48228204923984,-45.37345473087413,0.05
dqn,1665,-208.31948910755597,-46.04935628188382,0.05
dqn,1666,-33.903270277879365,-45.860257647148764,0.05
dqn,1667,-43.32243041755779,-46.97562156992869,0.05
dqn,1668,20.35132402260827,-46.40697864208366,0.05
dqn,1669,65.40870762730488,-43.387751301851864,0.05
dqn,1670,-229.90970383394705,-47.13623540951851,0.05
dqn,1671,15.2048822183545,-46.5095319234329,0.05
dqn,1672,-124.94586013710067,-46.932066911928885,0.05
dqn,1673,-19.97254707573659,-44.77637541611927,0.05
dqn,1674,77.61267278862364,-41.40369075793923,0.05
dqn,1675,-69.35705584969149,-39.59665715291646,0.05
dqn,1676,4.056558329970154,-38.284625868658715,0.05
dqn,1677,-119.68461580603702,-40.99812678919224,0.05
dqn,1678,-106.25005759532507,-44.12905680162361,0.05
dqn,1679,-205.89087099854902,-49.03565100700332,0.05
dqn,1680,-144.45279427445644,-52.07648504711684,0.05
dqn,1681,-171.35690439811117,-51.94855489741088,0.05
dqn,1682,-24.893091188335877,-55.75005060209073,0.05
dqn,1683,-29.631972408213795,-56.84736718883752,0.05
dqn,1684,-98.31033840029276,-55.44336648117505,0.05
dqn,1685,-32.525331773523426,-53.810944320607156,0.05
dqn,1686,-94.63889555968824,-54.503105848027474,0.05
dqn,1687,0.8210701028886774,-49.56897784921402,0.05
dqn,1688,-57.978567344719586,-50.93847876081872,0.05
dqn,1689,-42.46448769089954,-52.467484479047215,0.05
dqn,1690,-73.95441628810097,-51.60134597971573,0.05
dqn,1691,-147.49043876936332,-50.587881454724794,0.05
dqn,1692,79.5422945357911,-49.55816677522394,0.05
dqn,1693,13.521414087649546,-49.439403458170425,0.05
dqn,1694,39.49378625895045,-50.059665515255254,0.05
dqn,1695,-22.14813810714262,-50.95624291237806,0.05
dqn,1696,-148.90571916675,-51.16179289681802,0.05
dqn,1697,-201.84010473107935,-55.775404014772164,0.05
dqn,1698,-58.86839127277517,-55.39843871549858,0.05
dqn,1699,-3.546690377899035,-55.31877570397987,0.05
dqn,1700,25.97357155766628,-54.980575375720484,0.05
dqn,1701,8.669549709520938,-51.0725648681635,0.05
dqn,1702,-7.157692343932124,-51.54480639735604,0.05
dqn,1703,49.03082286832293,-46.57476467143829,0.05
dqn,1704,-178.6512851207447,-52.23642148706653,0.05
dqn,1705,-12.547408680065661,-50.31555032461263,0.05
dqn,1706,-119.72618168500908,-51.926137862892084,0.05
dqn,1707,-24.89571774945999,-50.693958695867835,0.05
dqn,1708,14.47132563493877,-48.888313652315674,0.05
dqn,1709,-199.60109217853017,-52.78434278001137,0.05
dqn,1710,-106.5716900303056,-55.34910265928883,0.05
dqn,1711,-94.45852429161589,-58.02097350979304,0.05
dqn,1712,-233.4092950190612,-60.922190883852856,0.05
dqn,1713,-14.442212913640846,-59.287660421425336,0.05
dqn,1714,-241.0119394351687,-66.65754485111351,0.05
dqn,1715,-57.64087933632068,-63.643972655688806,0.05
dqn,1716,-178.26596022994386,-66.53122645473009,0.05
dqn,1717,105.61977597138232,-63.55238232695128,0.05
dqn,1718,75.75055361140052,-62.44439773517544,0.05
dqn,1719,-153.52848584288077,-66.82314160457916,0.05
dqn,1720,21.262977295726614,-61.79968798198568,0.05
dqn,1721,-119.59611512551564,-64.49570792886307,0.05
dqn,1722,36.71977062575377,-61.262395313605985,0.05
dqn,1723,-69.38515044564059,-62.25064738100407,0.05
dqn,1724,96.8294424443288,-61.866311987889965,0.05
dqn,1725,-34.14096828988074,-61.161990236693754,0.05
dqn,1726,88.22235322279809,-59.4786743388372,0.05
dqn,1727,-54.8863587686829,-58.182709198090116,0.05
dqn,1728,-36.69561992636237,-56.79162044471086,0.05
dqn,1729,82.05403352612119,-51.032722354217455,0.05
dqn,1730,105.88462984879564,-46.02597387175241,0.05
dqn,1731,-53.23632964827548,-43.6635623767557,0.05
dqn,1732,15.948068327593354,-42.84673918643712,0.05
dqn,1733,-52.45894762070917,-43.30327869068702,0.05
dqn,1734,-74.95959244467103,-42.83626377157459,0.05
dqn,1735,-136.14300385850163,-44.908617213274155,0.05
dqn,1736,12.688043716722776,-42.76207842774593,0.05
dqn,1737,-122.3488009387378,-45.22547584857846,0.05
dqn,1738,39.85932106444807,-43.26871808039511,0.05
dqn,1739,-163.3628346270643,-45.68668501911841,0.05
dqn,1740,-35.89659059453081,-44.925528505247,0.05
dqn,1741,-75.22833202925837,-43.48028637044491,0.05
dqn,1742,-13.923116589601493,-45.34959459295276,0.05
dqn,1743,-121.06078220256427,-48.041238518757034,0.05
dqn,1744,29.83242870363063,-48.23446566986343,0.05
dqn,1745,121.04358395381563,-45.37063122864427,0.05
dqn,1746,-42.69714447899493,-43.246459734889164,0.05
dqn,1747,-88.08133968171633,-40.9712844339019,0.05
dqn,1748,-38.56122444211815,-40.56514109728876,0.05
dqn,1749,-6.30354132202218,-40.62027811617122,0.05
dqn,1750,-87.41015467239274,-42.88795264077241,0.05
dqn,1751,29.276613494565286,-42.475811365071515,0.05
dqn,1752,13.052577999011332,-42.07160595821265,0.05
dqn,1753,9.157578093981924,-42.86907085369947,0.05
dqn,1754,-7.918475932349346,-39.45441466993156,0.05
dqn,1755,-23.778703459853148,-39.67904056552731,0.05
dqn,1756,-70.31294825208418,-38.690775896868814,0.05
dqn,1757,-82.72999578926738,-39.847461457664956,0.05
dqn,1758,-73.37975315730257,-41.60448303350979,0.05
dqn,1759,41.070982485508544,-36.79104154022901,0.05
dqn,1760,-58.148866262821606,-35.822585064879334,0.05
dqn,1761,-18.7111841918428,-34.30763826288388,0.05
dqn,1762,119.77050430878857,-27.244042276326876,0.05
dqn,1763,-49.70187040589583,-27.949235426171978,0.05
dqn,1764,150.2752279166259,-20.123492079136078,0.05
dqn,1765,-13.384602847207832,-19.238366549353824,0.05
dqn,1766,12.31147426455319,-15.426817859463881,0.05
dqn,1767,-114.99012855621876,-19.839015950015906,0.05
dqn,1768,-27.991578146516247,-21.91385858517424,0.05
dqn,1769,-54.325038696073776,-19.9297896422381,0.05
dqn,1770,30.051589115255233,-19.754017405847527,0.05
dqn,1771,-172.61014898496498,-20.814298083036515,0.05
dqn,1772,9.77833654844327,-21.353126764582722,0.05
dqn,1773,28.088114602199823,-19.403661463625912,0.05
dqn,1774,-60.690812969029516,-22.554066571893085,0.05
dqn,1775,-103.30249282064537,-23.937297062508375,0.05
dqn,1776,-34.27510631179656,-26.38724625320027,0.05
dqn,1777,-57.17444130044218,-26.433007903835456,0.05
dqn,1778,30.340035579770245,-25.0922947937128,0.05
dqn,1779,-21.371555348037845,-27.16080657119598,0.05
dqn,1780,13.36706155172698,-29.01115793713736,0.05
dqn,1781,98.33845447755986,-25.97966225462065,0.05
dqn,1782,-69.6715170290331,-27.692053961753178,0.05
dqn,1783,35.66491483196516,-25.929576712699692,0.05
dqn,1784,-81.34718146770997,-26.057328493160473,0.05
dqn,1785,-10.187542444914943,-23.53821926488874,0.05
dqn,1786,-158.96994632030317,-26.971379065629254,0.05
dqn,1787,-95.87215193220706,-26.441846085498646,0.05
dqn,1788,142.3057631088129,-24.392917244611343,0.05
dqn,1789,-18.358429608039298,-21.492829144230846,0.05
dqn,1790,-4.993675575310641,-20.87477084384644,0.05
dqn,1791,85.16054506075004,-17.666993302046272,0.05
dqn,1792,45.761319117247034,-16.473304587909304,0.05
dqn,1793,-105.41831214827525,-16.160455186823523,0.05
dqn,1794,-46.427089676371324,-17.685645554423562,0.05
dqn,1795,-38.39865047858722,-20.87449024307162,0.05
dqn,1796,-68.53972728527602,-21.39134189919724,0.05
dqn,1797,-100.8258622827676,-21.64623235121827,0.05
dqn,1798,-78.42952110289922,-22.44359828443389,0.05
dqn,1799,-80.74418082969227,-23.93241107458729,0.05
dqn,1800,-1.0523318248445004,-22.205254617636328,0.05
dqn,1801,79.71808069191711,-21.196425273689293,0.05
dqn,1802,43.70210051134349,-20.583434823442644,0.05
dqn,1803,27.149425225861975,-20.223597880805045,0.05
dqn,1804,-111.46683575774901,-22.29456507731304,0.05
dqn,1805,-17.57251687847469,-22.17044134568547,0.05
dqn,1806,75.99396970455398,-19.244302986552704,0.05
dqn,1807,131.00572693462493,-14.969588532074859,0.05
dqn,1808,-40.304426189512476,-14.308081992719055,0.05
dqn,1809,-118.16621722288316,-17.49282598688689,0.05
dqn,1810,78.20443166411512,-14.765760028348154,0.05
dqn,1811,6.837754917572808,-14.254781246159846,0.05
dqn,1812,-30.13133977974982,-17.25281812793061,0.05
dqn,1813,-53.57479031588968,-17.330276526130493,0.05
dqn,1814,46.75978346577587,-19.40058541514749,0.05
dqn,1815,-195.3734066905801,-23.04036149201494,0.05
dqn,1816,-66.71933927827509,-24.620977762871505,0.05
dqn,1817,-90.83289564086797,-24.13783310456449,0.05
dqn,1818,-123.24238408686476,-26.042849223371455,0.05
dqn,1819,-133.7752691988961,-27.631853833427904,0.05
dqn,1820,-107.52411071177964,-30.3833678299686,0.05
dqn,1821,-157.9537812420349,-30.09024047511,0.05
dqn,1822,-230.27545562528516,-34.891316318584565,0.05
dqn,1823,-197.69455039464384,-39.40696961852144,0.05
dqn,1824,-140.58818392578686,-41.00491703765659,0.05
dqn,1825,-64.8985612355749,-40.236838405955176,0.05
dqn,1826,-95.57801493489819,-41.4628965784172,0.05
dqn,1827,-32.365890157524674,-40.96672555555886,0.05
dqn,1828,-66.05748896074324,-42.894676046369135,0.05
dqn,1829,-52.71600733163529,-43.52156508604108,0.05
dqn,1830,62.99949380488323,-42.52891644097795,0.05
dqn,1831,46.93371152811434,-43.557011299966874,0.05
dqn,1832,-63.233593297621766,-43.42825282533864,0.05
dqn,1833,-48.47747461802355,-45.11110061433841,0.05
dqn,1834,-53.29158008487942,-44.54998858668181,0.05
dqn,1835,21.456781556315747,-43.91710210665718,0.05
dqn,1836,-131.45614624671444,-43.36682610518541,0.05
dqn,1837,-16.576068226694762,-41.78090443107517,0.05
dqn,1838,-39.309654407529784,-45.41321278140202,0.05
dqn,1839,-32.36851099910221,-45.69341440922328,0.05
dqn,1840,6.521465913420271,-45.46311157944865,0.05
dqn,1841,13.04270988371637,-46.90546828298934,0.05
dqn,1842,58.78003384800269,-46.64509398837422,0.05
dqn,1843,-97.4683426099214,-46.48609459760714,0.05
dqn,1844,139.8427006746914,-42.760698790585884,0.05
dqn,1845,-50.63553229855708,-43.00543642698528,0.05
dqn,1846,49.72088324983145,-40.64022421628314,0.05
dqn,1847,-202.96320985964272,-42.68297116782063,0.05
dqn,1848,36.20088025550716,-40.39036314065251,0.05
dqn,1849,11.284370209093527,-38.54979211987679,0.05
dqn,1850,36.08706828888546,-37.80700411760219,0.05
dqn,1851,-188.58028315182932,-43.17297139447712,0.05
dqn,1852,68.76071076698022,-42.67179918936439,0.05
dqn,1853,-141.63310718023422,-46.04744983748631,0.05
dqn,1854,-225.20036653152385,-48.322120452961805,0.05
dqn,1855,0.2964695233231159,-47.96474072492585,0.05
dqn,1856,11.305110538514029,-49.25851790824665,0.05
dqn,1857,-138.25025454861455,-54.643637537911445,0.05
dqn,1858,66.40208907183323,-52.50950723268453,0.05
dqn,1859,-45.082158260876966,-51.047826053444396,0.05
dqn,1860,-120.03411637963144,-55.01259701431933,0.05
dqn,1861,-137.38866080244182,-57.89712532871963,0.05
dqn,1862,-124.36927425040037,-59.781884018132644,0.05
dqn,1863,21.88335187464955,-58.27272117432186,0.05
dqn,1864,-93.16407756177556,-61.07119839487288,0.05
dqn,1865,-145.90411978136186,-60.08181265668852,0.05
dqn,1866,-9.625379583932066,-58.939933462801655,0.05
dqn,1867,-200.85730163745006,-61.1404215827333,0.05
dqn,1868,-231.59297477106253,-63.30743339641725,0.05
dqn,1869,109.34261469075145,-58.4450757186243,0.05
dqn,1870,-263.895361357135,-61.57250073153142,0.05
dqn,1871,95.37392763653,-56.50594655396012,0.05
dqn,1872,155.31006186006778,-48.794236204253046,0.05
dqn,1873,158.99893756869793,-41.660366444986224,0.05
dqn,1874,-275.78603555569407,-44.364323477584364,0.05
dqn,1875,146.77842121973418,-40.13078382847819,0.05
dqn,1876,-252.69776111631313,-43.273178752106475,0.05
dqn,1877,158.1932537666273,-39.46199587362345,0.05
dqn,1878,1.0893723650759908,-38.11905864710705,0.05
dqn,1879,46.40540381921697,-36.136630424090015,0.05
dqn,1880,-44.786125740250775,-38.292342814992686,0.05
dqn,1881,211.18331683407214,-35.00735070887353,0.05
dqn,1882,-224.3614844925425,-38.229908532771944,0.05
dqn,1883,44.905015950908734,-36.3622587213933,0.05
dqn,1884,-90.6013459989835,-37.10845403967538,0.05
dqn,1885,8.402605452125735,-37.36953756175919,0.05
dqn,1886,59.961032927576575,-33.54119397827337,0.05
dqn,1887,11.902082713368484,-32.9716309594721,0.05
dqn,1888,-4.15460922988126,-32.26853005591913,0.05
dqn,1889,7.913085049958146,-31.462898134937923,0.05
dqn,1890,-160.20787655118568,-34.79748498423004,0.05
dqn,1891,-84.80589988804087,-36.75445717966518,0.05
dqn,1892,-21.163319418226425,-38.353324244989764,0.05
dqn,1893,-46.428064106556526,-37.33251867492247,0.05
dqn,1894,-52.59127536041646,-41.18119819562463,0.05
dqn,1895,-113.50544210633518,-42.438596391780194,0.05
dqn,1896,-31.83302683767874,-44.06967459353039,0.05
dqn,1897,26.943502335536717,-39.47154034962681,0.05
dqn,1898,8.75423255100433,-40.02047330371686,0.05
dqn,1899,37.33343787191867,-39.49949195046036,0.05
dqn,1900,-244.18880109411052,-45.10500933812028,0.05
dqn,1901,-39.492742398229545,-42.12325852304829,0.05
dqn,1902,162.58227604521204,-40.24682721748365,0.05
dqn,1903,107.98008826753292,-35.25456330852831,0.05
dqn,1904,75.05110846089634,-29.249533808679907,0.05
dqn,1905,-21.55004264412047,-29.68646405202877,0.05
dqn,1906,49.423400340479944,-28.924098255989456,0.05
dqn,1907,35.454220546030804,-25.450008754096547,0.05
dqn,1908,73.8319646605593,-25.301411242322025,0.05
dqn,1909,15.767858175843166,-24.08441091358762,0.05
dqn,1910,9.84516127370679,-21.48682536052086,0.05
dqn,1911,-65.70689271275444,-20.053189998727117,0.05
dqn,1912,113.28838661266103,-15.300036781465884,0.05
dqn,1913,-19.50072281068095,-16.127718275172498,0.05
dqn,1914,35.25847305732528,-13.559267262790474,0.05
dqn,1915,9.439785057392113,-10.452389166015402,0.05
dqn,1916,86.98193574377972,-8.520242859461165,0.05
dqn,1917,-84.74021160997358,-6.1979010589116355,0.05
dqn,1918,166.57074403533272,1.765373317216273,0.05
dqn,1919,109.99948630418548,1.7785107494849521,0.05
dqn,1920,-141.61048010455556,4.224208374536544,0.05
dqn,1921,-205.0161713729587,-1.7835936056532318,0.05
dqn,1922,-6.890078039893029,-5.027596403652447,0.05
dqn,1923,41.530674914065216,-7.376961656745102,0.05
dqn,1924,3.242240956899225,-1.7963961264932364,0.05
dqn,1925,-63.73332750884529,-6.006631101064827,0.05
dqn,1926,-137.56708253277614,-3.7040175293940854,0.05
dqn,1927,-37.898330666498374,-7.625849218056601,0.05
dqn,1928,-15.998279339052106,-7.967602252139162,0.05
dqn,1929,53.60982896037853,-7.82351374931593,0.05
dqn,1930,-9.591094044418329,-7.119613115399281,0.05
dqn,1931,37.113791715213395,-10.601003617776458,0.05
dqn,1932,97.5193768094561,-4.163386391736484,0.05
dqn,1933,-75.50322860289663,-6.5715512828125915,0.05
dqn,1934,78.12338232057627,-3.197056716421395,0.05
dqn,1935,-58.347305660047056,-4.532054938664852,0.05
dqn,1936,50.16769303252212,-4.727921736565941,0.05
dqn,1937,14.211896298232663,-4.6817254648686575,0.05
dqn,1938,-78.62921339056862,-6.171217548082405,0.05
dqn,1939,75.24386568011823,-4.824601935479203,0.05
dqn,1940,-7.796081079694178,-1.7763660260493725,0.05
dqn,1941,-37.62334837604108,-0.8327149958093761,0.05
dqn,1942,-80.66117168731664,-2.0226720411911803,0.05
dqn,1943,-137.01537912475825,-3.8344183415552147,0.05
dqn,1944,35.76048021645178,-2.067383230017851,0.05
dqn,1945,28.371430742615832,0.7701542269611699,0.05
dqn,1946,-55.529065767232744,0.296233448370089,0.05
dqn,1947,-263.00787998303747,-5.502794198001394,0.05
dqn,1948,67.27225574922413,-4.332433734036998,0.05
dqn,1949,63.08990119164997,-3.817304467642373,0.05
dqn,1950,129.2987170850133,3.6524458959401023,0.05
dqn,1951,47.77175213619726,5.397735786628639,0.05
dqn,1952,-8.445660173790225,1.977177062248593,0.05
dqn,1953,-74.7445218467133,-1.6773151400363309,0.05
dqn,1954,3.2122179234032133,-3.1140929507861936,0.05
dqn,1955,-97.11637705470278,-4.6254196389978395,0.05
dqn,1956,64.97783550314821,-4.314330935744474,0.05
dqn,1957,-14.492318619487943,-5.3132617190548475,0.05
dqn,1958,-60.082280601888144,-7.991546624303798,0.05
dqn,1959,119.85563329924945,-5.909791121835671,0.05
dqn,1960,-94.18490443813424,-7.990392436072491,0.05
dqn,1961,-22.497911484505682,-7.126212811507515,0.05
dqn,1962,16.51190498892788,-9.061742443982181,0.05
dqn,1963,43.15664854274835,-7.808595016913594,0.05
dqn,1964,-97.33410388417863,-10.460446555743673,0.05
dqn,1965,12.587797661461083,-10.397486303662292,0.05
dqn,1966,-84.0027841907205,-13.817180702352296,0.05
dqn,1967,-73.03717107106111,-13.583119891574047,0.05
dqn,1968,-154.90161243731185,-20.012567021026943,0.05
dqn,1969,-35.23853143238418,-22.917327375758333,0.05
dqn,1970,-59.96802977922105,-21.28447836925164,0.05
dqn,1971,72.38278397060579,-15.73649926238035,0.05
dqn,1972,83.25542404910748,-13.933589220600341,0.05
dqn,1973,2.9401824363569076,-14.705399070154508,0.05
dqn,1974,-63.30820166609301,-16.03640792261435,0.05
dqn,1975,68.93737756280159,-13.382993821181415,0.05
dqn,1976,-109.40848187013496,-12.819821807928593,0.05
dqn,1977,-154.50686812557532,-15.151992557110132,0.05
dqn,1978,6.9430060594092184,-14.693166849140905,0.05
dqn,1979,30.58362391228921,-15.15369095010269,0.05
dqn,1980,-229.23262528482496,-19.546521574910823,0.05
dqn,1981,-76.54195090270812,-21.819636427269252,0.05
dqn,1982,-41.59759587045212,-24.601975880867418,0.05
dqn,1983,-178.3525977628932,-26.658963264067353,0.05
dqn,1984,-12.569662073001565,-28.47282415193891,0.05
dqn,1985,-121.98366120901011,-29.745551262918166,0.05
dqn,1986,-57.36323257292184,-31.896169775027044,0.05
dqn,1987,-40.644667805068046,-32.993301057093056,0.05
dqn,1988,65.12064874175258,-30.11830381444664,0.05
dqn,1989,64.38077757915697,-30.33556557646586,0.05
dqn,1990,65.71123834761622,-28.865419187919656,0.05
dqn,1991,-45.49542834238713,-29.02286078724657,0.05
dqn,1992,-20.06780709773568,-27.81099349545496,0.05
dqn,1993,-3.9489390952875003,-25.149664694865535,0.05
dqn,1994,-92.77644474197774,-27.72040319403413,0.05
dqn,1995,18.67219336842958,-27.91438794151786,0.05
dqn,1996,159.12608405517216,-23.621284945069757,0.05
dqn,1997,2.875794741795707,-18.303611450573094,0.05
dqn,1998,-48.934883169732636,-20.627754228952227,0.05
dqn,1999,-4.499573203508217,-21.979543716855392,0.05
dqn,2000,-112.08366702114195,-26.807191398978492,0.05
dqn,2001,138.83520314425874,-24.985922378817268,0.05
dqn,2002,28.7602955180003,-24.24180326498146,0.05
dqn,2003,95.51338274130417,-20.836645173221108,0.05
dqn,2004,-205.7058969384965,-25.015007470459103,0.05
dqn,2005,-11.03597592851275,-23.293399447935304,0.05
dqn,2006,24.16435265402452,-24.109669104917774,0.05
dqn,2007,61.63184885575906,-22.58718575541284,0.05
dqn,2008,-44.87846040958473,-22.283109351566768,0.05
dqn,2009,10.953297325736955,-24.461156071037017,0.05
dqn,2010,62.86492314909266,-21.320159519292485,0.05
dqn,2011,-215.4529889633794,-25.179261068869955,0.05
dqn,2012,-107.72856095896867,-27.664070387827888,0.05
dqn,2013,61.044217335057425,-27.3063190119817,0.05
dqn,2014,-142.5252050173527,-28.210141034645186,0.05
dqn,2015,-133.60357550658577,-31.13396849800612,0.05
dqn,2016,-98.03230436618382,-31.414558901515385,0.05
dqn,2017,-17.06899535030323,-30.29519538710023,0.05
dqn,2018,-70.24691816046557,-28.60210150156331,0.05
dqn,2019,-41.080768305416086,-28.718946239023943,0.05
dqn,2020,5.018721334247476,-27.41921121675457,0.05
dqn,2021,-10.849274845535053,-29.08385239307739,0.05
dqn,2022,-111.78720060120041,-32.98470488608355,0.05
dqn,2023,19.92048689768881,-32.64509879685691,0.05
dqn,2024,-179.65026228418137,-34.97194000921868,0.05
dqn,2025,-57.99370351746325,-37.51056163082397,0.05
dqn,2026,28.38247541557067,-34.75474248510986,0.05
dqn,2027,-113.80619509025317,-33.94072902440342,0.05
dqn,2028,28.336219514364966,-33.51286475530431,0.05
dqn,2029,164.43471471599796,-30.835842939230133,0.05
dqn,2030,64.14484867404474,-24.968293460052738,0.05
dqn,2031,-38.221503366309086,-24.20188450932476,0.05
dqn,2032,-191.0353378716379,-27.190639349348473,0.05
dqn,2033,29.015747334907093,-23.043272447392468,0.05
dqn,2034,-13.420819098586954,-23.06029558790417,0.05
dqn,2035,93.72464218133717,-18.746129520097224,0.05
dqn,2036,25.2865198526334,-17.09313447158612,0.05
dqn,2037,36.57265622034391,-15.548787991077882,0.05
dqn,2038,194.8328392326374,-12.954544181260184,0.05
dqn,2039,13.329722857760117,-13.975565275688123,0.05
dqn,2040,28.760863491254568,-14.714572772815353,0.05
dqn,2041,17.56109339463001,-13.45344233807501,0.05
dqn,2042,-74.0659030524837,-14.53340425716997,0.05
dqn,2043,-4.099268869399382,-14.536410852652208,0.05
dqn,2044,43.710252040548085,-11.806676917001692,0.05
dqn,2045,42.50935640189896,-11.329933656332305,0.05
dqn,2046,54.98872699447267,-13.412680797546296,0.05
dqn,2047,-74.87225115732197,-14.967641715528648,0.05
dqn,2048,-84.41914910278602,-15.677327034189716,0.05
dqn,2049,-45.85906539181921,-16.504516877955936,0.05
dqn,2050,63.30754617197544,-12.996692614093586,0.05
dqn,2051,-104.61938115542378,-17.865784300087235,0.05
dqn,2052,15.268871417610864,-18.135612782095023,0.05
dqn,2053,58.122726191947486,-18.88342591308216,0.05
dqn,2054,92.92220856565574,-12.910863802999115,0.05
dqn,2055,18.206983141026047,-12.326004621608337,0.05
dqn,2056,66.8178879097204,-11.472933916494421,0.05
dqn,2057,56.69621753957613,-11.57164654281808,0.05
dqn,2058,62.671757530464205,-9.420642184017101,0.05
dqn,2059,-99.46198511839958,-11.628947832899831,0.05
dqn,2060,-104.04418766257112,-14.967130049133107,0.05
dqn,2061,-41.54666279400241,-11.489003525745568,0.05
dqn,2062,-51.62344050269814,-10.366901116620156,0.05
dqn,2063,-62.320321036823316,-12.834191884057775,0.05
dqn,2064,-83.36433126729308,-11.65097440905658,0.05
dqn,2065,49.90765257811482,-7.9807498473625715,0.05
dqn,2066,89.78036836316078,-4.224496392775677,0.05
dqn,2067,12.127858289426054,-3.6405593199810924,0.05
dqn,2068,74.28275221467648,-0.7499659124782508,0.05
dqn,2069,85.79132709465387,1.7874759955231472,0.05
dqn,2070,92.32471502585715,3.5335958693553415,0.05
dqn,2071,-62.96686860766542,2.4912439941127325,0.05
dqn,2072,4.043538055174371,4.807858767240231,0.05
dqn,2073,-104.20037274718352,2.325441574342783,0.05
dqn,2074,10.344318586843478,6.125333191763279,0.05
dqn,2075,-116.75619262707069,4.950083409571132,0.05
dqn,2076,-123.67365709048359,1.9089607594500464,0.05
dqn,2077,-60.61283477346204,2.9728279657858696,0.05
dqn,2078,67.8908894009003,3.7639213635165754,0.05
dqn,2079,23.363951954176237,0.9425061082801427,0.05
dqn,2080,20.509650725850676,0.06980214931626037,0.05
dqn,2081,38.449565691608925,1.6032235304746194,0.05
dqn,2082,64.90814350540246,6.7220931580154275,0.05
dqn,2083,84.05448014680493,7.822867814253384,0.05
dqn,2084,35.173339636091214,8.794750988946948,0.05
dqn,2085,15.924589141708239,7.238749928154368,0.05
dqn,2086,-9.407102284725347,6.544877485407195,0.05
dqn,2087,4.256494194959456,5.898554244899503,0.05
dqn,2088,-93.94716912232101,0.122954077800336,0.05
dqn,2089,71.06721948849865,1.277704010415107,0.05
dqn,2090,188.9640179529903,4.481767099649821,0.05
dqn,2091,-27.08677143286786,3.5888098030998647,0.05
dqn,2092,-28.003598390678206,4.510055896335974,0.05
dqn,2093,6.309193793700822,4.718225149597978,0.05
dqn,2094,39.396485939012955,4.631949827567274,0.05
dqn,2095,-140.29300723924104,0.9759025547444753,0.05
dqn,2096,-10.887489004261344,-0.34162176523020554,0.05
dqn,2097,119.86474554246522,3.5531181687655398,0.05
dqn,2098,0.6454979742479796,5.2544111103062185,0.05
dqn,2099,-47.050444807661435,5.230583521989375,0.05
dqn,2100,-80.75758471402732,2.3492809042693192,0.05
dqn,2101,9.506723461651854,4.631802996610833,0.05
dqn,2102,-197.3068785388858,0.38028799748089964,0.05
dqn,2103,-109.10580984074635,-2.964282723172977,0.05
dqn,2104,-188.40398507405345,-8.59080659596716,0.05
dqn,2105,-225.6154829515717,-13.467255917819116,0.05
dqn,2106,-126.39920638420126,-17.33159780369755,0.05
dqn,2107,-53.87312803217486,-19.54298471513257,0.05
dqn,2108,36.13195732959754,-20.073780719149905,0.05
dqn,2109,-9.379880803051961,-18.27213863284295,0.05
dqn,2110,-61.91876177503773,-17.42963011509228,0.05
dqn,2111,-169.613849108093,-19.990973841374093,0.05
dqn,2112,-50.72283878994171,-19.972961807118967,0.05
dqn,2113,-32.33139265079519,-19.373183239398404,0.05
dqn,2114,49.27198972154671,-16.72045681962161,0.05
dqn,2115,-265.5440960523797,-23.029491792231497,0.05
dqn,2116,-173.11803720301174,-28.287459903554947,0.05
dqn,2117,171.82349977670887,-25.09354707380929,0.05
dqn,2118,-122.88917762398282,-29.03698567058248,0.05
dqn,2119,-74.35139413794496,-32.23984009523445,0.05
dqn,2120,-196.3421971340984,-38.01317833843356,0.05
dqn,2121,-98.11066717505278,-38.71605430978131,0.05
dqn,2122,-158.8766747757542,-41.97445856639989,0.05
dqn,2123,10.97619181569101,-39.6709272751424,0.05
dqn,2124,-25.41963489472665,-40.3862063447738,0.05
dqn,2125,-123.89668994003269,-40.52901629103304,0.05
dqn,2126,2.0224004660733392,-38.015095139901895,0.05
dqn,2127,0.46949130153272545,-36.793448618401996,0.05
dqn,2128,-9.660890349481795,-38.34448421340964,0.05
dqn,2129,18.57426107524777,-38.44027803098822,0.05
dqn,2130,-105.16386118433688,-40.95374826919196,0.05
dqn,2131,-6.554622120436276,-41.85383202543287,0.05
dqn,2132,-88.03993926262756,-44.91279368079346,0.05
dqn,2133,69.48292144228301,-45.20422485488391,0.05
dqn,2134,-201.6193280960141,-49.94007820952601,0.05
dqn,2135,-40.980313004778345,-51.07817625245575,0.05
dqn,2136,-65.75321081581403,-52.205098423077516,0.05
dqn,2137,-36.94966863663964,-53.0292216797095,0.05
dqn,2138,-26.782622547554038,-51.68593074821416,0.05
dqn,2139,97.6135300053115,-51.1550045378779,0.05
dqn,2140,-71.50483515792897,-56.36438160009629,0.05
dqn,2141,-38.60878925567523,-56.594821956552444,0.05
dqn,2142,-70.61447308223187,-57.44703945038352,0.05
dqn,2143,-125.19052156226,-60.07703375750273,0.05
dqn,2144,42.441004797623826,-60.01614338033051,0.05
dqn,2145,91.68258022305952,-55.376631631084486,0.05
dqn,2146,-36.15127386556367,-55.88190732831055,0.05
dqn,2147,18.675930338849966,-57.90568363238285,0.05
dqn,2148,123.29064015099637,-55.45278078884789,0.05
dqn,2149,-3.1599202263139405,-54.57497029722092,0.05
dqn,2150,-9.522020701005047,-53.15025901696049,0.05
dqn,2151,-144.55509889157474,-56.231495464025016,0.05
dqn,2152,125.28213082084592,-49.77971527683039,0.05
dqn,2153,-95.82257834133017,-49.51405064684206,0.05
dqn,2154,-23.821774717170758,-46.2224064397044,0.05
dqn,2155,5.460122924097058,-41.60089432219103,0.05
dqn,2156,-31.821330061717294,-39.70933679574135,0.05
dqn,2157,104.19780902971192,-36.54791805450362,0.05
dqn,2158,24.06172939097694,-36.78932261327603,0.05
dqn,2159,58.05423162560279,-35.440640364702936,0.05
dqn,2160,10.404266848919598,-33.99417979222378,0.05
dqn,2161,21.31545669293773,-30.17559367620317,0.05
dqn,2162,23.83960500904461,-28.68434480022345,0.05
dqn,2163,78.60109151025902,-26.465695117002365,0.05
dqn,2164,14.119720318616869,-27.16874050506096,0.05
dqn,2165,48.8907079630108,-20.88004442475315,0.05
dqn,2166,119.65386113783514,-15.024606457936214,0.05
dqn,2167,62.92592755543264,-17.202557902361736,0.05
dqn,2168,-57.449431878930376,-15.893762987460686,0.05
dqn,2169,-37.25115400177254,-15.151758184737236,0.05
dqn,2170,-43.9151995485271,-12.103218233025812,0.05
dqn,2171,91.21345476640974,-8.31673579419656,0.05
dqn,2172,-42.60227667512635,-5.991247832184002,0.05
dqn,2173,137.55058212868596,-3.4597600259241053,0.05
dqn,2174,81.89596769600438,-1.3134479741094836,0.05
dqn,2175,-14.430705003831886,0.8758717246145332,0.05
dqn,2176,-33.17205906696396,0.17198253395378843,0.05
dqn,2177,-17.855964860891678,-0.19452658929470112,0.05
dqn,2178,144.62820667416136,2.891255351178163,0.05
dqn,2179,43.57217612173833,3.3912136521079734,0.05
dqn,2180,5.581702499354358,5.6061249257818,0.05
dqn,2181,-30.844331640209287,5.120330735386336,0.05
dqn,2182,-114.26438732673205,4.5958417741042465,0.05
dqn,2183,-98.53833767012837,1.2354165918560174,0.05
dqn,2184,-103.12921551637636,3.205218843448772,0.05
dqn,2185,58.55847516150692,5.195994606774478,0.05
dqn,2186,19.629910485602608,6.903657032802812,0.05
dqn,2187,-49.38448095482386,6.654960786439126,0.05
dqn,2188,-47.55486867092426,6.2395158639717225,0.05
dqn,2189,73.62176582598653,5.759680580385225,0.05
dqn,2190,-17.974397597031217,6.830289331603178,0.05
dqn,2191,-103.06021410875631,5.541260834541556,0.05
dqn,2192,11.661646397445399,7.186783224135101,0.05
dqn,2193,39.20743015120982,10.474742258404499,0.05
dqn,2194,-144.9663046796271,6.726596068859478,0.05
dqn,2195,163.86535621415067,8.170251588681303,0.05
dqn,2196,-152.36944519106441,5.845888162171287,0.05
dqn,2197,26.472805778415225,6.001825670962592,0.05
dqn,2198,-11.062875951723719,3.3147553489081893,0.05
dqn,2199,42.6141664703136,4.230237082840741,0.05
dqn,2200,-128.10508911887837,1.8585757144832757,0.05
