phase,episode,episode_reward,average_reward_50,epsilon
q_learning,1,-62.70390269484636,-62.70390269484636,1.0
q_learning,2,15.384358701432399,-23.659771996706983,0.9993666666666666
q_learning,3,120.96172960843313,24.547395205006392,0.9987333333333334
q_learning,4,-194.6121991195094,-30.242503376122556,0.9981
q_learning,5,-54.45468361711429,-35.0849394243209,0.9974666666666666
q_learning,6,-57.20262550122169,-38.7712204371377,0.9968333333333333
q_learning,7,-140.94158895538513,-53.366987368315904,0.9962
q_learning,8,-22.64989394527803,-49.527350690436165,0.9955666666666667
q_learning,9,39.347739090259964,-39.652340714803266,0.9949333333333333
q_learning,10,107.6619372151176,-24.920912921811176,0.9943
q_learning,11,-190.10713950880015,-39.93784261153745,0.9936666666666667
q_learning,12,-35.12566116841264,-39.536827491277045,0.9930333333333333
q_learning,13,68.18896455906433,-31.250228102789247,0.9924
q_learning,14,-74.0130015088257,-34.30471191750614,0.9917666666666667
q_learning,15,-67.72657361061819,-36.532836030380274,0.9911333333333333
q_learning,16,-48.566274094596324,-37.284925909393785,0.9905
q_learning,17,-26.558095471842602,-36.653935883655485,0.9898666666666667
q_learning,18,8.82407506410047,-34.12737971989126,0.9892333333333333
q_learning,19,-34.12027943664193,-34.127006020772875,0.9886
q_learning,20,-177.5840514079338,-41.29985829013092,0.9879666666666667
q_learning,21,-166.3162158236702,-47.253018172680406,0.9873333333333333
q_learning,22,-41.86673370851648,-47.00818706067296,0.9867
q_learning,23,59.639626154305574,-42.37132561654346,0.9860666666666666
q_learning,24,-212.0596696481383,-49.44167328452658,0.9854333333333334
q_learning,25,-31.57558623642333,-48.727029802602445,0.9848
q_learning,26,34.135476363484095,-45.54001033467604,0.9841666666666666
q_learning,27,19.133214931005757,-43.14470569520635,0.9835333333333334
q_learning,28,-277.68577068753757,-51.52117230207532,0.9829
q_learning,29,4.211899231985836,-49.59934224917666,0.9822666666666666
q_learning,30,-22.03456712125042,-48.68051641157911,0.9816333333333334
q_learning,31,33.57233209806743,-46.02719871771955,0.981
q_learning,32,21.590384981271868,-43.91414922712607,0.9803666666666667
q_learning,33,-141.15995791576586,-46.8609919146606,0.9797333333333333
q_learning,34,-16.798199665397615,-45.97679214262345,0.9791
q_learning,35,-230.340938155859,-51.24433917157304,0.9784666666666667
q_learning,36,-16.95322088367767,-50.29180810802039,0.9778333333333333
q_learning,37,-257.1131222552174,-55.881573355241926,0.9772
q_learning,38,89.82602130627502,-52.04716296941253,0.9765666666666667
q_learning,39,-25.06866672165327,-51.355406655367425,0.9759333333333333
q_learning,40,-81.00575554383224,-52.09666537757905,0.9753000000000001
q_learning,41,-355.4347629972584,-59.495155563424895,0.9746666666666667
q_learning,42,-161.50707628026325,-61.92401081858772,0.9740333333333333
q_learning,43,91.30148992875142,-58.3606270802775,0.9734
q_learning,44,-4.81554982453893,-57.14369350628344,0.9727666666666667
q_learning,45,186.89986445562582,-51.72050332935212,0.9721333333333333
q_learning,46,-336.3565826596708,-57.90824418435905,0.9715
q_learning,47,-224.02187557192195,-61.442576767073156,0.9708666666666667
q_learning,48,-229.3247815614189,-64.94012270028868,0.9702333333333333
q_learning,49,-5.346966806831688,-63.723935845320185,0.9696
q_learning,50,-129.53276318101078,-65.040112392034,0.9689666666666666
q_learning,51,-31.13957203849237,-64.40882577890692,0.9683333333333334
q_learning,52,-107.78782977736478,-66.87226954848285,0.9677
q_learning,53,-92.6309981953197,-71.14412410455792,0.9670666666666666
q_learning,54,-86.90005789602147,-68.98988128008814,0.9664333333333334
q_learning,55,-78.97467853426531,-69.48028117843117,0.9658
q_learning,56,-51.4840507772271,-69.36590968395127,0.9651666666666666
q_learning,57,40.998426187287905,-65.72710938109782,0.9645333333333334
q_learning,58,80.47419157881508,-63.664627670615964,0.9639
q_learning,59,20.518147004967584,-64.04121951232182,0.9632666666666667
q_learning,60,-242.55419386723358,-71.04554213396882,0.9626333333333333
q_learning,61,45.32395958300227,-66.33692015213278,0.962
q_learning,62,78.2520053276631,-64.06936682221126,0.9613666666666667
q_learning,63,-130.81440523440943,-68.04943421808075,0.9607333333333333
q_learning,64,4.470788205072672,-66.47975842380279,0.9601
q_learning,65,-221.75347532710558,-69.56029645813254,0.9594666666666667
q_learning,66,-98.55839609466311,-70.56013889813386,0.9588333333333333
q_learning,67,4.285247242175615,-69.9432720438535,0.9582
q_learning,68,-5.297712070015522,-70.22570778653582,0.9575666666666667
q_learning,69,20.542518486915867,-69.13245182806466,0.9569333333333333
q_learning,70,26.30207605077728,-65.05472927889042,0.9563
q_learning,71,-98.03567596946863,-63.689118481806396,0.9556666666666667
q_learning,72,-194.03315032040584,-66.73244681404418,0.9550333333333333
q_learning,73,30.70608361813151,-67.31111766476766,0.9544
q_learning,74,-134.26220991580604,-65.75516847012103,0.9537666666666667
q_learning,75,51.37415367782735,-64.09617367183601,0.9531333333333334
q_learning,76,-142.1998060634279,-67.62287932037425,0.9525
q_learning,77,-15.106837615904801,-68.30768037131246,0.9518666666666666
q_learning,78,31.537402835002357,-62.123216900861664,0.9512333333333334
q_learning,79,-24.314053186307163,-62.69373594922752,0.9506
q_learning,80,59.30999778765486,-61.06684465104942,0.9499666666666666
q_learning,81,-255.61662301469602,-66.85062375330469,0.9493333333333334
q_learning,82,-26.650233733820663,-67.81543612760655,0.9487
q_learning,83,-33.87580228683047,-65.66975301502784,0.9480666666666666
q_learning,84,-153.25571704669616,-68.39890336265381,0.9474333333333333
q_learning,85,-57.85271973852237,-64.94913899430708,0.9468
q_learning,86,-16.772832190932867,-64.94553122045218,0.9461666666666667
q_learning,87,-87.27428080338059,-61.54875439141543,0.9455333333333333
q_learning,88,23.166764750486188,-62.88193952253122,0.9449
q_learning,89,37.70250785277389,-61.62651603104268,0.9442666666666667
q_learning,90,-137.78699260243312,-62.762140772214686,0.9436333333333333
q_learning,91,-49.456572997775375,-56.64257697222502,0.9430000000000001
q_learning,92,-123.25844065786237,-55.877604259777,0.9423666666666667
q_learning,93,-9.388517043442953,-57.89140439922089,0.9417333333333333
q_learning,94,75.70911516129189,-56.28091109950428,0.9411
q_learning,95,-128.99745048368604,-62.59885739829052,0.9404666666666667
q_learning,96,80.82274519366436,-54.25527084122381,0.9398333333333333
q_learning,97,-81.35962266025413,-51.40202578299045,0.9392
q_learning,98,-51.4148622522911,-47.8438273968079,0.9385666666666667
q_learning,99,-254.45729323894076,-52.82603392545008,0.9379333333333333
q_learning,100,-146.1725037263832,-53.15882873635753,0.9373
q_learning,101,35.457571582762185,-51.82688586393244,0.9366666666666666
q_learning,102,9.784461968782377,-49.47544002900949,0.9360333333333334
q_learning,103,16.671699825421992,-47.28938606859466,0.9354
q_learning,104,-56.768846488990604,-46.686761840454054,0.9347666666666666
q_learning,105,-160.54239907616088,-48.31811625129196,0.9341333333333334
q_learning,106,-100.2976797045081,-49.29438882983758,0.9335
q_learning,107,9.687272314178745,-49.920611907299765,0.9328666666666666
q_learning,108,80.0987032016172,-49.92812167484372,0.9322333333333334
q_learning,109,-87.33225378862461,-52.085129690715554,0.9316
q_learning,110,-49.17104050238901,-48.21746662341868,0.9309666666666667
q_learning,111,-203.0274407897151,-53.184494630873026,0.9303333333333333
q_learning,112,47.636327180024885,-53.79680819382578,0.9297
q_learning,113,3.9471675048874917,-51.10157673903985,0.9290666666666667
q_learning,114,-37.97617092534294,-51.950515921648154,0.9284333333333333
q_learning,115,76.48374484790561,-45.98577151814793,0.9278
q_learning,116,-68.2826590430153,-45.38025677711498,0.9271666666666667
q_learning,117,30.97017433120238,-44.84655823533444,0.9265333333333333
q_learning,118,-27.447757067235695,-45.28955913527884,0.9259
q_learning,119,32.91424597415365,-45.04212458553409,0.9252666666666667
q_learning,120,-29.160314767971048,-46.15137240190906,0.9246333333333333
q_learning,121,-260.23665141319026,-49.395391910783495,0.924
q_learning,122,17.11939862159134,-45.17234093194355,0.9233666666666667
q_learning,123,93.78442509920883,-43.910774102322,0.9227333333333334
q_learning,124,118.82710418076161,-38.84898782039065,0.9221
q_learning,125,-71.13868828283277,-41.29924465960386,0.9214666666666667
q_learning,126,19.771749008743956,-38.05981355816042,0.9208333333333334
q_learning,127,-62.54103139224392,-39.0084974336872,0.9202
q_learning,128,12.188124439075956,-39.39548300160573,0.9195666666666666
q_learning,129,-46.76257475054706,-39.844453432890525,0.9189333333333334
q_learning,130,-103.07015381089435,-43.09205646486151,0.9183
q_learning,131,-286.6322646120553,-43.712369296808696,0.9176666666666666
q_learning,132,115.36603069561244,-40.87204400822003,0.9170333333333334
q_learning,133,37.09265171050601,-39.4526749282733,0.9164
q_learning,134,-112.99721718671503,-38.64750493107367,0.9157666666666666
q_learning,135,74.97526880834883,-35.99094516013625,0.9151333333333334
q_learning,136,-58.65909331908387,-36.82867038269927,0.9145
q_learning,137,-29.55848497937472,-35.674354466219164,0.9138666666666666
q_learning,138,-56.03118316054915,-37.25831342443986,0.9132333333333333
q_learning,139,-225.69378260790108,-42.52623923365336,0.9126
q_learning,140,42.80924459415384,-38.914314489721626,0.9119666666666667
q_learning,141,42.91665060042593,-37.066850017757595,0.9113333333333333
q_learning,142,-9.91924685403609,-34.80006614168107,0.9107000000000001
q_learning,143,21.127607794358187,-34.189743644925045,0.9100666666666667
q_learning,144,-141.3004707917587,-38.52993536398606,0.9094333333333333
q_learning,145,39.63521301352253,-35.15728209404189,0.9088
q_learning,146,5.133362070757975,-36.67106975650001,0.9081666666666667
q_learning,147,-8.057935462222362,-35.20503601253938,0.9075333333333333
q_learning,148,13.841915853378135,-33.899900450425996,0.9069
q_learning,149,5.3008995074035274,-28.704736595499114,0.9062666666666667
q_learning,150,23.805488085649944,-25.305176759258448,0.9056333333333333
q_learning,151,54.55219622499919,-24.923284266413702,0.905
q_learning,152,-39.78484478881077,-25.91467040156557,0.9043666666666667
q_learning,153,-79.16722075026249,-27.83144881307926,0.9037333333333334
q_learning,154,-72.30092589685714,-28.14209040123659,0.9031
q_learning,155,-104.79069239628524,-27.02705626763907,0.9024666666666666
q_learning,156,-114.99298509343352,-27.32096237541759,0.9018333333333334
q_learning,157,-27.244700930628138,-28.059601840313725,0.9012
q_learning,158,-0.14882703962191346,-29.664552445138508,0.9005666666666666
q_learning,159,72.82308603960412,-26.46144564857393,0.8999333333333334
q_learning,160,-84.81175354385088,-27.174259909403172,0.8993
q_learning,161,-89.68949797708832,-24.907501053150636,0.8986666666666667
q_learning,162,-127.10932041552968,-28.40241400506173,0.8980333333333334
q_learning,163,-194.41968720702454,-32.36975109929997,0.8974
q_learning,164,-73.66735788642757,-33.083574838521656,0.8967666666666667
q_learning,165,42.08359901513314,-33.77157775517711,0.8961333333333333
q_learning,166,-48.97759899750385,-33.38547655426688,0.8955
q_learning,167,-28.780401468558725,-34.5804880702621,0.8948666666666667
q_learning,168,-76.94114891971404,-35.570355907311665,0.8942333333333333
q_learning,169,34.397683571551696,-35.54068715536371,0.8936
q_learning,170,-240.41800044254725,-39.76584086885523,0.8929666666666667
q_learning,171,-116.60109475309528,-36.89312973565333,0.8923333333333333
q_learning,172,-113.6662505299347,-39.50884271868385,0.8917
q_learning,173,-4.43815926804099,-41.47329440602884,0.8910666666666667
q_learning,174,19.768931837915076,-43.45445785288578,0.8904333333333333
q_learning,175,-52.217446862734796,-43.07603302448381,0.8898
q_learning,176,-98.83746962116126,-45.448217397081926,0.8891666666666667
q_learning,177,-104.49521782338333,-46.28730112570471,0.8885333333333334
q_learning,178,17.25153373997409,-46.18603293968675,0.8879
q_learning,179,-5.015145722808879,-45.35108435913199,0.8872666666666666
q_learning,180,-111.3068168755865,-45.515817620425835,0.8866333333333334
q_learning,181,-63.566504447393925,-41.054502417132596,0.886
q_learning,182,-219.8136620132236,-47.75809627130932,0.8853666666666666
q_learning,183,-79.90982003053816,-50.09814570613021,0.8847333333333334
q_learning,184,50.183893564876065,-46.83452349109838,0.8841
q_learning,185,8.405893018305218,-48.16591100689926,0.8834666666666666
q_learning,186,26.407254972495853,-46.46458404106765,0.8828333333333334
q_learning,187,-11.9452737326576,-46.11231981613332,0.8822
q_learning,188,-322.369765549348,-51.4390914639093,0.8815666666666667
q_learning,189,-157.798724701812,-50.081190305787516,0.8809333333333333
q_learning,190,-3.661196867985834,-51.010599135030304,0.8803
q_learning,191,1.337965441268046,-51.842172838213465,0.8796666666666667
q_learning,192,10.754609675925392,-51.428695707614246,0.8790333333333333
q_learning,193,-36.44562822245477,-52.580160427950496,0.8784
q_learning,194,-143.10608690639913,-52.616272750243304,0.8777666666666667
q_learning,195,-80.52369207020584,-55.019450851917874,0.8771333333333333
q_learning,196,-74.82991735715542,-56.61871644047615,0.8765000000000001
q_learning,197,-10.180150819864028,-56.661160747628976,0.8758666666666667
q_learning,198,-171.5142966248837,-60.368284997194216,0.8752333333333333
q_learning,199,-213.5270816305962,-64.7448446199542,0.8746
q_learning,200,-113.73831850731048,-67.49572075181341,0.8739666666666667
q_learning,201,66.43041457441203,-67.25815638482516,0.8733333333333333
q_learning,202,63.28803300842423,-65.19669882888046,0.8727
q_learning,203,-159.68308998598505,-66.8070162135949,0.8720666666666667
q_learning,204,-19.413258573686562,-65.7492628671315,0.8714333333333333
q_learning,205,42.934036515431444,-62.79476828889716,0.8708
q_learning,206,-18.135267755584056,-60.857613942140176,0.8701666666666666
q_learning,207,-258.5109880553546,-65.4829396846347,0.8695333333333333
q_learning,208,-190.55485764466744,-69.29106029673561,0.8689
q_learning,209,75.9251332401191,-69.2290193527253,0.8682666666666667
q_learning,210,113.04123802616951,-65.2719595213249,0.8676333333333334
q_learning,211,-108.78218301599827,-65.6538132221031,0.867
q_learning,212,-6.641107044342048,-63.244448954679356,0.8663666666666667
q_learning,213,67.93351433875004,-57.997384923763846,0.8657333333333334
q_learning,214,-64.86008776960702,-57.821239521427444,0.8651
q_learning,215,-53.182531410793516,-59.726562129945975,0.8644666666666667
q_learning,216,49.816243988999716,-57.75068527021591,0.8638333333333333
q_learning,217,34.709359134954575,-56.48089005814564,0.8632
q_learning,218,51.02835649981646,-53.921499949755045,0.8625666666666667
q_learning,219,11.439539829550576,-54.380662824595056,0.8619333333333333
q_learning,220,12.785683444120842,-49.31658914686169,0.8613
q_learning,221,-246.82535303752553,-51.92107431255029,0.8606666666666667
q_learning,222,-72.86145014831102,-51.10497830491782,0.8600333333333333
q_learning,223,-1.559358629365514,-51.04740229214431,0.8594
q_learning,224,-81.99295377427372,-53.08264000438808,0.8587666666666667
q_learning,225,-33.414355027974416,-52.70657816769289,0.8581333333333333
q_learning,226,-37.11907982179514,-51.47221037170557,0.8575
q_learning,227,40.53197617779624,-48.571666491681974,0.8568666666666667
q_learning,228,123.11841195746722,-46.45432892733211,0.8562333333333334
q_learning,229,116.21115390631758,-44.029802934749576,0.8556
q_learning,230,-23.280175695778908,-42.269270111153425,0.8549666666666667
q_learning,231,-125.1663551863399,-43.501267125932344,0.8543333333333334
q_learning,232,-50.954528971590335,-40.124084465099685,0.8537
q_learning,233,-34.18573763910529,-39.209602817271026,0.8530666666666666
q_learning,234,45.774560688951105,-39.297789474789525,0.8524333333333334
q_learning,235,-124.78316624158481,-41.96157065998733,0.8518
q_learning,236,-66.25247922313059,-43.81476534389985,0.8511666666666666
q_learning,237,-6.353388163116277,-43.702927632509024,0.8505333333333334
q_learning,238,1.2094779067893635,-37.23134276338628,0.8499
q_learning,239,-130.45337716780472,-36.68443581270614,0.8492666666666666
q_learning,240,51.7788493565454,-35.57563488821551,0.8486333333333334
q_learning,241,-206.99543674690784,-39.74230293197903,0.848
q_learning,242,-242.1157236784879,-44.79970959906729,0.8473666666666666
q_learning,243,-158.73539582377157,-47.24550495109363,0.8467333333333333
q_learning,244,-173.13328320593504,-47.84604887708434,0.8461
q_learning,245,-28.73976066436206,-46.81037024896747,0.8454666666666667
q_learning,246,-203.59223419611808,-49.38561658574673,0.8448333333333333
q_learning,247,-285.8041267138814,-54.898096103627076,0.8442000000000001
q_learning,248,-227.83577597722075,-56.02452569067381,0.8435666666666667
q_learning,249,132.50794971127192,-49.103825063836446,0.8429333333333333
q_learning,250,-89.08428747323146,-48.61074444315487,0.8423
q_learning,251,-205.3781890379767,-54.04691651540264,0.8416666666666667
q_learning,252,76.97517031056303,-53.77317376935987,0.8410333333333333
q_learning,253,-17.56962797416206,-50.9309045291234,0.8404
q_learning,254,30.96767295837814,-49.923285898482106,0.8397666666666667
q_learning,255,134.8677185015086,-48.08461225876057,0.8391333333333333
q_learning,256,-155.0175400726146,-50.82225770510118,0.8385
q_learning,257,-284.8790020307448,-51.34961798460898,0.8378666666666666
q_learning,258,-21.159591280805827,-47.96171265733175,0.8372333333333333
q_learning,259,3.031534400941452,-49.41958463411531,0.8366
q_learning,260,86.05745484915903,-49.95926029765552,0.8359666666666667
q_learning,261,20.21647726845132,-47.379287091966525,0.8353333333333334
q_learning,262,-24.813769661332596,-47.74274034430633,0.8347
q_learning,263,-121.27085094318323,-51.526827649945,0.8340666666666667
q_learning,264,-264.24841923299465,-55.51459427921276,0.8334333333333334
q_learning,265,69.69626785720206,-53.05701829385284,0.8328
q_learning,266,29.761658607333793,-53.458110001486155,0.8321666666666667
q_learning,267,19.44061687582806,-53.76348484666869,0.8315333333333333
q_learning,268,-361.4024454835094,-62.01210088633521,0.8309
q_learning,269,128.15737797777223,-59.677744123370765,0.8302666666666667
q_learning,270,20.46277768271644,-59.52420223859885,0.8296333333333333
q_learning,271,89.03086484850948,-52.80707788087816,0.829
q_learning,272,-77.36843039875187,-52.89721748588698,0.8283666666666667
q_learning,273,-190.69181565966105,-56.679866626492895,0.8277333333333333
q_learning,274,81.59263109007647,-53.40815492920589,0.8271
q_learning,275,-4.5693051029426845,-52.83125393070525,0.8264666666666667
q_learning,276,-71.23934627083716,-53.5136592596861,0.8258333333333334
q_learning,277,-163.86842722476095,-57.60166732773724,0.8252
q_learning,278,-97.76407861726632,-62.01931713923191,0.8245666666666667
q_learning,279,-78.16272431736121,-65.90679470370549,0.8239333333333334
q_learning,280,137.71634009375967,-62.68686438791471,0.8233
q_learning,281,36.265319160571515,-59.45823090097649,0.8226666666666667
q_learning,282,71.77849753928247,-57.003570370759036,0.8220333333333334
q_learning,283,-57.217120306652646,-57.464198024109976,0.8214
q_learning,284,22.62833558264086,-57.92712252623618,0.8207666666666666
q_learning,285,30.199309935811907,-54.82747300268825,0.8201333333333334
q_learning,286,-39.26054030519925,-54.28763422432962,0.8195
q_learning,287,-39.45099119680733,-54.94958628500344,0.8188666666666666
q_learning,288,6.347207337909293,-54.84683169638104,0.8182333333333334
q_learning,289,45.59686515892578,-51.32582684984643,0.8176
q_learning,290,-175.87502807148906,-55.878904398407116,0.8169666666666666
q_learning,291,-314.7776167730568,-58.034547998930094,0.8163333333333334
q_learning,292,12.11608121845415,-52.94991190099127,0.8157
q_learning,293,-25.82792786189008,-50.29176254175364,0.8150666666666667
q_learning,294,-31.60791953329812,-47.461255268300896,0.8144333333333333
q_learning,295,-92.50364469858118,-48.73653294898528,0.8138
q_learning,296,-88.05342359039098,-46.425756736870746,0.8131666666666667
q_learning,297,-113.60412025424034,-42.98175660767791,0.8125333333333333
q_learning,298,-34.146105702006885,-39.107963202173636,0.8119000000000001
q_learning,299,-32.05351554168328,-42.39919250723274,0.8112666666666667
q_learning,300,52.625604749726634,-39.56499466277357,0.8106333333333333
q_learning,301,-13.565915589441751,-35.72874919380288,0.81
q_learning,302,7.277238118860648,-37.12270783763692,0.8093666666666667
q_learning,303,37.566758351801624,-36.01998011111765,0.8087333333333333
q_learning,304,-32.824947536287986,-37.29583252101097,0.8081
q_learning,305,-33.17928568631449,-40.656772604767426,0.8074666666666667
q_learning,306,-9.388442229273743,-37.744190647900616,0.8068333333333333
q_learning,307,43.2069698510334,-31.18247121026505,0.8062
q_learning,308,51.34292708965024,-29.73242084285593,0.8055666666666667
q_learning,309,-0.06883707285063523,-29.79442827233177,0.8049333333333333
q_learning,310,-29.315456413759577,-32.101886497590144,0.8043
q_learning,311,-23.07504680652398,-32.96771697908965,0.8036666666666666
q_learning,312,-57.31761186077588,-33.617793823078514,0.8030333333333333
q_learning,313,-86.86889694553881,-32.929754743125635,0.8024
q_learning,314,-8.345448304040152,-27.81169532454654,0.8017666666666667
q_learning,315,78.73257567591205,-27.630969168172342,0.8011333333333334
q_learning,316,-9.837756073660698,-28.422957461792226,0.8005
q_learning,317,-120.65867500726688,-31.224943299454125,0.7998666666666667
q_learning,318,-26.890897285468156,-24.5347123354933,0.7992333333333334
q_learning,319,73.94722987803644,-25.618915297488016,0.7986
q_learning,320,62.17163506448676,-24.78473814985261,0.7979666666666667
q_learning,321,-190.6974544484998,-30.379304535792798,0.7973333333333333
q_learning,322,19.19371541266538,-28.448061619564452,0.7967
q_learning,323,-116.4389255977555,-26.963003818326346,0.7960666666666667
q_learning,324,21.190870930084156,-28.17103902152619,0.7954333333333333
q_learning,325,-194.75752626966909,-31.97480344486071,0.7948
q_learning,326,-24.23844863653673,-31.034785492174706,0.7941666666666667
q_learning,327,-76.82885002773558,-29.293993948234203,0.7935333333333333
q_learning,328,-137.38291106714203,-30.086370597231713,0.7929
q_learning,329,-38.44102297994397,-29.29193657048337,0.7922666666666667
q_learning,330,1.9702172425050577,-32.006859027508455,0.7916333333333334
q_learning,331,15.203535614143162,-32.42809469843703,0.791
q_learning,332,23.421907421993932,-33.3952265007828,0.7903666666666667
q_learning,333,66.730356985804,-30.91627695493366,0.7897333333333334
q_learning,334,22.321683334116496,-30.922409999904154,0.7891
q_learning,335,147.29003625212948,-28.5805954735778,0.7884666666666666
q_learning,336,-15.860559075448954,-28.112595848982792,0.7878333333333334
q_learning,337,90.16704815369208,-25.5202350619728,0.7872
q_learning,338,-48.19032489162292,-26.610985706563447,0.7865666666666666
q_learning,339,-163.38518376340957,-30.790626685010157,0.7859333333333334
q_learning,340,-132.9444573447582,-29.932015270475535,0.7853
q_learning,341,-3.0318196207332715,-23.697099327429072,0.7846666666666666
q_learning,342,-3.481690904311131,-24.00905476988438,0.7840333333333334
q_learning,343,131.42707356853953,-20.863954741275784,0.7834
q_learning,344,26.90474794135082,-19.693701391782803,0.7827666666666667
q_learning,345,46.23813877931239,-16.918865722224936,0.7821333333333333
q_learning,346,-157.83173394165507,-18.314431929250215,0.7815
q_learning,347,-156.7574378371483,-19.177498280908377,0.7808666666666667
q_learning,348,-138.70604667956644,-21.268697100459566,0.7802333333333333
q_learning,349,2.1995641268984913,-20.583635507087934,0.7796
q_learning,350,-126.40177484360667,-24.1641830989546,0.7789666666666667
q_learning,351,21.734022231733498,-23.458184342531094,0.7783333333333333
q_learning,352,-217.86271798430826,-27.960983464594474,0.7777000000000001
q_learning,353,-178.3702835758723,-32.27972430314795,0.7770666666666667
q_learning,354,-2.1414067685062403,-31.66605348779231,0.7764333333333333
q_learning,355,84.04936055035112,-29.321480563059005,0.7758
q_learning,356,-34.25184458174129,-29.818748610108354,0.7751666666666667
q_learning,357,66.91295836766757,-29.34462883977567,0.7745333333333333
q_learning,358,-13.177409314271545,-30.635035567854104,0.7739
q_learning,359,-38.71399442925109,-31.40793871498211,0.7732666666666667
q_learning,360,-182.19520710300623,-34.46553372876704,0.7726333333333333
q_learning,361,-26.667019751183375,-34.53737318766023,0.772
q_learning,362,-103.95414220462618,-35.47010379453724,0.7713666666666666
q_learning,363,77.47619286712323,-32.183201998284,0.7707333333333333
q_learning,364,4.173767403954305,-31.932817684124107,0.7701
q_learning,365,-186.75436971607303,-37.24255659196381,0.7694666666666667
q_learning,366,16.78516581223827,-36.71009815424583,0.7688333333333334
q_learning,367,12.791497494539579,-34.0410947042097,0.7682
q_learning,368,-16.640247499359738,-33.836081708487534,0.7675666666666667
q_learning,369,-230.36573734313166,-39.9223410529109,0.7669333333333334
q_learning,370,27.011291695461324,-40.62554792029141,0.7663
q_learning,371,43.4555867544073,-35.942487096233265,0.7656666666666667
q_learning,372,-3.7971374180967272,-36.40230415284851,0.7650333333333333
q_learning,373,10.454168392709493,-33.86444227303921,0.7644
q_learning,374,97.71652859344569,-32.33392911977197,0.7637666666666667
q_learning,375,28.308556910138652,-27.872607456175825,0.7631333333333333
q_learning,376,-189.43206490154824,-31.176479781476054,0.7625
q_learning,377,-157.47736176927643,-32.78945001630687,0.7618666666666667
q_learning,378,-296.8882582963373,-35.979556960890775,0.7612333333333333
q_learning,379,-66.3869606952462,-36.53847571519682,0.7605999999999999
q_learning,380,-109.88104963456526,-38.77550105273823,0.7599666666666667
q_learning,381,-106.92218962860144,-41.21801555759312,0.7593333333333333
q_learning,382,-50.370722148993515,-42.69386814901286,0.7587
q_learning,383,-42.69734704080895,-44.88242222954512,0.7580666666666667
q_learning,384,-3.5503888174082396,-45.39986367257561,0.7574333333333333
q_learning,385,3.453966533755909,-48.27658506694308,0.7568
q_learning,386,-94.35631327755536,-49.846500150985214,0.7561666666666667
q_learning,387,30.239985318490803,-51.04504140768924,0.7555333333333334
q_learning,388,-11.962142361420504,-50.32047775708519,0.7549
q_learning,389,-12.4060577158164,-47.300895236133336,0.7542666666666666
q_learning,390,-37.11604630630016,-45.38432701536418,0.7536333333333334
q_learning,391,64.57357319363024,-44.0322191590769,0.753
q_learning,392,-59.33523896618326,-45.14929012031435,0.7523666666666666
q_learning,393,19.50136349142137,-47.38780432185671,0.7517333333333334
q_learning,394,85.39591349296501,-46.21798101082443,0.7511
q_learning,395,29.253295976483656,-46.557677866881,0.7504666666666667
q_learning,396,-113.96819201668978,-45.68040702838171,0.7498333333333334
q_learning,397,-20.68416399146299,-42.95894155146799,0.7492
q_learning,398,35.75796408948713,-39.46966133608692,0.7485666666666666
q_learning,399,-108.4070411938766,-41.681793442502425,0.7479333333333333
q_learning,400,18.994718138788595,-38.77386358285452,0.7473000000000001
q_learning,401,-34.01881751001842,-39.88892037768955,0.7466666666666667
q_learning,402,-83.09446042135225,-37.19355522643043,0.7460333333333333
q_learning,403,84.04928507340324,-31.945163853444914,0.7454000000000001
q_learning,404,166.3604207129481,-28.57512730381583,0.7447666666666667
q_learning,405,132.31493712732086,-27.609815772276434,0.7441333333333333
q_learning,406,126.66180534475441,-24.391542773746522,0.7435
q_learning,407,-9.939092771059492,-25.92858379652106,0.7428666666666667
q_learning,408,-60.14009350205359,-26.8678374802767,0.7422333333333333
q_learning,409,-0.28494510523157374,-26.09925649379631,0.7416
q_learning,410,-114.21102289609492,-24.73957280965809,0.7409666666666667
q_learning,411,-96.05036763138602,-26.12723976726214,0.7403333333333333
q_learning,412,107.26673338838961,-21.90282225540183,0.7397
q_learning,413,33.49089867387343,-22.78252813926682,0.7390666666666666
q_learning,414,-120.2514248435769,-25.271031984217448,0.7384333333333334
q_learning,415,-174.92437175850796,-25.034432025066145,0.7378
q_learning,416,-65.61008398131021,-26.682337020937116,0.7371666666666667
q_learning,417,-51.68672798235124,-27.971901530474934,0.7365333333333334
q_learning,418,-81.96739630896717,-29.278444506667082,0.7359
q_learning,419,92.79869086602771,-22.815155942483887,0.7352666666666667
q_learning,420,18.565182183092436,-22.984078132731266,0.7346333333333334
q_learning,421,30.810320906564495,-23.236983449688122,0.734
q_learning,422,57.92681957774944,-22.002504309771197,0.7333666666666667
q_learning,423,-112.0324211853705,-24.4522361013328,0.7327333333333333
q_learning,424,-7.627099513342641,-26.559108663468574,0.7321
q_learning,425,54.53509088854881,-26.034577983900363,0.7314666666666667
q_learning,426,-101.55778037930516,-24.2770922934555,0.7308333333333333
q_learning,427,-124.36859124373954,-23.61491688294476,0.7302
q_learning,428,50.05719039922227,-16.676007909033572,0.7295666666666667
q_learning,429,-35.819077249144534,-16.06465024011154,0.7289333333333334
q_learning,430,-93.7658282585446,-15.742345812591129,0.7283000000000001
q_learning,431,-43.51565506050656,-14.47421512122923,0.7276666666666667
q_learning,432,-90.65994597233968,-15.279999597696154,0.7270333333333334
q_learning,433,-296.51277624198866,-20.356308181719747,0.7264
q_learning,434,73.21739958360159,-18.820952413699548,0.7257666666666667
q_learning,435,-16.645139825342266,-19.222934540881514,0.7251333333333334
q_learning,436,-0.03809343884465016,-17.336570144107302,0.7245
q_learning,437,-37.742299643710794,-18.696215843351332,0.7238666666666667
q_learning,438,59.7082567573493,-17.262807860975936,0.7232333333333334
q_learning,439,-216.12400299565647,-21.337166766572732,0.7226
q_learning,440,-57.67808590816394,-21.748407558610012,0.7219666666666666
q_learning,441,-82.19002195607678,-24.68367946160415,0.7213333333333334
q_learning,442,41.717141610496775,-22.662631850070554,0.7207
q_learning,443,61.5217355926863,-21.822224408045248,0.7200666666666666
q_learning,444,70.79713357492992,-22.11420000640596,0.7194333333333334
q_learning,445,-144.11053535482952,-25.581476633032224,0.7188000000000001
q_learning,446,51.34168034958181,-22.27527918570679,0.7181666666666666
q_learning,447,125.64332381424957,-19.348729429592538,0.7175333333333334
q_learning,448,-210.39184567155513,-24.271725624813385,0.7169000000000001
q_learning,449,41.168411534447415,-21.280216570246903,0.7162666666666666
q_learning,450,70.24296461056107,-20.25525164081145,0.7156333333333333
q_learning,451,-191.08430531377616,-23.39656139688661,0.7150000000000001
q_learning,452,-47.58860998002008,-22.686444388059964,0.7143666666666666
q_learning,453,5.955323611293933,-24.248323617302145,0.7137333333333333
q_learning,454,-61.82461319654411,-28.81202429549199,0.7131000000000001
q_learning,455,-39.69751049298348,-32.25227324789808,0.7124666666666667
q_learning,456,-197.06828251196595,-38.72687500503248,0.7118333333333333
q_learning,457,7.788569923035199,-38.37232175115059,0.7112
q_learning,458,78.60948793081998,-35.59733012249312,0.7105666666666667
q_learning,459,-131.26380146885361,-38.21690724976557,0.7099333333333333
q_learning,460,143.50312602502424,-33.06262427134318,0.7093
q_learning,461,23.052859421652776,-30.680559730282408,0.7086666666666668
q_learning,462,55.05671178084744,-31.724760162433245,0.7080333333333333
q_learning,463,53.541159899487326,-31.32375493792097,0.7074
q_learning,464,-148.41041763009622,-31.886934793651353,0.7067666666666668
q_learning,465,128.23420317804653,-25.823763294920262,0.7061333333333333
q_learning,466,12.759039243275787,-24.256380830428544,0.7055
q_learning,467,22.13376797057992,-22.779970911369922,0.7048666666666668
q_learning,468,-235.1160204191095,-25.842943393572767,0.7042333333333333
q_learning,469,40.98298175970101,-26.8792575756993,0.7036
q_learning,470,14.541742604905632,-26.959726367263034,0.7029666666666667
q_learning,471,32.47499828606704,-26.926432819672982,0.7023333333333333
q_learning,472,-30.456025155895222,-28.69408971434588,0.7017
q_learning,473,-70.4913708831667,-27.863268708301806,0.7010666666666667
q_learning,474,-214.38639745749114,-31.99845466718477,0.7004333333333334
q_learning,475,57.519343462581766,-31.938769615704118,0.6998
q_learning,476,164.66879830469915,-26.614238042024034,0.6991666666666667
q_learning,477,-146.70706346313108,-27.061007486411864,0.6985333333333333
q_learning,478,-11.49664635416458,-28.2920842214796,0.6979
q_learning,479,63.12403739864945,-26.313221928523717,0.6972666666666667
q_learning,480,-83.19558345541942,-26.101817032461213,0.6966333333333333
q_learning,481,1.6694696142700605,-25.19811453896568,0.696
q_learning,482,-157.75337803485624,-26.539983180216012,0.6953666666666667
q_learning,483,-15.288018730955256,-20.915488029995345,0.6947333333333333
q_learning,484,18.72496059638293,-22.005336809739717,0.6940999999999999
q_learning,485,58.01781292927973,-20.51207775464728,0.6934666666666667
q_learning,486,-136.18989225402225,-23.23511373095083,0.6928333333333334
q_learning,487,13.705183841916917,-22.20616406123828,0.6921999999999999
q_learning,488,9.297821691335416,-23.214372762558554,0.6915666666666667
q_learning,489,7.82113855673931,-18.735469931510636,0.6909333333333334
q_learning,490,-135.23017390250888,-20.286511691397536,0.6903
q_learning,491,-51.343220086984246,-19.66957565401569,0.6896666666666667
q_learning,492,56.097200685689785,-19.381974472511825,0.6890333333333334
q_learning,493,31.943565734955886,-19.973537869666437,0.6884
q_learning,494,43.1146753507019,-20.527187034150998,0.6877666666666666
q_learning,495,-109.53367909466797,-19.835649908947765,0.6871333333333334
q_learning,496,-99.87804188444551,-22.860044353628314,0.6865
q_learning,497,90.23719972680617,-23.568166835377184,0.6858666666666666
q_learning,498,43.41006823078501,-18.492128557330375,0.6852333333333334
q_learning,499,-17.818411968790045,-19.67186502739513,0.6846
q_learning,500,52.482246991345036,-20.02707937977945,0.6839666666666666
dqn,1,117.66226087392153,117.66226087392153,1.0
dqn,2,-242.06427063878328,-62.20100488243088,0.9993666666666666
dqn,3,-322.714173354453,-149.03872770643827,0.9987333333333334
dqn,4,-63.06166114460509,-127.54446106597996,0.9981
dqn,5,-69.66397596385757,-115.96836404555548,0.9974666666666666
dqn,6,-5.309393460026931,-97.52520228130072,0.9968333333333333
dqn,7,32.565199050948515,-78.94085923383655,0.9962
dqn,8,-54.124711645359376,-75.8388407852769,0.9955666666666667
dqn,9,19.118066380856707,-65.28807332237317,0.9949333333333333
dqn,10,24.588978738577776,-56.30036811627807,0.9943
dqn,11,107.89959835372811,-41.3730984371866,0.9936666666666667
dqn,12,35.2369767976359,-34.98892550095139,0.9930333333333333
dqn,13,-173.1812110831979,-45.61910131497036,0.9924
dqn,14,71.5811944509356,-37.247651617405644,0.9917666666666667
dqn,15,-102.52390671167315,-41.599401957023474,0.9911333333333333
dqn,16,1.7800856838856058,-38.88818397946666,0.9905
dqn,17,-55.00195869059704,-39.83605308012139,0.9898666666666667
dqn,18,-132.14618452292606,-44.964393715832756,0.9892333333333333
dqn,19,-125.99855813711231,-49.22934973800537,0.9886
dqn,20,-50.44179366311471,-49.289971934260834,0.9879666666666667
dqn,21,-15.230026308512842,-47.66806976160617,0.9873333333333333
dqn,22,120.66903158343757,-40.01638333683145,0.9867
dqn,23,-30.06035462616778,-39.58351252332434,0.9860666666666666
dqn,24,-163.4613821933996,-44.74509042624413,0.9854333333333334
dqn,25,38.903593883612444,-41.39914305384987,0.9848
dqn,26,-29.58496301064245,-40.9447515137265,0.9841666666666666
dqn,27,-108.03451283166017,-43.42955748846479,0.9835333333333334
dqn,28,-106.30578475615296,-45.67513703373936,0.9829
dqn,29,53.47138750985751,-42.25629135982223,0.9822666666666666
dqn,30,-119.84428899467245,-44.84255794765057,0.9816333333333334
dqn,31,-19.271650222356126,-44.01768995651204,0.981
dqn,32,-26.74126319183648,-43.47780162011594,0.9803666666666667
dqn,33,-25.13054018651771,-42.92182400091599,0.9797333333333333
dqn,34,-207.53971373490714,-47.76352664015103,0.9791
dqn,35,-82.20993950280517,-48.74770986479829,0.9784666666666667
dqn,36,5.263948880029652,-47.24738601077529,0.9778333333333333
dqn,37,-236.01605069009685,-52.34924181291911,0.9772
dqn,38,-144.8732757181437,-54.78408481042502,0.9765666666666667
dqn,39,29.176654903058175,-52.63124533059212,0.9759333333333333
dqn,40,-82.77638993258056,-53.384873945641836,0.9753000000000001
dqn,41,-64.97350679209872,-53.66752352726274,0.9746666666666667
dqn,42,-196.58591938457712,-57.07034247624641,0.9740333333333333
dqn,43,-51.791245403195965,-56.94757277687315,0.9734
dqn,44,-76.58044501171797,-57.39377441857417,0.9727666666666667
dqn,45,-29.13577235614248,-56.7658188171868,0.9721333333333333
dqn,46,-170.95992206882545,-59.2482993226572,0.9715
dqn,47,4.297341974358511,-57.89626440144411,0.9708666666666667
dqn,48,-8.530550672170259,-56.867812032084224,0.9702333333333333
dqn,49,48.05686866308987,-54.726492017896994,0.9696
dqn,50,-312.29135041200374,-59.87778918577913,0.9689666666666666
dqn,51,60.54056555545503,-61.02022309214846,0.9683333333333334
dqn,52,-41.39985229950322,-57.00693472536286,0.9677
dqn,53,-74.3576906444496,-52.03980507116279,0.9670666666666666
dqn,54,-3.125478147993082,-50.84108141123054,0.9664333333333334
dqn,55,-70.38175427416118,-50.85543697743661,0.9658
dqn,56,21.971601953576467,-50.30981706916455,0.9651666666666666
dqn,57,21.82008866688454,-50.524719276845836,0.9645333333333334
dqn,58,-83.26903797145177,-51.107605803367676,0.9639
dqn,59,116.3520668844273,-49.162925793296274,0.9632666666666667
dqn,60,93.85391884843735,-47.77762699109908,0.9626333333333333
dqn,61,-144.3228182607229,-52.82207532338809,0.962
dqn,62,-124.03240516397253,-56.00746296262027,0.9613666666666667
dqn,63,-100.90222017371393,-54.561883144430595,0.9607333333333333
dqn,64,-99.89752238675378,-57.991457481184376,0.9601
dqn,65,-29.122492563119472,-56.52342919821331,0.9594666666666667
dqn,66,35.092422560909775,-55.85718246067283,0.9588333333333333
dqn,67,91.22940321121654,-52.93255522263656,0.9582
dqn,68,-19.335012504973765,-50.676331782277515,0.9575666666666667
dqn,69,2.135678468255105,-48.11364705017016,0.9569333333333333
dqn,70,-151.5314356876231,-50.135439890660315,0.9563
dqn,71,-61.14618636181938,-51.05376309172645,0.9556666666666667
dqn,72,-82.81499826680287,-55.12344368873126,0.9550333333333333
dqn,73,-35.36281956608622,-55.22949298752964,0.9544
dqn,74,58.572348700044095,-50.78881836966076,0.9537666666666667
dqn,75,59.37499101573162,-50.37939042701837,0.9531333333333334
dqn,76,-31.718342994465917,-50.42205802669484,0.9525
dqn,77,-63.97296032625446,-49.54082697658672,0.9518666666666666
dqn,78,-26.038087699154477,-47.935473035446755,0.9512333333333334
dqn,79,26.48453915278189,-48.47521000258826,0.9506
dqn,80,12.702252571871215,-45.824279171257395,0.9499666666666666
dqn,81,166.44535132003784,-42.10993914040952,0.9493333333333334
dqn,82,-322.26027823105056,-48.0203194411938,0.9487
dqn,83,-94.84695015297542,-49.41464764052295,0.9480666666666666
dqn,84,-11.446843978189046,-45.4927902453886,0.9474333333333333
dqn,85,-62.458591595234466,-45.09776328723718,0.9468
dqn,86,86.91262642715296,-43.464789736294705,0.9461666666666667
dqn,87,-51.85041530370299,-39.78147702856684,0.9455333333333333
dqn,88,72.93309497757078,-35.42534961465255,0.9449
dqn,89,-123.89360425880221,-38.48675479788976,0.9442666666666667
dqn,90,-55.330924602713566,-37.93784549129242,0.9436333333333333
dqn,91,-79.26651592300415,-38.22370567391053,0.9430000000000001
dqn,92,38.31571857769672,-33.525672914665044,0.9423666666666667
dqn,93,18.648474789332756,-32.11687851081447,0.9417333333333333
dqn,94,-233.67765011477144,-35.25882261287555,0.9411
dqn,95,43.39500487932625,-33.80820706816617,0.9404666666666667
dqn,96,-115.86432518509676,-32.70629513049159,0.9398333333333333
dqn,97,-153.7269926245465,-35.8667818224697,0.9392
dqn,98,18.04607180017535,-35.335249373022776,0.9385666666666667
dqn,99,-6.305960799280731,-36.4225059622702,0.9379333333333333
dqn,100,-32.445851274040386,-30.825595979510926,0.9373
dqn,101,-48.01176753736593,-32.996642641367345,0.9366666666666666
dqn,102,1.7489417039337996,-32.1336667612986,0.9360333333333334
dqn,103,-46.16160035250686,-31.56974495545975,0.9354
dqn,104,-22.946248395071425,-31.966160360401314,0.9347666666666666
dqn,105,-117.17547732374837,-32.90203482139306,0.9341333333333334
dqn,106,-181.5847673105425,-36.97316220667543,0.9335
dqn,107,63.13969604577069,-36.14677005909772,0.9328666666666666
dqn,108,-10.729430012730576,-34.69597789992329,0.9322333333333334
dqn,109,-30.37222880145979,-37.630463813641036,0.9316
dqn,110,-32.13132208104515,-40.15016863223069,0.9309666666666667
dqn,111,-62.524773578899286,-38.51420773859422,0.9303333333333333
dqn,112,-71.46836627186256,-37.46292696075202,0.9297
dqn,113,-16.755282713389942,-35.779988211545536,0.9290666666666667
dqn,114,-124.06294460899774,-36.26329665599041,0.9284333333333333
dqn,115,34.86315671314181,-34.98358367046519,0.9278
dqn,116,66.12233818096749,-34.36298535806404,0.9271666666666667
dqn,117,-63.59193510039825,-37.459412124296335,0.9265333333333333
dqn,118,-198.642959924525,-41.04557107268735,0.9259
dqn,119,-85.17431792373257,-42.7917710005271,0.9252666666666667
dqn,120,43.42720848228341,-38.892598117128976,0.9246333333333333
dqn,121,-173.1704030325861,-41.13308245054431,0.924
dqn,122,73.69452915384812,-38.00289190213129,0.9233666666666667
dqn,123,-130.70465914375706,-39.909728693684706,0.9227333333333334
dqn,124,9.052404093439455,-40.9001275858168,0.9221
dqn,125,-213.17988388422864,-46.351225083816004,0.9214666666666667
dqn,126,-41.32263694379939,-46.54331096280267,0.9208333333333334
dqn,127,-27.389143894586766,-45.81163463416932,0.9202
dqn,128,-241.62590994958788,-50.123391079177985,0.9195666666666666
dqn,129,10.902133151982106,-50.43503919919398,0.9189333333333334
dqn,130,0.8588824843246814,-50.67190660094492,0.9183
dqn,131,-297.5249958434565,-59.951313544214806,0.9176666666666666
dqn,132,-161.13561862446448,-56.728820352083076,0.9170333333333334
dqn,133,-200.97104479639327,-58.85130224495144,0.9164
dqn,134,-20.33885316792365,-59.02914242874615,0.9157666666666666
dqn,135,29.09063805639531,-57.198157835713545,0.9151333333333334
dqn,136,54.51469915802727,-57.84611638109605,0.9145
dqn,137,-41.75620639659666,-57.644232202953916,0.9138666666666666
dqn,138,-131.10194826239228,-61.724933067753184,0.9132333333333333
dqn,139,-59.63799143563968,-60.43982081128995,0.9126
dqn,140,-11.492110200614341,-59.56304452324795,0.9119666666666667
dqn,141,-32.56081902521516,-58.62893058529217,0.9113333333333333
dqn,142,80.2237190293504,-57.79077057625909,0.9107000000000001
dqn,143,-111.7648639136326,-60.399037350318416,0.9100666666666667
dqn,144,-219.3105932576835,-60.11169621317666,0.9094333333333333
dqn,145,-28.38343673541377,-61.54726504547145,0.9088
dqn,146,16.602501946202995,-58.897928502845446,0.9081666666666667
dqn,147,44.65793106652956,-54.930230029023924,0.9075333333333333
dqn,148,75.36314705200076,-53.783888523987414,0.9069
dqn,149,115.52471040517683,-51.34727509989826,0.9062666666666667
dqn,150,51.20622253966123,-49.67423362362423,0.9056333333333333
dqn,151,99.72413217023714,-46.71951562947217,0.905
dqn,152,9.393886123782474,-46.566616741075194,0.9043666666666667
dqn,153,-18.27030989746591,-46.008790931974374,0.9037333333333334
dqn,154,9.480735238666977,-45.36025125929961,0.9031
dqn,155,-63.96190603784244,-44.295979833581484,0.9024666666666666
dqn,156,-235.37391357769187,-45.37176275892449,0.9018333333333334
dqn,157,-41.24112468877661,-47.45937917361543,0.9012
dqn,158,-142.12745651912314,-50.08733970374329,0.9005666666666666
dqn,159,35.85627438301795,-48.76276964005372,0.8999333333333334
dqn,160,-250.76949659114374,-53.1355331302557,0.8993
dqn,161,56.72212324122719,-50.75059519385317,0.8986666666666667
dqn,162,-170.09169281790008,-52.72306172477391,0.8980333333333334
dqn,163,-234.41079473858736,-57.07617196527787,0.8974
dqn,164,-67.69289026791584,-55.94877087845624,0.8967666666666667
dqn,165,24.91422711947131,-56.14774947032964,0.8961333333333333
dqn,166,21.927351523067863,-57.03164920348763,0.8955
dqn,167,-100.79859486063759,-57.77578239869241,0.8948666666666667
dqn,168,-65.72401291600629,-55.11740345852204,0.8942333333333333
dqn,169,-161.53558030289486,-56.64462870610529,0.8936
dqn,170,-198.8629174231048,-61.49043122421304,0.8929666666666667
dqn,171,2.8756259144807435,-57.96951064527171,0.8923333333333333
dqn,172,-218.14413638271415,-63.806283956002964,0.8917
dqn,173,30.77340158374969,-60.57672274145283,0.8910666666666667
dqn,174,87.52533892879568,-59.00726404474571,0.8904333333333333
dqn,175,22.8201476164763,-54.287263414731605,0.8898
dqn,176,-52.365818836732565,-54.50812705259027,0.8891666666666667
dqn,177,42.0182386371998,-53.11997940195453,0.8885333333333334
dqn,178,59.68093474462825,-47.09384250807021,0.8879
dqn,179,22.769912975560963,-46.85648691159864,0.8872666666666666
dqn,180,-108.58779810643861,-49.0454205234139,0.8866333333333334
dqn,181,14.743867784660246,-42.800043250851566,0.886
dqn,182,8.46262496868597,-39.408078378988556,0.8853666666666666
dqn,183,80.58620588080379,-33.77693336544461,0.8847333333333334
dqn,184,-22.856633150021395,-33.827288965086574,0.8841
dqn,185,6.420924238643462,-34.28068324144161,0.8834666666666666
dqn,186,-121.1852740829016,-37.79468270626019,0.8828333333333334
dqn,187,-107.90186261823797,-39.11759583069301,0.8822
dqn,188,30.121259858340856,-35.89313166827836,0.8815666666666667
dqn,189,-149.49718124156118,-37.69031546439678,0.8809333333333333
dqn,190,43.10117294879786,-36.598449801408535,0.8803
dqn,191,-24.224784813843016,-36.43172911718109,0.8796666666666667
dqn,192,-52.88415919543742,-39.09388668167685,0.8790333333333333
dqn,193,-11.007776181390842,-37.07874492703202,0.8784
dqn,194,39.18776742235275,-31.90877771343129,0.8777666666666667
dqn,195,18.369916748499747,-30.97371064375302,0.8771333333333333
dqn,196,-222.74086200838897,-35.76057792284486,0.8765000000000001
dqn,197,-40.64764823785016,-37.466689508932454,0.8758666666666667
dqn,198,-167.18716676591362,-42.31769578529074,0.8752333333333333
dqn,199,111.5004473881901,-42.39818104563048,0.8746
dqn,200,-83.8768623930765,-45.099842744285226,0.8739666666666667
dqn,201,-56.802545232815014,-48.23037629234627,0.8733333333333333
dqn,202,-15.749299491215403,-48.73324000464622,0.8727
dqn,203,-149.9098474197301,-51.36603075509151,0.8720666666666667
dqn,204,-115.22609259360537,-53.86016731173695,0.8714333333333333
dqn,205,49.85643514267021,-51.5838004881267,0.8708
dqn,206,-180.4205241426798,-50.48473269942646,0.8701666666666666
dqn,207,-31.143859770091694,-50.282787401052765,0.8695333333333333
dqn,208,-1.320227064146307,-47.466642811953236,0.8689
dqn,209,85.66064178606881,-46.47055546389222,0.8682666666666667
dqn,210,20.496008227703783,-41.04524536751526,0.8676333333333334
dqn,211,-65.40135159345448,-43.48771486420889,0.867
dqn,212,140.53178159961598,-37.275245375858574,0.8663666666666667
dqn,213,9.890454505246932,-32.38922039098189,0.8657333333333334
dqn,214,-24.984212648591658,-31.535046838595402,0.8651
dqn,215,69.930701619106,-30.634717348602713,0.8644666666666667
dqn,216,-66.8590641251401,-32.41044566156687,0.8638333333333333
dqn,217,-71.89232818063873,-31.83232032796689,0.8632
dqn,218,14.498190428773466,-30.22787626107129,0.8625666666666667
dqn,219,37.54388634017,-26.246286928209997,0.8619333333333333
dqn,220,133.726480224076,-19.59449897526638,0.8613
dqn,221,-113.38621172693834,-21.91973572809476,0.8606666666666667
dqn,222,-345.01884822674197,-24.457229964975323,0.8600333333333333
dqn,223,-16.184160137893993,-25.396381199408196,0.8594
dqn,224,-318.97924401125067,-33.526472858209125,0.8587666666666667
dqn,225,-146.91019986981163,-36.92107980793487,0.8581333333333333
dqn,226,31.131321221474288,-35.25113700677074,0.8575
dqn,227,60.99208229156908,-34.87166013368336,0.8568666666666667
dqn,228,-98.1746947936885,-38.0287727244497,0.8562333333333334
dqn,229,6.727560730584837,-38.34961976934922,0.8556
dqn,230,-80.11424933470092,-37.78014879391446,0.8549666666666667
dqn,231,-67.97211744285579,-39.43446849846478,0.8543333333333334
dqn,232,27.130627372859028,-39.061108450381326,0.8537
dqn,233,-128.45213356867606,-43.24187523937092,0.8530666666666666
dqn,234,-181.0356039351019,-46.405454655072525,0.8524333333333334
dqn,235,-147.0449706309726,-49.474772552464856,0.8518
dqn,236,-19.530117948566698,-47.441669429778166,0.8511666666666666
dqn,237,-22.596989291290075,-45.7355719632392,0.8505333333333334
dqn,238,0.6267296355530303,-46.32546256769495,0.8499
dqn,239,-51.9330715895107,-44.374180374653946,0.8492666666666666
dqn,240,13.655687356984021,-44.963090086490226,0.8486333333333334
dqn,241,-247.19329859726656,-49.42246036215869,0.848
dqn,242,-151.81629275744342,-51.40110303339881,0.8473666666666666
dqn,243,-25.782863483361304,-51.69660477943822,0.8467333333333333
dqn,244,-67.89422242178317,-53.83824457632094,0.8461
dqn,245,-26.845293132425223,-54.74254877393943,0.8454666666666667
dqn,246,-46.358361665870376,-51.21489876708906,0.8448333333333333
dqn,247,-21.24546187021469,-50.826855039736344,0.8442000000000001
dqn,248,54.47944249216733,-46.39352285457474,0.8435666666666667
dqn,249,-320.8065268789575,-55.03966233991768,0.8429333333333333
dqn,250,-44.82779505679057,-54.258680993191966,0.8423
dqn,251,161.8442129701555,-49.88574582913256,0.8416666666666667
dqn,252,-45.68174727633576,-50.484394784834976,0.8410333333333333
dqn,253,-34.670874655822885,-48.179615329556825,0.8404
dqn,254,-297.6055411774588,-51.8272043012339,0.8397666666666667
dqn,255,-130.3283011895458,-55.43089902787822,0.8391333333333333
dqn,256,31.31385522339654,-51.19621144055669,0.8385
dqn,257,-69.41956406573735,-51.9617255264696,0.8378666666666666
dqn,258,-96.80983453320228,-53.87151767585072,0.8372333333333333
dqn,259,2.468657143862518,-55.53535736869485,0.8366
dqn,260,13.314369881883309,-55.67899013561125,0.8359666666666667
dqn,261,-64.54932673675904,-55.66194963847734,0.8353333333333334
dqn,262,-262.51380240712444,-63.722861318612146,0.8347
dqn,263,40.107766907502324,-63.118515070567035,0.8340666666666667
dqn,264,-202.18680321087035,-66.66256688181261,0.8334333333333334
dqn,265,-194.5651653145946,-71.95248422048662,0.8328
dqn,266,-133.60191451422162,-73.28734122826826,0.8321666666666667
dqn,267,-71.79486058264693,-73.28539187630844,0.8315333333333333
dqn,268,-135.15035963933622,-76.27836287767062,0.8309
dqn,269,-112.4844232467468,-79.27892906940896,0.8302666666666667
dqn,270,-20.168916239475557,-82.35683699868,0.8296333333333333
dqn,271,13.998709301397621,-79.80913857811328,0.829
dqn,272,18.33428342223017,-72.54207594513383,0.8283666666666667
dqn,273,-44.206420282043105,-73.1025211480168,0.8277333333333333
dqn,274,-72.17820949319638,-68.16650045765572,0.8271
dqn,275,-43.03552972826323,-66.08900705482475,0.8264666666666667
dqn,276,-158.35915795086234,-69.87881663827149,0.8258333333333334
dqn,277,-94.30409821990905,-72.98474024850105,0.8252
dqn,278,-75.86655983933643,-72.538577549414,0.8245666666666667
dqn,279,14.022601999707268,-72.39267672403156,0.8239333333333334
dqn,280,-267.0636743588344,-76.13166522451424,0.8233
dqn,281,-156.2089387473551,-77.89640165060422,0.8226666666666667
dqn,282,-70.42993147421923,-79.84761282754579,0.8220333333333334
dqn,283,-6.160759219607089,-77.4017853405644,0.8214
dqn,284,-21.017595989425427,-74.20142518165088,0.8207666666666666
dqn,285,14.207069132397857,-70.97638438638346,0.8201333333333334
dqn,286,-20.653620784650844,-70.99885444310515,0.8195
dqn,287,-99.95906466781483,-72.54609595063565,0.8188666666666666
dqn,288,4.493622221923431,-72.46875809890824,0.8182333333333334
dqn,289,-79.88341766791072,-73.02776502047624,0.8176
dqn,290,3.420233030866414,-73.2324741069986,0.8169666666666666
dqn,291,-131.6463507789785,-70.92153515063282,0.8163333333333334
dqn,292,124.67426048206768,-65.39172408584261,0.8157
dqn,293,18.26508957696831,-64.51076502463599,0.8150666666666667
dqn,294,-7.722268421921018,-63.30732594463877,0.8144333333333333
dqn,295,-30.895885309021402,-63.38833778817068,0.8138
dqn,296,-78.0765553113002,-64.02270166107928,0.8131666666666667
dqn,297,-147.54279105301052,-66.5486482447352,0.8125333333333333
dqn,298,-99.0417387584507,-69.61907186974757,0.8119000000000001
dqn,299,-89.61933284291983,-64.99532798902682,0.8112666666666667
dqn,300,5.520932829719651,-63.9883534312966,0.8106333333333333
dqn,301,34.99221130471201,-66.52539346460549,0.81
dqn,302,-5.856444142083197,-65.72888740192043,0.8093666666666667
dqn,303,-64.75562965498665,-66.3305825019037,0.8087333333333333
dqn,304,-26.64917667066557,-60.91145521176782,0.8081
dqn,305,20.346256454635764,-57.8979640588842,0.8074666666666667
dqn,306,-162.42218361983154,-61.77268483574877,0.8068333333333333
dqn,307,-47.7329926886689,-61.3389534082074,0.8062
dqn,308,-130.10572593967467,-62.00487123633684,0.8055666666666667
dqn,309,-149.63518733715617,-65.04694812595723,0.8049333333333333
dqn,310,-52.10337971720176,-66.35530311793893,0.8043
dqn,311,129.14907937624713,-62.48133499567879,0.8036666666666666
dqn,312,-27.68538539665685,-57.78476665546944,0.8030333333333333
dqn,313,3.0537884106775497,-58.52584622540594,0.8024
dqn,314,-85.90444080281493,-56.20019897724484,0.8017666666666667
dqn,315,-33.51125633304104,-52.97912079761375,0.8011333333333334
dqn,316,-16.772538109352848,-50.64253326951638,0.8005
dqn,317,62.4566969756571,-47.957502118350305,0.7998666666666667
dqn,318,-5.418258588826428,-45.36286009734011,0.7992333333333334
dqn,319,-36.34011529475705,-43.83997393830032,0.7986
dqn,320,-251.62562257924574,-48.46910806509572,0.7979666666666667
dqn,321,-291.6437221097907,-54.58195669331949,0.7973333333333333
dqn,322,-57.94451098228666,-56.107532581409814,0.7967
dqn,323,-176.3702641473803,-58.75080945871657,0.7960666666666667
dqn,324,-218.7939615973854,-61.68312450080034,0.7954333333333333
dqn,325,85.69931824347262,-59.108427541365614,0.7948
dqn,326,18.966605812066344,-55.56191226610704,0.7941666666666667
dqn,327,-214.11949161790156,-57.9582201340669,0.7935333333333333
dqn,328,-80.48096736000765,-58.05050828448032,0.7929
dqn,329,90.86093983569981,-56.513741527760466,0.7922666666666667
dqn,330,71.6968118267187,-49.738531804049416,0.7916333333333334
dqn,331,10.73541286511264,-46.399644771800055,0.791
dqn,332,-174.77713802921255,-48.48658890289992,0.7903666666666667
dqn,333,-11.302000668311987,-48.58941373187402,0.7897333333333334
dqn,334,-76.66055914197048,-49.702272994924925,0.7891
dqn,335,-21.70473533663317,-50.42050908430555,0.7884666666666666
dqn,336,-146.33878987606278,-52.93421246613379,0.7878333333333334
dqn,337,-192.28436171944446,-54.780718407166376,0.7872
dqn,338,-73.44884304777216,-56.33956771256028,0.7865666666666666
dqn,339,23.028305772734676,-54.28133324374738,0.7859333333333334
dqn,340,37.765940967688614,-53.594419085010934,0.7853
dqn,341,-17.555468804772527,-51.312601445526816,0.7846666666666666
dqn,342,15.283114381814036,-53.500424367531885,0.7840333333333334
dqn,343,-30.42361355137106,-54.47419843009869,0.7834
dqn,344,92.1318003484753,-52.47711705469075,0.7827666666666667
dqn,345,-73.96296774460848,-53.3384587034025,0.7821333333333333
dqn,346,-0.45870170846580727,-51.78610163134581,0.7815
dqn,347,-103.37987060815169,-50.90284322244863,0.7808666666666667
dqn,348,157.05874146002168,-45.78083361807918,0.7802333333333333
dqn,349,41.961458563752196,-43.149217789945745,0.7796
dqn,350,92.33662922033677,-41.41290386213339,0.7789666666666667
dqn,351,-58.991763157431514,-43.29258335137627,0.7783333333333333
dqn,352,-117.27800023699533,-45.52101447327452,0.7777000000000001
dqn,353,-18.376885213113148,-44.593439584437036,0.7770666666666667
dqn,354,59.9106923832835,-42.862242203358065,0.7764333333333333
dqn,355,-148.89121427633637,-46.24699161797751,0.7758
dqn,356,-75.19757804756057,-44.502499506532075,0.7751666666666667
dqn,357,15.501517919995246,-43.2378092943588,0.7745333333333333
dqn,358,23.78296240670065,-40.1600355274313,0.7739
dqn,359,-188.582710884056,-40.9389859983693,0.7732666666666667
dqn,360,-27.425560363272226,-40.4454296112907,0.7726333333333333
dqn,361,-96.9857604588115,-44.96812640799187,0.772
dqn,362,-49.332644689090564,-45.401071593840555,0.7713666666666666
dqn,363,88.94180760634808,-43.68331120992713,0.7707333333333333
dqn,364,43.02442947254443,-41.10473380441995,0.7701
dqn,365,-122.88738267705989,-42.89225633130033,0.7694666666666667
dqn,366,-179.47331019907944,-46.14627177309486,0.7688333333333334
dqn,367,-196.9284926404998,-51.333975565417994,0.7682
dqn,368,-242.0884893481544,-56.06738018060455,0.7675666666666667
dqn,369,76.85750333008933,-53.80342780810763,0.7669333333333334
dqn,370,-194.61777532132552,-52.66327086294922,0.7663
dqn,371,-110.18356588118147,-49.03406773837705,0.7656666666666667
dqn,372,2.556436578583871,-47.824048787159626,0.7650333333333333
dqn,373,12.207591393833729,-44.05249167633535,0.7644
dqn,374,-106.40539346678138,-41.804720313723266,0.7637666666666667
dqn,375,57.58593092411749,-42.36698806011037,0.7631333333333333
dqn,376,-9.251272704062325,-42.93134563043294,0.7625
dqn,377,42.524094263818796,-37.798473912798535,0.7618666666666667
dqn,378,-36.6613438568456,-36.92208144273529,0.7612333333333333
dqn,379,102.48687092612298,-36.68956282092684,0.7605999999999999
dqn,380,71.83378541960107,-36.68682334906918,0.7599666666666667
dqn,381,-6.877588095921105,-37.03908336828985,0.7593333333333333
dqn,382,-22.600038466073574,-33.995541377027074,0.7587
dqn,383,70.0897379745453,-32.36770660416993,0.7580666666666667
dqn,384,-270.92757504129355,-36.25304692215639,0.7574333333333333
dqn,385,-103.02817830609513,-37.879515781545635,0.7568
dqn,386,-20.99893398762313,-35.37271866377684,0.7561666666666667
dqn,387,50.47490797807872,-30.517533269826377,0.7555333333333334
dqn,388,-93.83595628851201,-30.925275534641173,0.7549
dqn,389,147.73189834995702,-28.431203683096733,0.7542666666666666
dqn,390,54.244960228309,-28.10162329788432,0.7536333333333334
dqn,391,35.79401665932296,-27.03463358860241,0.753
dqn,392,-3.8553329398553102,-27.417402535035798,0.7523666666666666
dqn,393,-95.74953871769391,-28.723921038362256,0.7517333333333334
dqn,394,-105.7804590363746,-32.68216622605926,0.7511
dqn,395,-35.660069513738485,-31.916108261441856,0.7504666666666667
dqn,396,-5.41822210620242,-32.01529866939659,0.7498333333333334
dqn,397,-70.73951912294176,-31.36249163969239,0.7492
dqn,398,-10.859629492796927,-34.720859058748765,0.7485666666666666
dqn,399,34.48483889468746,-34.87039145213006,0.7479333333333333
dqn,400,4.379563082678995,-36.62953277488322,0.7473000000000001
dqn,401,29.62163721825024,-34.85726476736957,0.7466666666666667
dqn,402,68.974249411066,-31.132219774408345,0.7460333333333333
dqn,403,-57.70711851932141,-31.918824440532518,0.7454000000000001
dqn,404,-188.30870674387657,-36.88321242307572,0.7447666666666667
dqn,405,-206.54092785902674,-38.036206694729515,0.7441333333333333
dqn,406,110.88933592242121,-34.314468415329884,0.7435
dqn,407,-253.06995506167897,-39.68589787496337,0.7428666666666667
dqn,408,-281.0480099468431,-45.78251732203424,0.7422333333333333
dqn,409,-69.2933598417141,-43.3967303011874,0.7416
dqn,410,-28.924792596105373,-43.42671494584407,0.7409666666666667
dqn,411,17.700952468349477,-41.13298068730085,0.7403333333333333
dqn,412,57.865567946246415,-38.98901643459411,0.7397
dqn,413,-9.691832286428157,-40.961689232449636,0.7390666666666666
dqn,414,-13.847117301425227,-42.09912016792903,0.7384333333333334
dqn,415,6.631775832735615,-39.50873699773311,0.7378
dqn,416,105.64122585249882,-33.80644627670155,0.7371666666666667
dqn,417,-249.27161599195983,-34.85330874373075,0.7365333333333334
dqn,418,-20.45781182755174,-30.420695193318696,0.7359
dqn,419,-16.931522430505154,-32.296475708530586,0.7352666666666667
dqn,420,-201.75774117168584,-32.43927502553779,0.7346333333333334
dqn,421,86.2543838877436,-28.51051603015929,0.734
dqn,422,-180.6516570136984,-32.17467790200494,0.7333666666666667
dqn,423,-11.13437479542322,-32.641517225790075,0.7327333333333333
dqn,424,15.84431939564866,-30.196522968541473,0.7321
dqn,425,8.81924269500804,-31.171856733123665,0.7314666666666667
dqn,426,92.84327487448316,-29.129965781552755,0.7308333333333333
dqn,427,-116.97371747693558,-32.31992201636785,0.7302
dqn,428,-42.53808479859364,-32.43745683520281,0.7295666666666667
dqn,429,-94.44013669041827,-36.37599698753363,0.7289333333333334
dqn,430,-39.33298127074386,-38.59933232134053,0.7283000000000001
dqn,431,-15.441016340942472,-38.770600886240956,0.7276666666666667
dqn,432,-27.061405881906214,-38.85982823455761,0.7270333333333334
dqn,433,5.7085435238024065,-40.147452123572464,0.7264
dqn,434,-44.21639481698372,-35.61322851908626,0.7257666666666667
dqn,435,37.201214320676556,-32.80864066655083,0.7251333333333334
dqn,436,-43.329736663434346,-33.25525672006705,0.7245
dqn,437,-200.53269699163852,-38.275408819461404,0.7238666666666667
dqn,438,-183.19133295598849,-40.06251635281093,0.7232333333333334
dqn,439,28.122212250820695,-42.45471007479367,0.7226
dqn,440,-23.981095182066753,-44.01923118300118,0.7219666666666666
dqn,441,-204.89750663061207,-48.83306164879988,0.7213333333333334
dqn,442,-75.36211111364987,-50.26319721227576,0.7207
dqn,443,2.5415684562465173,-48.29737506879697,0.7200666666666666
dqn,444,-51.8424297565848,-47.21861448320117,0.7194333333333334
dqn,445,-38.839983296802046,-47.28221275886244,0.7188000000000001
dqn,446,-67.63010894298453,-48.52645049559808,0.7181666666666666
dqn,447,-64.13097258610965,-48.394279564861435,0.7175333333333334
dqn,448,-9.75663575788382,-48.37221969016318,0.7169000000000001
dqn,449,-49.52799975197331,-50.05247646309639,0.7162666666666666
dqn,450,-123.34935733290614,-52.60705487140809,0.7156333333333333
dqn,451,-10.84366010051016,-53.4163608177833,0.7150000000000001
dqn,452,-204.28457432839704,-58.88153729257256,0.7143666666666666
dqn,453,-39.47358729515098,-58.51686666808915,0.7137333333333333
dqn,454,133.6707375820154,-52.07727778157131,0.7131000000000001
dqn,455,-61.94067511403404,-49.18527272667146,0.7124666666666667
dqn,456,-19.39678718238953,-51.79099518876768,0.7118333333333333
dqn,457,-141.59456037126094,-49.56148729495931,0.7112
dqn,458,78.47842027748354,-42.37095869047278,0.7105666666666667
dqn,459,28.504109166232105,-40.41500931031385,0.7099333333333333
dqn,460,-106.7699448124163,-41.97191235464008,0.7093
dqn,461,19.32713222398086,-41.939388759527446,0.7086666666666668
dqn,462,-92.6151257318833,-44.949002633090046,0.7080333333333333
dqn,463,-184.16419874110886,-48.43844996218365,0.7074
dqn,464,76.15573157135458,-46.638392984728064,0.7067666666666668
dqn,465,-2.577901850739294,-46.82258653839755,0.7061333333333333
dqn,466,64.6192075002926,-47.64302690544167,0.7055
dqn,467,-139.5925791554187,-45.44944616871085,0.7048666666666668
dqn,468,-5.221777750662496,-45.144725487173076,0.7042333333333333
dqn,469,-101.51592950655377,-46.83641362869405,0.7036
dqn,470,23.102587310962363,-42.33920705904108,0.7029666666666667
dqn,471,-56.79471945396048,-45.20018912587517,0.7023333333333333
dqn,472,57.553736079622844,-40.436081264008735,0.7017
dqn,473,38.695882189873664,-39.43947612430281,0.7010666666666667
dqn,474,-239.37092106983036,-44.54378093361239,0.7004333333333334
dqn,475,94.65858338927626,-42.82699411972701,0.6998
dqn,476,172.6814040356603,-41.23023153650347,0.6991666666666667
dqn,477,-89.70859285155558,-40.68492904399588,0.6985333333333333
dqn,478,-7.350090733792095,-39.98116916269984,0.6979
dqn,479,-0.7963772913653209,-38.10829397471879,0.6972666666666667
dqn,480,59.90311859428442,-36.12357197741822,0.6966333333333333
dqn,481,-88.28014030026344,-37.58035445660464,0.696
dqn,482,-77.38298818742997,-38.586786102715116,0.6953666666666667
dqn,483,175.62465189771393,-35.18846393523688,0.6947333333333333
dqn,484,89.37656101683102,-32.516604818560594,0.6940999999999999
dqn,485,-62.12276893131061,-34.50308448360034,0.6934666666666667
dqn,486,-96.2576122862813,-35.561641996057276,0.6928333333333334
dqn,487,-16.978353616890196,-31.890555128562305,0.6921999999999999
dqn,488,-81.17757482160604,-29.850279965874655,0.6915666666666667
dqn,489,16.508702829525063,-30.082550154300566,0.6909333333333334
dqn,490,4.869327671380983,-29.50554169723162,0.6903
dqn,491,-46.139926067087785,-26.33039008596113,0.6896666666666667
dqn,492,24.955265287841037,-24.32404255793131,0.6890333333333334
dqn,493,76.72138292838798,-22.84044626848848,0.6884
dqn,494,75.1597372559291,-20.300402928238203,0.6877666666666666
dqn,495,44.666748964917076,-18.63026828300382,0.6871333333333334
dqn,496,61.46361085882382,-16.048393886967652,0.6865
dqn,497,-30.918917053796932,-15.384152776321395,0.6858666666666666
dqn,498,-240.10491706730275,-19.991118402509777,0.6852333333333334
dqn,499,10.75016044471378,-18.785555198576034,0.6846
dqn,500,11.266235921097772,-16.093243333495955,0.6839666666666666
dqn,501,-0.9454927067180658,-15.895279985620114,0.6833333333333333
dqn,502,11.021770220380558,-11.589153094644562,0.6827
dqn,503,-26.952422308849233,-11.338729794918528,0.6820666666666666
dqn,504,104.92553627988985,-11.91363382096104,0.6814333333333333
dqn,505,-61.0346906561632,-11.895514131803623,0.6808000000000001
dqn,506,-31.91130175685826,-12.145804423292997,0.6801666666666667
dqn,507,-185.15639643431078,-13.017041144553993,0.6795333333333333
dqn,508,10.83795191614171,-14.369850511780829,0.6789000000000001
dqn,509,-209.11654875849234,-19.12226367027532,0.6782666666666667
dqn,510,48.42252977013719,-16.01841417862425,0.6776333333333333
dqn,511,-225.1628702742026,-20.908214228587916,0.677
dqn,512,-31.83463300727202,-19.69260437409569,0.6763666666666667
dqn,513,13.117626688139284,-15.746967865510731,0.6757333333333333
dqn,514,-153.30453178822384,-20.3361731327023,0.6751
dqn,515,-19.79373324774419,-20.6804897606424,0.6744666666666667
dqn,516,43.20476169552177,-21.108778676737817,0.6738333333333333
dqn,517,-24.978294404999122,-18.81649298172942,0.6732
dqn,518,15.538147954080705,-18.401294467634557,0.6725666666666666
dqn,519,9.532483377514477,-16.18032620995319,0.6719333333333334
dqn,520,-151.5465597111878,-19.673309150396193,0.6713
dqn,521,102.85824005644548,-16.480249960188075,0.6706666666666667
dqn,522,-15.553917813404617,-17.942403038048624,0.6700333333333334
dqn,523,-21.899280789126976,-19.154306297628636,0.6694
dqn,524,-158.55977886961412,-17.538083453624314,0.6687666666666667
dqn,525,-90.13268277431592,-21.233908776896154,0.6681333333333334
dqn,526,-16.607783660539496,-25.01969253082016,0.6675
dqn,527,-120.35191672523166,-25.632559008293676,0.6668666666666667
dqn,528,-156.36775609857295,-28.61291231558929,0.6662333333333333
dqn,529,49.095113404434336,-27.615082501673296,0.6656
dqn,530,50.87590339465774,-27.79562680566583,0.6649666666666667
dqn,531,-81.79594882929163,-27.66594297624639,0.6643333333333333
dqn,532,166.92050744077088,-22.779873063682377,0.6637
dqn,533,10.132931360772824,-26.089707474421196,0.6630666666666667
dqn,534,-34.87170857071194,-28.574672866172058,0.6624333333333334
dqn,535,-77.97123366073612,-28.891642160760572,0.6618
dqn,536,-34.950176006551665,-27.66549343516597,0.6611666666666667
dqn,537,21.212730686940606,-26.90167174908936,0.6605333333333334
dqn,538,-47.5303750934666,-26.22872775452657,0.6599
dqn,539,-0.41747649899569317,-26.56725134109699,0.6592666666666667
dqn,540,39.63247260223651,-25.871988442479882,0.6586333333333334
dqn,541,-74.05982484659957,-26.430386418070114,0.658
dqn,542,31.95550100701488,-26.290381703686638,0.6573666666666667
dqn,543,40.9572034605254,-27.00566529304389,0.6567333333333334
dqn,544,164.23824672743146,-25.224095103613845,0.6561
dqn,545,99.431045244031,-24.12880917803156,0.6554666666666666
dqn,546,38.65628898153849,-24.584955615577268,0.6548333333333334
dqn,547,-70.29035896788656,-25.37238445385906,0.6542
dqn,548,-30.938915756416897,-21.18906442764134,0.6535666666666666
dqn,549,90.51365335842509,-19.593794569367116,0.6529333333333334
dqn,550,70.41632781102211,-18.410792731568627,0.6523000000000001
dqn,551,65.12685299201898,-17.08934581759389,0.6516666666666667
dqn,552,15.98339145645522,-16.9901133928724,0.6510333333333334
dqn,553,40.82250986217359,-15.63461474945194,0.6504000000000001
dqn,554,-54.66017024049341,-18.826328879859606,0.6497666666666667
dqn,555,-48.68101629627363,-18.57925539266181,0.6491333333333333
dqn,556,-69.04851073220686,-19.321999572168785,0.6485000000000001
dqn,557,-21.548832557477894,-16.049848294632127,0.6478666666666667
dqn,558,-80.49042398699746,-17.876415812694912,0.6472333333333333
dqn,559,168.06536010210232,-10.33277763548302,0.6466000000000001
dqn,560,-145.47870099012914,-14.210802250688344,0.6459666666666667
dqn,561,-11.893996181449326,-9.945424768833279,0.6453333333333333
dqn,562,-68.74123615126503,-10.68355683171314,0.6447
dqn,563,78.7779107831049,-9.370351149813827,0.6440666666666667
dqn,564,2.548732022930827,-6.253285873590734,0.6434333333333333
dqn,565,19.126581936659527,-5.474879569902658,0.6428
dqn,566,-37.09002158694323,-7.080775235551959,0.6421666666666668
dqn,567,-4.514116372537281,-6.671491674902722,0.6415333333333333
dqn,568,-89.02324142979472,-8.762719462580229,0.6409
dqn,569,-13.926130424876234,-9.231891738628043,0.6402666666666668
dqn,570,-60.38522942987206,-7.408665133001731,0.6396333333333333
dqn,571,-0.9325565886035354,-9.484481065902711,0.639
dqn,572,38.26820554759185,-8.408038598682781,0.6383666666666667
dqn,573,-319.7136792048749,-14.364326566997738,0.6377333333333333
dqn,574,39.75150623683137,-10.39810086486883,0.6371
dqn,575,-57.63592650939689,-9.74816573957045,0.6364666666666667
dqn,576,122.51465195413361,-6.9657170272769875,0.6358333333333333
dqn,577,-77.65928312996854,-6.111864355371725,0.6352
dqn,578,47.215556971291896,-2.0401980939744275,0.6345666666666667
dqn,579,29.317708273587854,-2.435746196591358,0.6339333333333333
dqn,580,-100.32253664887693,-5.459714997462052,0.6333
dqn,581,30.01661307522226,-3.2234637593717737,0.6326666666666667
dqn,582,-33.97205750510224,-7.241315058289235,0.6320333333333334
dqn,583,76.82598943526922,-5.907453896799309,0.6314
dqn,584,30.79786376443989,-4.594062450096273,0.6307666666666667
dqn,585,107.45051295827794,-0.8856275177159918,0.6301333333333334
dqn,586,7.844039883113558,-0.029743199922686935,0.6295
dqn,587,18.67177654678872,-0.08056228272572369,0.6288666666666667
dqn,588,71.09966724577791,2.2920385640591667,0.6282333333333334
dqn,589,128.4129237992229,4.868646570023539,0.6275999999999999
dqn,590,-263.8973633568431,-1.201950149158053,0.6269666666666667
dqn,591,-7.475911755953802,0.1297281126548626,0.6263333333333334
dqn,592,-75.05181856099763,-2.010418278705387,0.6256999999999999
dqn,593,-83.31285841595374,-4.49581951623497,0.6250666666666667
dqn,594,76.91745543794458,-6.242235342024708,0.6244333333333334
dqn,595,-79.1028329151584,-9.812912905208496,0.6238
dqn,596,170.9118976182135,-7.167800732474993,0.6231666666666666
dqn,597,1.7718976441938932,-5.726555600233386,0.6225333333333334
dqn,598,131.30682488716351,-2.4816407873617767,0.6219
dqn,599,49.4489649225857,-3.3029345560785646,0.6212666666666666
dqn,600,71.55263556349136,-3.2802084010291797,0.6206333333333334
dqn,601,-23.78994202687179,-5.058544301406994,0.62
dqn,602,-2.2596718769739668,-5.423405568075581,0.6193666666666666
dqn,603,-130.40289893798447,-8.847913744078742,0.6187333333333334
dqn,604,16.604543243260732,-7.42261947440366,0.6181
dqn,605,81.61820892237269,-4.816634970030733,0.6174666666666666
dqn,606,4.844353013561429,-3.338777695115367,0.6168333333333333
dqn,607,-111.22616928356027,-5.1323244296370145,0.6162
dqn,608,-68.6127074659551,-4.894770099216167,0.6155666666666666
dqn,609,-121.74069005781435,-10.6908911024145,0.6149333333333333
dqn,610,-117.0040136451362,-10.12139735551464,0.6143000000000001
dqn,611,45.48876245549284,-8.973742182775798,0.6136666666666667
dqn,612,-32.06807586084882,-8.240278976967474,0.6130333333333333
dqn,613,-77.85858924930378,-11.373008977615648,0.6124
dqn,614,84.7087892002309,-9.729807834069646,0.6117666666666667
dqn,615,-84.27753665490644,-11.797890205900964,0.6111333333333333
dqn,616,38.86601348778959,-10.27876950440631,0.6105
dqn,617,-34.39388772105854,-10.876364931376735,0.6098666666666667
dqn,618,-3.942872536521191,-9.174757553511265,0.6092333333333333
dqn,619,-1.7125671826213555,-8.930486288666167,0.6086
dqn,620,-20.64237905999108,-8.135629281268546,0.6079666666666667
dqn,621,-70.60771831400234,-9.529132515776523,0.6073333333333333
dqn,622,-52.703681319418,-11.348570253116721,0.6067
dqn,623,-51.55729374032847,-5.9854425438257906,0.6060666666666666
dqn,624,37.51175494477914,-6.030237569666835,0.6054333333333334
dqn,625,-129.44533158973871,-7.466425671273671,0.6048
dqn,626,89.36711102311274,-8.129376489894089,0.6041666666666667
dqn,627,73.18144386588733,-5.112561949976971,0.6035333333333334
dqn,628,-2.1987348595589653,-6.100847786593988,0.6029
dqn,629,-13.013396160768636,-6.947469875281119,0.6022666666666667
dqn,630,-65.50669823542432,-6.251153107012065,0.6016333333333334
dqn,631,39.67995510637265,-6.057886266389057,0.601
dqn,632,47.15890200381895,-4.435267076210634,0.6003666666666667
dqn,633,-95.46160319207054,-7.881018928757429,0.5997333333333333
dqn,634,-98.24711666035185,-10.461918537253263,0.5991
dqn,635,-17.405878936414272,-12.959046375147107,0.5984666666666667
dqn,636,-241.993978373165,-17.95580674027268,0.5978333333333333
dqn,637,170.99805832112938,-14.909281104785867,0.5972
dqn,638,42.267480389211784,-15.485924841917187,0.5965666666666667
dqn,639,102.48139745678884,-16.004555368765867,0.5959333333333334
dqn,640,113.41835155576554,-8.458241070513697,0.5953
dqn,641,-19.928479186290886,-8.707292419120439,0.5946666666666667
dqn,642,-187.52464319903294,-10.956748911881146,0.5940333333333334
dqn,643,106.5247760649456,-7.1599962222631595,0.5934
dqn,644,65.4266464113923,-7.389812402794205,0.5927666666666667
dqn,645,12.237687944516303,-5.563001985600709,0.5921333333333334
dqn,646,-127.82034405054986,-11.537646818975977,0.5915
dqn,647,-15.59973202764695,-11.885079412412797,0.5908666666666667
dqn,648,110.09409591313693,-12.309333991893329,0.5902333333333334
dqn,649,47.50434658288797,-12.348226358687281,0.5896
dqn,650,-50.659467309450136,-14.792468416146113,0.5889666666666666
dqn,651,-60.37725987425652,-15.524214773093806,0.5883333333333334
dqn,652,-192.1543257411956,-19.322107850378238,0.5877
dqn,653,-244.7796331426658,-21.609642534471863,0.5870666666666666
dqn,654,-224.891079080105,-26.439554980939175,0.5864333333333334
dqn,655,-235.5760397652294,-32.78343995469122,0.5858000000000001
dqn,656,-2.247516529440998,-32.925277345551265,0.5851666666666667
dqn,657,-340.601204425459,-37.512778048389244,0.5845333333333333
dqn,658,-112.8308686621765,-38.39714127231367,0.5839000000000001
dqn,659,4.117223623527104,-35.87998299868684,0.5832666666666667
dqn,660,-215.33611825197616,-37.84662509082364,0.5826333333333333
dqn,661,2.5520927816474956,-38.70535848430055,0.5820000000000001
dqn,662,-271.77909242508133,-43.4995788155852,0.5813666666666667
dqn,663,-69.66914602008374,-43.3357899510008,0.5807333333333333
dqn,664,-154.80215496462802,-48.12600883429797,0.5801000000000001
dqn,665,85.06123743179657,-44.73923335256392,0.5794666666666667
dqn,666,75.79993435062683,-44.00055493530717,0.5788333333333333
dqn,667,8.389414617461359,-43.14488888853678,0.5782
dqn,668,-33.85653027445841,-43.74316204329551,0.5775666666666667
dqn,669,16.303500506043882,-43.38284068952222,0.5769333333333333
dqn,670,-95.09316330241259,-44.871856374370644,0.5763
dqn,671,149.14615534338387,-40.47677890122292,0.5756666666666668
dqn,672,36.05910889571358,-38.70152309692028,0.5750333333333333
dqn,673,-162.37487961316629,-40.91787481437704,0.5744
dqn,674,-132.8895547085581,-44.32590100744379,0.5737666666666668
dqn,675,-36.576283617447054,-42.46852004799796,0.5731333333333334
dqn,676,-16.26700466946381,-44.58120236184949,0.5725
dqn,677,62.09439463068744,-44.802943346553484,0.5718666666666667
dqn,678,-142.48051096843295,-47.608578868730966,0.5712333333333334
dqn,679,48.35251717532549,-46.381260602009085,0.5706
dqn,680,4.414180646189984,-44.9828430243768,0.5699666666666667
dqn,681,-56.87337410095529,-46.913909608523355,0.5693333333333334
dqn,682,49.45976875128942,-46.86789227357394,0.5687
dqn,683,-43.86632417834489,-45.835986693299425,0.5680666666666667
dqn,684,37.37230495019989,-43.12359826108839,0.5674333333333335
dqn,685,93.99856927626575,-40.895509296834796,0.5668
dqn,686,123.02597695035836,-33.59511019036432,0.5661666666666667
dqn,687,-1.7520900394093086,-37.0501131575751,0.5655333333333334
dqn,688,14.735377484770666,-37.60075521566392,0.5649
dqn,689,-16.702370967758064,-39.984430584154865,0.5642666666666667
dqn,690,35.80968541696973,-41.53660390693078,0.5636333333333334
dqn,691,80.35564191065505,-39.53092148499186,0.563
dqn,692,-132.2089122330277,-38.424606865671755,0.5623666666666667
dqn,693,45.35847679932265,-39.64793285098421,0.5617333333333334
dqn,694,51.66276633050907,-39.92321045260188,0.5610999999999999
dqn,695,-6.478246751871094,-40.297529146529634,0.5604666666666667
dqn,696,-168.04597125715432,-41.102041690661714,0.5598333333333334
dqn,697,-28.38492242234065,-41.357745498555595,0.5591999999999999
dqn,698,30.596375154183146,-42.94769991373467,0.5585666666666667
dqn,699,-3.604293218260777,-43.969872709757645,0.5579333333333334
dqn,700,-28.817702740021307,-43.53303741836907,0.5573
dqn,701,60.095771872786486,-41.123576783428206,0.5566666666666666
dqn,702,-38.924721392156655,-38.05898469644743,0.5560333333333334
dqn,703,-156.12499046923034,-36.28589184297872,0.5554
dqn,704,-181.6609089171129,-35.42128843971887,0.5547666666666666
dqn,705,40.115554983610444,-29.907456544742075,0.5541333333333334
dqn,706,76.4318104903516,-28.333870004346227,0.5535000000000001
dqn,707,-80.99994328213263,-23.141844781479698,0.5528666666666666
dqn,708,-39.559318610472204,-21.676413780445614,0.5522333333333334
dqn,709,-141.6691057740085,-24.592140368396326,0.5516000000000001
dqn,710,-5.595929821030911,-20.39733659977742,0.5509666666666666
dqn,711,5.8230929057681164,-20.331916597295006,0.5503333333333333
dqn,712,42.042605943289104,-14.0554826299276,0.5497000000000001
dqn,713,-4.801210462135034,-12.758123918768625,0.5490666666666666
dqn,714,47.221501388709946,-8.717650791701866,0.5484333333333333
dqn,715,-176.70522066690864,-13.95297995367597,0.5478000000000001
dqn,716,141.78085268459233,-12.63336158699666,0.5471666666666667
dqn,717,-63.50590200927702,-14.07126791953143,0.5465333333333333
dqn,718,3.343661642716782,-13.327264081187925,0.5459
dqn,719,-20.884887327789382,-14.071031837864586,0.5452666666666667
dqn,720,0.07039834714960769,-12.167760604873342,0.5446333333333333
dqn,721,-27.977684907158903,-15.710237409884199,0.544
dqn,722,-32.676767393517665,-17.084954935668826,0.5433666666666667
dqn,723,-30.090601567993563,-14.43926937476537,0.5427333333333333
dqn,724,-110.03400289645441,-13.982158338523295,0.5421
dqn,725,69.63717175094813,-11.857889231155394,0.5414666666666667
dqn,726,13.105809191659201,-11.270432953932932,0.5408333333333333
dqn,727,-52.999313599414066,-13.572307118534964,0.5402
dqn,728,108.94404173084325,-8.543816064549441,0.5395666666666666
dqn,729,121.30582401066924,-7.084749927842565,0.5389333333333334
dqn,730,22.3981235211572,-6.725071070343221,0.5383
dqn,731,-80.93849191376825,-7.20637342659948,0.5376666666666667
dqn,732,-218.6097272890332,-12.567763347405933,0.5370333333333334
dqn,733,-187.58036228474433,-15.442044109533919,0.5364
dqn,734,28.80468405445224,-15.613396527448874,0.5357666666666667
dqn,735,-211.02758843609405,-21.71391968169607,0.5351333333333333
dqn,736,-198.8569012699162,-28.15157724610156,0.5345
dqn,737,195.3196914620951,-24.210141616071475,0.5338666666666667
dqn,738,122.02680900289066,-22.064312985709076,0.5332333333333333
dqn,739,45.89407912132177,-20.81238398392748,0.5326
dqn,740,49.60101285450857,-20.5365574351767,0.5319666666666667
dqn,741,-43.855465243309375,-23.020779578255993,0.5313333333333333
dqn,742,90.77679877322505,-18.561065358130932,0.5307
dqn,743,-163.65368422088946,-22.741308578535175,0.5300666666666667
dqn,744,-64.45015170407216,-25.063566939226803,0.5294333333333334
dqn,745,91.67211361858509,-23.100559731817675,0.5288
dqn,746,-31.433030781912013,-20.368300922312834,0.5281666666666667
dqn,747,-63.51566332852879,-21.0709157404366,0.5275333333333334
dqn,748,-30.00212694983784,-22.28288578251702,0.5269
dqn,749,25.038844004220074,-21.7100230380674,0.5262666666666667
dqn,750,-27.126401119960743,-21.67619700566619,0.5256333333333334
dqn,751,-70.38809593027219,-24.285874361727355,0.525
dqn,752,-24.00819076385168,-23.987543749161258,0.5243666666666666
dqn,753,-25.665688639527577,-21.378357712567205,0.5237333333333334
dqn,754,55.609464232916274,-16.63295024956662,0.5231
dqn,755,55.96066534622444,-16.316048042314335,0.5224666666666666
dqn,756,-83.55190269345171,-19.5157223059904,0.5218333333333334
dqn,757,46.65928809772658,-16.96253767839322,0.5212
dqn,758,177.54757104778804,-12.620399885228013,0.5205666666666666
dqn,759,83.08746396106334,-8.12526849052658,0.5199333333333334
dqn,760,3.743071840129178,-7.938488457303378,0.5193000000000001
dqn,761,95.3774079257685,-6.14740215690337,0.5186666666666666
dqn,762,-24.330134532179564,-7.474856966412745,0.5180333333333333
dqn,763,-107.17377496439855,-9.522308256458013,0.5174000000000001
dqn,764,155.73445745923038,-7.352049135047607,0.5167666666666666
dqn,765,121.53509936049352,-1.3872427344995606,0.5161333333333333
dqn,766,13.982872077293514,-3.9432023466455384,0.5155000000000001
dqn,767,-126.08447396289914,-5.19477378571798,0.5148666666666666
dqn,768,30.38271697637158,-4.653992679044884,0.5142333333333333
dqn,769,158.5613987421985,-1.0650669576451275,0.5136000000000001
dqn,770,30.64300299610921,-0.45361486466593404,0.5129666666666666
dqn,771,-248.9492456225514,-4.8730460789737835,0.5123333333333333
dqn,772,-16.536445783004478,-4.550239646763519,0.5117
dqn,773,83.63742250079528,-2.2756791653877433,0.5110666666666667
dqn,774,88.90343611292003,1.7030696147997455,0.5104333333333334
dqn,775,-26.858232000529682,-0.22683846022981044,0.5098
dqn,776,-18.186871352631968,-0.8526920711156353,0.5091666666666667
dqn,777,-38.65494504093991,-0.5658046999461525,0.5085333333333334
dqn,778,128.72658237966527,-0.17015388696971342,0.5079
dqn,779,50.938133511432525,-1.5775076969544475,0.5072666666666666
dqn,780,-53.39114850379426,-3.0932931374534784,0.5066333333333334
dqn,781,-294.6123724446416,-7.3667707480709455,0.506
dqn,782,-119.94305352055656,-5.393437272701415,0.5053666666666666
dqn,783,121.69065052098941,0.7919829834132611,0.5047333333333334
dqn,784,0.6193075589877263,0.22827545350397055,0.5041
dqn,785,-151.20484015651496,1.4247304190955532,0.5034666666666667
dqn,786,74.70367859874375,6.895942016468752,0.5028333333333334
dqn,787,-89.08933694111334,1.2077614484045842,0.5022
dqn,788,-160.4012839242303,-4.440800410137835,0.5015666666666667
dqn,789,-314.62309935394666,-11.651143979643201,0.5009333333333335
dqn,790,-215.20017667377928,-16.94716777020896,0.5003
dqn,791,-276.29696304564584,-21.595997726255693,0.4996666666666667
dqn,792,-48.824129958579384,-24.388016300891778,0.49903333333333333
dqn,793,-186.99856238202213,-24.854913864114433,0.49839999999999995
dqn,794,78.27379397618122,-22.000434950509366,0.4977666666666667
dqn,795,-30.12535747163872,-24.436384372313842,0.4971333333333333
dqn,796,35.271384274059926,-23.102296071194395,0.49650000000000005
dqn,797,-87.20148096241303,-23.57601242387209,0.4958666666666668
dqn,798,23.411027145058508,-22.507749341974158,0.4952333333333334
dqn,799,-49.214106721619466,-23.99280835649095,0.49460000000000004
dqn,800,13.97270958909613,-23.17082614230981,0.4939666666666668
dqn,801,-90.62951780952285,-23.575654579894827,0.4933333333333334
dqn,802,52.29859478786662,-22.049518868860464,0.4927
dqn,803,90.82814474070489,-19.71964220125581,0.49206666666666676
dqn,804,142.09459201142076,-17.989939645685723,0.4914333333333334
dqn,805,-107.25639980025467,-21.2542809486153,0.4908
dqn,806,56.077678561480894,-18.46168932351665,0.49016666666666675
dqn,807,16.20003319212363,-19.07087442162871,0.4895333333333334
dqn,808,-207.2261559123682,-26.766348960831838,0.4889
dqn,809,28.96831736786705,-27.848731892695756,0.48826666666666674
dqn,810,-25.317839420212355,-28.429950117902585,0.48763333333333336
dqn,811,-85.26892316849941,-32.04287673978795,0.487
dqn,812,57.56138658173095,-30.40504631750974,0.4863666666666667
dqn,813,159.24125175843167,-25.076745783053138,0.48573333333333335
dqn,814,73.486420384866,-26.721706524540423,0.4851
dqn,815,-48.10541241983709,-30.11451676014704,0.4844666666666667
dqn,816,49.89186713224538,-29.396336859048002,0.48383333333333334
dqn,817,-99.43723185438618,-28.863392016877743,0.48319999999999996
dqn,818,-159.50653628728958,-32.661177082150964,0.4825666666666667
dqn,819,-112.45432419619436,-38.08149154091882,0.4819333333333333
dqn,820,-50.00908676314688,-39.694533336103945,0.48129999999999995
dqn,821,81.26832206964775,-33.090181982259956,0.4806666666666667
dqn,822,-21.507925508172335,-33.18961157676332,0.4800333333333333
dqn,823,-210.75271402018555,-39.07741430718293,0.47939999999999994
dqn,824,2.231182395181424,-40.8108593815377,0.4787666666666667
dqn,825,-13.75836361507471,-40.548862013828604,0.4781333333333333
dqn,826,-86.49827538694078,-41.91509009451478,0.47750000000000004
dqn,827,-1.1772087671983977,-41.16553536903995,0.47686666666666677
dqn,828,9.566941081219305,-43.54872819500887,0.4762333333333334
dqn,829,-138.02123050661342,-47.327915475369785,0.4756
dqn,830,33.80478370649401,-45.58399683116402,0.47496666666666676
dqn,831,7.760681701703058,-39.536535748237135,0.4743333333333334
dqn,832,-110.52513295897879,-39.348177337005566,0.4737
dqn,833,92.09450198401603,-39.94010030774504,0.47306666666666675
dqn,834,119.97500458442202,-37.55298636723635,0.47243333333333337
dqn,835,89.78810213831876,-32.73312752133968,0.4718
dqn,836,-42.11099690983374,-35.06942103151123,0.47116666666666673
dqn,837,-49.719430048536374,-34.28202289365969,0.47053333333333336
dqn,838,-274.42061703456267,-36.56240955586633,0.4699
dqn,839,7.6431189442884095,-30.117085189901637,0.4692666666666667
dqn,840,0.6968440792714039,-25.79914477484062,0.46863333333333335
dqn,841,-45.428438264936894,-21.181774279226442,0.46799999999999997
dqn,842,-224.57791571015844,-24.696849994258024,0.4673666666666667
dqn,843,62.88248438618286,-19.699229058893923,0.46673333333333333
dqn,844,-258.05058345018927,-26.425716607421336,0.46609999999999996
dqn,845,-102.35216990445107,-27.87025285607758,0.4654666666666667
dqn,846,-50.1152471748027,-29.57798548505484,0.4648333333333333
dqn,847,-78.94743611878111,-29.412904588182197,0.46420000000000006
dqn,848,-189.61515103335537,-33.67342815175047,0.4635666666666667
dqn,849,35.77139813039708,-31.973718054710144,0.4629333333333333
dqn,850,-180.32993470534802,-35.85977094059902,0.46230000000000004
dqn,851,-110.80476951880172,-36.263275974784605,0.46166666666666667
dqn,852,94.77244591684811,-35.41379895220498,0.4610333333333333
dqn,853,2.7959291339065544,-37.17444326434094,0.46040000000000003
dqn,854,32.2565802726378,-39.37120349911659,0.45976666666666666
dqn,855,35.50866774039309,-36.51590214830364,0.4591333333333333
dqn,856,55.95765852646595,-36.51830254900394,0.4585
dqn,857,56.501585905698086,-35.712271494732455,0.45786666666666676
dqn,858,-42.062764903452944,-32.40900367455415,0.4572333333333334
dqn,859,-7.697122447076043,-33.142312470853014,0.4566000000000001
dqn,860,52.45723020899266,-31.586811078268912,0.45596666666666674
dqn,861,-191.82309712801342,-33.71789455745919,0.45533333333333337
dqn,862,-56.85541163885727,-36.006230521870954,0.4547000000000001
dqn,863,-0.11792544721965337,-39.19341406598399,0.45406666666666673
dqn,864,35.06717329705981,-39.96179900774011,0.45343333333333335
dqn,865,159.9093074558051,-35.80150461022727,0.4528000000000001
dqn,866,-59.96844608620347,-37.99871087459624,0.4521666666666667
dqn,867,30.757476943791982,-35.394816698632674,0.45153333333333334
dqn,868,-293.1653543123637,-38.06799305913415,0.4509000000000001
dqn,869,156.88857874602843,-32.68113500028971,0.4502666666666667
dqn,870,9.715140739000908,-31.48665045024675,0.44963333333333333
dqn,871,154.49854947646523,-30.022045902110396,0.44900000000000007
dqn,872,8.654994016935406,-29.418787511608233,0.4483666666666667
dqn,873,-94.51224558572642,-27.09397814291906,0.4477333333333333
dqn,874,84.1705141698587,-25.45519150742551,0.44710000000000005
dqn,875,12.374835636439807,-24.932527522395215,0.4464666666666667
dqn,876,26.140673585735303,-22.6797485429417,0.4458333333333333
dqn,877,64.49358197818962,-21.366332728033935,0.44520000000000004
dqn,878,-148.02646388271546,-24.518200827312636,0.44456666666666667
dqn,879,36.18313254960062,-21.034113566188353,0.4439333333333333
dqn,880,15.528123715435221,-21.39964676600953,0.4433
dqn,881,-140.02157778491738,-24.35529195574194,0.44266666666666665
dqn,882,39.61089846838144,-21.35257132719473,0.4420333333333333
dqn,883,-102.79119402251024,-25.250285247325266,0.4414
dqn,884,93.67848363260964,-25.776215666361512,0.44076666666666664
dqn,885,-28.179736799540063,-28.135572445118683,0.44013333333333327
dqn,886,68.80622013531527,-25.917228104215706,0.4395
dqn,887,-233.25610696809022,-29.587961642606782,0.43886666666666674
dqn,888,46.13156021851048,-23.17691809754532,0.43823333333333336
dqn,889,22.063645994216124,-22.888507556546767,0.4376000000000001
dqn,890,-25.932664332019176,-23.421097724772576,0.4369666666666667
dqn,891,-99.90135880078537,-24.51055613548954,0.43633333333333335
dqn,892,-98.93390514819336,-21.99767592425024,0.4357000000000001
dqn,893,-23.26232824471492,-23.720572176868195,0.4350666666666667
dqn,894,154.79238837653966,-15.463712740333621,0.43443333333333334
dqn,895,13.800983650385335,-13.140649669236891,0.4338000000000001
dqn,896,19.32705471161775,-11.751803631508485,0.4331666666666667
dqn,897,123.67186509707054,-7.699417607191451,0.4325333333333333
dqn,898,69.04343072015898,-2.5262459721211616,0.43190000000000006
dqn,899,-274.680445954439,-8.735282853817884,0.4312666666666667
dqn,900,49.83971099258405,-4.131889939859243,0.4306333333333333
dqn,901,-216.07391389267065,-6.237272827336621,0.43000000000000005
dqn,902,-64.88564926498536,-9.430434730973289,0.4293666666666667
dqn,903,-113.00486877848299,-11.746450689221081,0.4287333333333333
dqn,904,28.654653296859657,-11.818489228736642,0.42810000000000004
dqn,905,-28.587205505071022,-13.100406693645928,0.42746666666666666
dqn,906,80.74086381501563,-12.604742587874934,0.4268333333333333
dqn,907,-2.080501894329495,-13.776384343875486,0.4262
dqn,908,-10.024916499353656,-13.135627375793499,0.42556666666666665
dqn,909,113.57922759646915,-10.710100374922597,0.4249333333333334
dqn,910,-73.41454635216411,-13.22753590614573,0.4243
dqn,911,-124.3851529665621,-11.878777022916704,0.42366666666666664
dqn,912,-44.994762798556046,-11.64156404611068,0.4230333333333334
dqn,913,-1.0036343329089377,-11.659278223824465,0.4224
dqn,914,-279.03400461546204,-17.941301782074902,0.4217666666666666
dqn,915,-62.55338470755188,-22.39055562534204,0.42113333333333336
dqn,916,54.722174295556556,-20.09674321770684,0.4205
dqn,917,-266.6474344341815,-26.04484144526631,0.4198666666666667
dqn,918,28.900997962518666,-19.603514399768663,0.41923333333333346
dqn,919,60.24222612017679,-21.536441452285693,0.4186000000000001
dqn,920,72.33936440569344,-20.283956978951846,0.4179666666666667
dqn,921,35.071463670378265,-22.672498695073585,0.41733333333333344
dqn,922,-259.4037578167853,-28.033673731747996,0.41670000000000007
dqn,923,-74.98607344617383,-27.643150288956946,0.4160666666666667
dqn,924,-30.39180515183623,-29.93439667539085,0.41543333333333343
dqn,925,-182.9498334025414,-33.84089005617047,0.41480000000000006
dqn,926,30.221744788188506,-33.759268632121405,0.4141666666666667
dqn,927,37.649016006984716,-34.2961599515455,0.4135333333333334
dqn,928,72.66288008656996,-29.882373072159794,0.41290000000000004
dqn,929,112.10513303097044,-28.363933062532407,0.41226666666666667
dqn,930,-21.99198087634716,-29.11433515436805,0.4116333333333334
dqn,931,-238.42967767409678,-31.082497152151635,0.41100000000000003
dqn,932,128.1485534869369,-29.31174405178053,0.41036666666666666
dqn,933,-46.99883997950354,-28.195896970920394,0.4097333333333334
dqn,934,131.15524331044634,-27.44636177736366,0.4091
dqn,935,2.485963644815342,-26.833047768476543,0.40846666666666664
dqn,936,-118.94058067419496,-30.587983784666754,0.4078333333333334
dqn,937,-104.49372041605888,-28.012736053626128,0.4072
dqn,938,8.937592332673287,-28.756615411342867,0.40656666666666663
dqn,939,-128.43900438787495,-31.766668418984686,0.40593333333333337
dqn,940,18.31616173352563,-30.881691897673797,0.4053
dqn,941,9.127272145745318,-28.70111927874318,0.4046666666666666
dqn,942,154.05679257953628,-23.64130532418859,0.40403333333333336
dqn,943,-5.074292560461178,-23.277544610503515,0.4034
dqn,944,-69.57261948648565,-27.76484476776402,0.4027666666666666
dqn,945,29.566463298195803,-27.449535174807806,0.40213333333333334
dqn,946,-138.35002384468427,-30.603076745933848,0.4015000000000001
dqn,947,106.03590960437076,-30.95579585578785,0.4008666666666667
dqn,948,89.3957220000003,-30.548750030191027,0.40023333333333344
dqn,949,133.33761698628786,-22.388388771376484,0.39960000000000007
dqn,950,-93.73590903324133,-25.25990117189299,0.3989666666666667
dqn,951,42.69855396674291,-20.084451814704718,0.39833333333333343
dqn,952,21.531073181913616,-18.356117365766742,0.39770000000000005
dqn,953,-97.01902848619754,-18.03640055992103,0.3970666666666667
dqn,954,-171.83752978089277,-22.04624422147608,0.3964333333333334
dqn,955,206.28529064593704,-17.348794298455918,0.39580000000000004
dqn,956,-9.951980771502814,-19.16265119018629,0.39516666666666667
dqn,957,-108.46941893159327,-21.290429530931565,0.3945333333333334
dqn,958,33.07481979654347,-20.428434805013623,0.39390000000000003
dqn,959,-50.85729869641794,-23.717165330871367,0.39326666666666665
dqn,960,15.176074334970492,-21.94535291712867,0.3926333333333334
dqn,961,198.05357328255872,-15.496578392146256,0.392
dqn,962,-60.303852676530404,-15.802760189705742,0.39136666666666664
dqn,963,165.06676264601208,-12.481352250127323,0.3907333333333334
dqn,964,-53.19670094322116,-7.964606176682504,0.3901
dqn,965,-179.59029114306026,-10.305344305392673,0.3894666666666666
dqn,966,-27.53323345681613,-11.950452460440124,0.38883333333333336
dqn,967,71.11088189451912,-5.195286133866111,0.3882
dqn,968,-116.15070917253047,-8.096320276567097,0.3875666666666666
dqn,969,-33.430008480536976,-9.96976496858137,0.38693333333333335
dqn,970,88.53908889825681,-9.645770478730105,0.3863
dqn,971,58.47203207416223,-9.177759110654423,0.3856666666666667
dqn,972,74.90257287372287,-2.4916324968442614,0.38503333333333334
dqn,973,76.06414402136856,0.5293718525065859,0.38439999999999996
dqn,974,66.25552279926838,2.4623184115286763,0.3837666666666667
dqn,975,57.68410538820169,7.274997187343541,0.3831333333333333
dqn,976,137.74773293996574,9.425516950379086,0.38250000000000006
dqn,977,-44.646966109263154,7.77959730805413,0.3818666666666668
dqn,978,101.248953466671,8.351318775656146,0.3812333333333334
dqn,979,-151.46354004732783,3.079945314090182,0.38060000000000005
dqn,980,110.27965983120912,5.7253781282413065,0.3799666666666668
dqn,981,21.621780571179873,10.926407293146843,0.3793333333333334
dqn,982,-95.9275145943088,6.4448859315219265,0.37870000000000004
dqn,983,87.63743999387754,9.137611530989549,0.3780666666666668
dqn,984,28.571591161831456,7.08593848801725,0.3774333333333334
dqn,985,77.5898014831451,8.588015244783845,0.3768
dqn,986,46.57096055881669,11.898246069444077,0.37616666666666676
dqn,987,-156.8980252323362,10.850159973118531,0.3755333333333334
dqn,988,-2.038061099436656,10.630646904476334,0.3749
dqn,989,-10.796402877677291,12.983498934680288,0.37426666666666675
dqn,990,44.5130536064072,13.507436772137918,0.3736333333333334
dqn,991,-193.34154148108527,9.458060499601306,0.373
dqn,992,-133.21932303120357,3.7125381873865098,0.37236666666666673
dqn,993,-122.83437175580765,1.3573366034795802,0.37173333333333336
dqn,994,-22.304759491073607,2.3026938033878213,0.3711
dqn,995,-278.3059518904199,-3.854754500384493,0.3704666666666667
dqn,996,-11.79052841690287,-1.3235645918288652,0.36983333333333335
dqn,997,-14.966280419804878,-3.7436083923123773,0.3692
dqn,998,36.750540080039045,-4.796512030711602,0.3685666666666667
dqn,999,-49.627447352086385,-8.455813317479087,0.36793333333333333
dqn,1000,-112.45242218440004,-8.830143580502261,0.36729999999999996
dqn,1001,-224.32190874908753,-14.170552834818869,0.3666666666666667
dqn,1002,-85.86122181746457,-16.318398734806433,0.3660333333333333
dqn,1003,69.63677715315818,-12.98528262201932,0.36539999999999995
dqn,1004,6.51317155687407,-9.418268595263983,0.3647666666666667
dqn,1005,-221.3657200747698,-17.97128880967812,0.3641333333333333
dqn,1006,-117.4126475751544,-20.120502145751153,0.36350000000000005
dqn,1007,0.06977699081556682,-17.949718227302977,0.3628666666666668
dqn,1008,156.28451443346864,-15.485524334564476,0.3622333333333334
dqn,1009,-4.26240219262457,-14.553626404488604,0.36160000000000003
dqn,1010,-248.7526802517624,-19.832201496223263,0.36096666666666677
dqn,1011,47.51042141258954,-22.843064533622645,0.3603333333333334
dqn,1012,-168.80808017596394,-25.013149083611314,0.3597
dqn,1013,-291.1125437723349,-34.136735211978255,0.35906666666666676
dqn,1014,-142.47808826810672,-35.92236295847597,0.3584333333333334
dqn,1015,-164.0673694202197,-35.61190452401915,0.3578
dqn,1016,3.4526076171374345,-34.992187702540086,0.35716666666666674
dqn,1017,104.0660400901535,-34.333084538627396,0.35653333333333337
dqn,1018,-61.76986420484977,-33.245467639273784,0.3559
dqn,1019,125.34525206015834,-30.069962428459874,0.35526666666666673
dqn,1020,-110.8467183191701,-34.05767857280842,0.35463333333333336
dqn,1021,5.7035514543136525,-35.113048185205386,0.354
dqn,1022,97.54606155281974,-34.66017841162346,0.3533666666666667
dqn,1023,61.47580940165178,-34.95194510401779,0.35273333333333334
dqn,1024,-11.484016945413885,-36.50673589891144,0.35209999999999997
dqn,1025,19.583209256204235,-37.26875382155138,0.3514666666666667
dqn,1026,131.35106577015074,-37.39668716494768,0.35083333333333333
dqn,1027,-18.844835318349762,-36.880644549129414,0.35019999999999996
dqn,1028,32.75497476270724,-38.25052412320869,0.3495666666666667
dqn,1029,-24.125303168684802,-35.70375938563582,0.3489333333333333
dqn,1030,-0.6161146179046083,-37.921674874618105,0.34829999999999994
dqn,1031,28.36639611732725,-37.786782563695155,0.3476666666666667
dqn,1032,43.02848297692174,-35.00766261227054,0.3470333333333333
dqn,1033,-295.108856333146,-42.662588538811015,0.34640000000000004
dqn,1034,162.1500488616847,-39.991019384813946,0.34576666666666667
dqn,1035,-207.65365735691677,-45.695888561615185,0.3451333333333333
dqn,1036,38.92453841650655,-45.848817004461395,0.34450000000000003
dqn,1037,-80.53599590017136,-44.321576417818086,0.34386666666666676
dqn,1038,-42.596541511830495,-45.13274602606596,0.3432333333333334
dqn,1039,-139.86228700369807,-47.71406370858637,0.3426000000000001
dqn,1040,84.47100603501927,-46.91490466001414,0.34196666666666675
dqn,1041,-189.65916208489767,-46.841257072090386,0.3413333333333334
dqn,1042,-190.42578126501098,-47.98538623676654,0.3407000000000001
dqn,1043,51.1071909366208,-44.50655498291797,0.34006666666666674
dqn,1044,-57.706535078756154,-45.21459049467161,0.33943333333333336
dqn,1045,-94.30942758876934,-41.5346600086386,0.3388000000000001
dqn,1046,-79.8506949664867,-42.895863339630274,0.3381666666666667
dqn,1047,69.2515062496011,-41.21150760624216,0.33753333333333335
dqn,1048,-204.24319646326575,-46.031382337108255,0.3369000000000001
dqn,1049,-0.24399720750693368,-45.04371333421666,0.3362666666666667
dqn,1050,-295.72979409685547,-48.709260772465775,0.33563333333333334
dqn,1051,12.144990100943344,-43.979922795465164,0.3350000000000001
dqn,1052,0.36312860511546186,-42.25543578701357,0.3343666666666667
dqn,1053,-70.55770910050971,-45.059325512086915,0.3337333333333333
dqn,1054,-2.400657022878334,-45.23760208368198,0.33310000000000006
dqn,1055,-290.3568597023626,-46.61742487623383,0.3324666666666667
dqn,1056,194.08254611674113,-40.38752100239592,0.3318333333333333
dqn,1057,-133.0662059656441,-43.050240661525116,0.33120000000000005
dqn,1058,-114.9539080939074,-48.47500911207264,0.3305666666666667
dqn,1059,-178.61707215410496,-51.962102511302234,0.3299333333333333
dqn,1060,-171.32680474943194,-50.41358500125563,0.32930000000000004
dqn,1061,-87.25938947736456,-53.10898121905471,0.32866666666666666
dqn,1062,213.78254598645154,-45.457168695806395,0.3280333333333333
dqn,1063,-199.19466871129532,-43.618811194585604,0.3274
dqn,1064,-323.05370636779935,-47.230323556579464,0.32676666666666665
dqn,1065,79.31861464771993,-42.362603875220664,0.3261333333333333
dqn,1066,73.04957346485156,-40.97066455826638,0.3255
dqn,1067,-129.33906955306568,-45.63876675113077,0.32486666666666675
dqn,1068,-1.04666805756721,-44.42430282818513,0.3242333333333334
dqn,1069,-0.43473619902790495,-46.93990259336885,0.3236000000000001
dqn,1070,-72.99196987157248,-46.18280762441689,0.32296666666666674
dqn,1071,-60.547456100025,-47.507827775503664,0.32233333333333336
dqn,1072,50.85075666635299,-48.441733873233005,0.3217000000000001
dqn,1073,-100.72532220414651,-51.68575650534896,0.3210666666666667
dqn,1074,-5.345643910480733,-51.562989044650294,0.32043333333333335
dqn,1075,-109.15868971865535,-54.13782702414749,0.3198000000000001
dqn,1076,0.15107530202740563,-56.76182683350996,0.3191666666666667
dqn,1077,53.446892415535515,-55.315992278832255,0.31853333333333333
dqn,1078,3.6675147543213553,-55.897741478999976,0.31790000000000007
dqn,1079,104.77793805413219,-53.31967665454363,0.3172666666666667
dqn,1080,-37.11488796951085,-54.04965212157576,0.3166333333333333
dqn,1081,-285.94032547106065,-60.335786553343524,0.31600000000000006
dqn,1082,134.50327992224518,-58.50629061443704,0.3153666666666667
dqn,1083,102.22582797318971,-50.55959692831033,0.3147333333333333
dqn,1084,-49.292007035804026,-54.788438046260104,0.31410000000000005
dqn,1085,73.17112582622073,-49.171942382597365,0.31346666666666667
dqn,1086,62.14020819535979,-48.707628987020286,0.3128333333333333
dqn,1087,40.38095853422226,-46.28928989833242,0.31220000000000003
dqn,1088,-8.941487788234243,-45.61618882386049,0.31156666666666666
dqn,1089,40.062959638053705,-42.01768389102546,0.3109333333333333
dqn,1090,-144.83334600641498,-46.60377093185415,0.3103
dqn,1091,94.74276949533414,-40.91573230024951,0.30966666666666665
dqn,1092,8.832513788991603,-36.930566399169464,0.30903333333333327
dqn,1093,-115.01632779919757,-40.253036773885825,0.3084
dqn,1094,-26.245318879909004,-39.62381244990889,0.30776666666666663
dqn,1095,21.66320888842699,-37.30435972036496,0.30713333333333337
dqn,1096,-161.7082984984588,-38.9415117910044,0.3065
dqn,1097,-7.494732180326108,-40.47643655960294,0.30586666666666673
dqn,1098,-140.36396773114967,-39.19885198496062,0.30523333333333347
dqn,1099,-289.1777964201841,-44.97752796921416,0.3046000000000001
dqn,1100,4.14211983580969,-38.98008969056086,0.3039666666666667
dqn,1101,-158.98108957423528,-42.40261128406444,0.30333333333333345
dqn,1102,-128.9375792333199,-44.98862544083314,0.3027000000000001
dqn,1103,29.955778149001063,-42.97835569584292,0.3020666666666667
dqn,1104,-317.7172006364037,-49.28468656811342,0.30143333333333344
dqn,1105,-348.2897470944627,-50.44334431595543,0.30080000000000007
dqn,1106,175.34835521133712,-50.8180281340635,0.3001666666666667
dqn,1107,143.12083088715247,-45.29428739700759,0.29953333333333343
dqn,1108,-32.439429884272464,-43.64399783281488,0.29890000000000005
dqn,1109,-170.9720216405445,-43.49109682254367,0.2982666666666667
dqn,1110,67.01251437903656,-38.7243104399743,0.2976333333333334
dqn,1111,-89.40822755876815,-38.76728720160238,0.29700000000000004
dqn,1112,-88.0913635645267,-44.80476539262193,0.29636666666666667
dqn,1113,-41.82624180322356,-41.6573968544605,0.2957333333333334
dqn,1114,104.62956541599891,-33.103731418784534,0.29510000000000003
dqn,1115,76.67961849183887,-33.15651134190215,0.29446666666666665
dqn,1116,57.12715179588863,-33.47495977528142,0.2938333333333334
dqn,1117,-64.5656046479286,-32.179490477178675,0.2932
dqn,1118,12.676852845518605,-31.905020059116964,0.29256666666666664
dqn,1119,28.00718791254629,-31.336181576885473,0.2919333333333334
dqn,1120,-15.973901124993281,-30.195820201953893,0.2913
dqn,1121,-125.4528935341219,-31.493928950635823,0.29066666666666663
dqn,1122,65.17202150967611,-31.207503653769365,0.29003333333333337
dqn,1123,-35.535110281072186,-29.903699415307873,0.2894
dqn,1124,-155.36046366252958,-32.90399581034885,0.2887666666666666
dqn,1125,64.43454227226069,-29.432131170530532,0.28813333333333335
dqn,1126,-4.509439537615345,-29.525341467323397,0.2875000000000001
dqn,1127,180.50199167426726,-26.98423948214876,0.2868666666666667
dqn,1128,76.47495123653161,-25.528090752504554,0.28623333333333345
dqn,1129,37.05198285865147,-26.88260985641417,0.2856000000000001
dqn,1130,-24.153925562501232,-26.62339060827398,0.2849666666666667
dqn,1131,-11.273074055332774,-21.130045579959415,0.28433333333333344
dqn,1132,-4.571225017188812,-23.911535678748095,0.28370000000000006
dqn,1133,101.68365868273986,-23.922379064557095,0.2830666666666667
dqn,1134,-16.454134273817562,-23.265621609317368,0.2824333333333334
dqn,1135,73.62753237912743,-23.25649347825923,0.28180000000000005
dqn,1136,65.31551135492549,-23.19298741506792,0.2811666666666667
dqn,1137,-92.82005722204609,-25.85700773019328,0.2805333333333334
dqn,1138,-24.945339062160407,-26.177084755671803,0.27990000000000004
dqn,1139,116.84139753456125,-24.641515997741653,0.27926666666666666
dqn,1140,62.21389025269547,-20.500571272559444,0.2786333333333334
dqn,1141,108.17095226224245,-20.232007617221278,0.278
dqn,1142,-23.803194158099114,-20.88472177616309,0.27736666666666665
dqn,1143,55.49725757452274,-17.474450068688686,0.2767333333333334
dqn,1144,132.6712734922581,-14.296118221245344,0.2761
dqn,1145,69.56484369811209,-13.338085525051643,0.27546666666666664
dqn,1146,116.00975911435981,-7.783724372795273,0.2748333333333334
dqn,1147,94.91658361605727,-5.735498056867608,0.2742
dqn,1148,5.555192990382826,-2.817114842436955,0.2735666666666666
dqn,1149,8.884288442991329,3.1441268548265513,0.27293333333333336
dqn,1150,29.346926148223062,3.648222981074821,0.2723
dqn,1151,-28.380145868220477,6.260241855195115,0.2716666666666666
dqn,1152,-91.73533760316703,7.0042866877981735,0.27103333333333335
dqn,1153,43.09903532175317,7.267151831253213,0.2704
dqn,1154,46.161974713161754,14.544735338244525,0.2697666666666666
dqn,1155,-68.94716231037114,20.13158703392636,0.26913333333333334
dqn,1156,-10.292952295060672,16.4187608837984,0.26850000000000007
dqn,1157,27.803746001947268,14.112419186094296,0.2678666666666667
dqn,1158,-163.27846022702806,11.495638579239184,0.26723333333333343
dqn,1159,-148.7577887415778,11.939923237218517,0.26660000000000006
dqn,1160,-111.24998796585203,8.374673190320747,0.2659666666666668
dqn,1161,-11.503096580937031,9.932775809877368,0.2653333333333334
dqn,1162,76.69879032883652,13.228578887744634,0.26470000000000005
dqn,1163,-181.51807858756106,10.434742152057881,0.2640666666666668
dqn,1164,64.80332081898206,9.638217260117548,0.2634333333333334
dqn,1165,-204.67843158248837,4.011056258631002,0.26280000000000003
dqn,1166,125.38658835499331,5.376244989813095,0.26216666666666677
dqn,1167,-32.98168980550487,6.00792328666157,0.2615333333333334
dqn,1168,-46.86718930602318,4.817042443630734,0.2609
dqn,1169,10.645048887823933,4.469799663136285,0.26026666666666676
dqn,1170,25.74206745601932,5.304119034756536,0.2596333333333334
dqn,1171,113.92243511173437,10.091625607673663,0.259
dqn,1172,-33.83397868917861,8.11150560369657,0.25836666666666674
dqn,1173,59.49026945187496,10.012013198355511,0.25773333333333337
dqn,1174,-194.23266266846412,9.234569218236821,0.2571
dqn,1175,94.90907961994425,9.84405996519049,0.25646666666666673
dqn,1176,-271.4816135995361,4.504616483952077,0.25583333333333336
dqn,1177,-84.09416397688007,-0.7873066290708678,0.2552
dqn,1178,-107.76929957871756,-4.472191645375851,0.2545666666666667
dqn,1179,70.8353203413447,-3.7965248957219866,0.25393333333333334
dqn,1180,29.51957236055308,-2.7230549372609003,0.25329999999999997
dqn,1181,-298.9332690143615,-8.476258836441476,0.2526666666666667
dqn,1182,111.92761394531986,-6.146282057191302,0.25203333333333333
dqn,1183,39.22510027917657,-7.395453225262566,0.25139999999999996
dqn,1184,-25.168601449345505,-7.569742568773124,0.2507666666666667
dqn,1185,156.53232615194884,-5.911646693316698,0.2501333333333333
dqn,1186,45.73244968311389,-6.303307926752931,0.24950000000000006
dqn,1187,-124.96909345700078,-6.946288651452025,0.2488666666666668
dqn,1188,21.443710096869776,-6.01850766827142,0.24823333333333342
dqn,1189,-116.68496412118361,-10.689034901386316,0.24760000000000004
dqn,1190,-69.66283178215248,-13.326569342083276,0.24696666666666678
dqn,1191,77.67190785916156,-13.936550230144896,0.2463333333333334
dqn,1192,-95.50114566974372,-15.370509260377789,0.24570000000000003
dqn,1193,-93.71293785375369,-18.354713168943317,0.24506666666666677
dqn,1194,48.28966521267143,-20.04234533453505,0.2444333333333334
dqn,1195,74.06598991329662,-19.95232241023136,0.24380000000000002
dqn,1196,15.364428125812763,-21.965229030002302,0.24316666666666675
dqn,1197,-124.85424928784946,-26.36064568808043,0.24253333333333338
dqn,1198,128.92480727952235,-23.893253402297642,0.2419
dqn,1199,162.14919627761296,-20.827955245605207,0.24126666666666674
dqn,1200,108.2186505979677,-19.25052075661032,0.24063333333333337
dqn,1201,100.37654418992476,-16.675386955447415,0.24
dqn,1202,58.02598774805159,-13.680160448423043,0.23936666666666673
dqn,1203,84.98876745821352,-12.842365805693834,0.23873333333333335
dqn,1204,42.71933320672163,-12.911218635822639,0.23809999999999998
dqn,1205,31.568662833305428,-10.900902132949104,0.23746666666666671
dqn,1206,153.77500326867545,-7.619543021674386,0.23683333333333334
dqn,1207,101.58061064079541,-6.144005728897419,0.23619999999999997
dqn,1208,12.909179767005243,-2.620252929016755,0.2355666666666667
dqn,1209,26.108658886204594,0.8770760235388948,0.23493333333333333
dqn,1210,125.2238185814502,5.60655215448494,0.23429999999999995
dqn,1211,-228.88915496548898,1.2588309867939023,0.2336666666666667
dqn,1212,-6.562236287436818,-0.4063895455315648,0.23303333333333331
dqn,1213,88.92630770802184,5.002498180380094,0.23239999999999994
dqn,1214,1.305490144132706,3.7325415668831066,0.23176666666666668
dqn,1215,65.64180413228304,9.138946281178532,0.2311333333333333
dqn,1216,215.53698522476597,10.941954218573988,0.23050000000000004
dqn,1217,166.77092570872233,14.937006528858529,0.22986666666666677
dqn,1218,-28.14979345512509,15.311354445876493,0.2292333333333334
dqn,1219,-142.1744032710775,12.254965402698463,0.22860000000000003
dqn,1220,-14.913375629226547,11.441856540993546,0.22796666666666676
dqn,1221,126.63774962993897,11.696162831357634,0.2273333333333334
dqn,1222,-310.9637705250091,6.153566994641024,0.22670000000000012
dqn,1223,-52.72354268881829,3.909290751827162,0.22606666666666675
dqn,1224,42.5793373587979,8.645530752372402,0.22543333333333337
dqn,1225,-10.89206511332355,6.5295078577070464,0.2248000000000001
dqn,1226,-322.43546308624923,5.5104308679727865,0.22416666666666674
dqn,1227,-170.5651599293648,3.7810109489230914,0.22353333333333336
dqn,1228,-38.63519130110256,5.1636931144753895,0.2229000000000001
dqn,1229,101.58871896387907,5.778761086926076,0.22226666666666672
dqn,1230,43.327343814203694,6.054916515999089,0.22163333333333335
dqn,1231,-228.9345023324798,7.4548918496367245,0.22100000000000009
dqn,1232,19.5337963993596,5.6070154987175185,0.2203666666666667
dqn,1233,-44.55936047004316,3.9313262837331227,0.21973333333333334
dqn,1234,99.33399442908441,6.42137820130172,0.21910000000000007
dqn,1235,105.462901294042,5.399989704143582,0.2184666666666667
dqn,1236,-162.19812649380796,1.241378180605147,0.21783333333333332
dqn,1237,-24.74880812503627,3.245783887244436,0.21720000000000006
dqn,1238,-114.83883374321407,0.5201330104427595,0.21656666666666669
dqn,1239,72.16942553737901,4.29722080361401,0.2159333333333333
dqn,1240,-36.10945113481333,4.968288416560795,0.21530000000000005
dqn,1241,10.487983574888643,3.624609930875335,0.21466666666666667
dqn,1242,119.81733113420037,7.930979466954218,0.2140333333333333
dqn,1243,-54.22908262826266,8.720656571464035,0.21340000000000003
dqn,1244,31.51346976648488,8.385132662540308,0.21276666666666666
dqn,1245,56.4927450496606,8.033667765267587,0.21213333333333328
dqn,1246,-73.23732999517819,6.261632602847768,0.21150000000000002
dqn,1247,-64.63005912418492,7.466116406121057,0.21086666666666676
dqn,1248,12.531702706563458,5.138254314661881,0.21023333333333338
dqn,1249,-222.59771468493932,-2.5566839045891645,0.20960000000000012
dqn,1250,42.24229111858426,-3.876211094176833,0.20896666666666674
dqn,1251,-11.695728632665027,-6.1176565506286265,0.20833333333333337
dqn,1252,-48.92318964847183,-8.256640098559096,0.2077000000000001
dqn,1253,154.06480079475187,-6.875119431828328,0.20706666666666673
dqn,1254,60.75158909823727,-6.514474313998014,0.20643333333333336
dqn,1255,10.456640274608093,-6.93671476517196,0.2058000000000001
dqn,1256,131.02023049820852,-7.3918102205812986,0.20516666666666672
dqn,1257,-23.67759445277063,-9.89697432245262,0.20453333333333334
dqn,1258,2.576681706418304,-10.103624283664358,0.20390000000000008
dqn,1259,-240.77961896584677,-15.441389840705385,0.2032666666666667
dqn,1260,-139.61626962572916,-20.73819160484897,0.20263333333333333
dqn,1261,-201.217867788914,-20.184765861317473,0.20200000000000007
dqn,1262,-108.03306221520116,-22.214182379872764,0.2013666666666667
dqn,1263,-16.582633505534105,-24.324361204143884,0.20073333333333332
dqn,1264,-30.84670606640735,-24.96740512835468,0.20010000000000006
dqn,1265,24.32003104226992,-25.793840590154947,0.19946666666666668
dqn,1266,51.78186308056741,-29.068943033038913,0.1988333333333333
dqn,1267,99.24268300188027,-30.419507887175754,0.19820000000000004
dqn,1268,42.50558335205819,-29.006400351032088,0.19756666666666667
dqn,1269,-32.334014797963306,-26.80959258156981,0.1969333333333333
dqn,1270,-17.564858375252022,-26.86262223649032,0.19630000000000003
dqn,1271,-248.8404538250785,-34.37218630559067,0.19566666666666666
dqn,1272,76.25165617362217,-26.627877771618035,0.19503333333333328
dqn,1273,68.64254794638796,-24.20055595891391,0.19440000000000002
dqn,1274,-51.17287651532535,-26.075600236396376,0.19376666666666664
dqn,1275,-137.94084420283278,-28.61657581818656,0.19313333333333327
dqn,1276,-135.65708215811415,-24.881008199623867,0.1925
dqn,1277,76.36062761615153,-19.942492448713537,0.19186666666666674
dqn,1278,129.30534127125645,-16.583681797266355,0.19123333333333337
dqn,1279,-200.44915693901046,-22.624439315324153,0.1906000000000001
dqn,1280,-56.0663183361992,-24.612312558332206,0.18996666666666673
dqn,1281,-49.768644392388,-21.028995399530366,0.18933333333333335
dqn,1282,58.86069114238602,-20.242457504669844,0.1887000000000001
dqn,1283,3.0197100154730134,-19.29087609495951,0.18806666666666672
dqn,1284,-201.66089517672552,-25.31077388707571,0.18743333333333345
dqn,1285,167.77549060245775,-24.064522100907404,0.18680000000000008
dqn,1286,-78.68605413532443,-22.394280653737727,0.1861666666666667
dqn,1287,136.4942475089009,-19.169419541058986,0.18553333333333344
dqn,1288,18.334917574174536,-16.505944514711217,0.18490000000000006
dqn,1289,169.46680798707996,-14.559996865717194,0.1842666666666667
dqn,1290,-115.74518923859395,-16.152711627792808,0.18363333333333343
dqn,1291,-55.11231593332683,-17.464717617957117,0.18300000000000005
dqn,1292,-125.51847274165735,-22.37143369547427,0.18236666666666668
dqn,1293,133.68953061486732,-18.613061430611673,0.1817333333333334
dqn,1294,-75.9644723695363,-20.762620273332097,0.18110000000000004
dqn,1295,105.97912662733242,-19.772892641778654,0.18046666666666666
dqn,1296,-45.760996024565095,-19.223365962366394,0.1798333333333334
dqn,1297,-233.1074402847364,-22.592913585577424,0.17920000000000003
dqn,1298,85.94090805876164,-21.124729478533464,0.17856666666666665
dqn,1299,33.7302099757883,-15.998170985318911,0.1779333333333334
dqn,1300,23.760503676397416,-16.36780673416265,0.1773
dqn,1301,76.89189937741143,-14.596054173961118,0.17666666666666664
dqn,1302,-53.90555015349818,-14.695701384061646,0.17603333333333337
dqn,1303,-150.3761622366844,-20.78452064469037,0.1754
dqn,1304,98.56833243359986,-20.02818577798312,0.17476666666666663
dqn,1305,-147.71746808873434,-23.191667945249964,0.17413333333333336
dqn,1306,-234.4863488014573,-30.501799531243282,0.1735
dqn,1307,112.733037087531,-27.773586900437248,0.17286666666666672
dqn,1308,-219.11781909159393,-32.20747691639749,0.17223333333333346
dqn,1309,-75.40473575652064,-28.899979252210972,0.17160000000000009
dqn,1310,-140.22092338955287,-28.91207232748745,0.1709666666666667
dqn,1311,-125.30429844221806,-27.39380094055353,0.17033333333333345
dqn,1312,120.50107917275508,-22.823118112794408,0.16970000000000007
dqn,1313,-20.80626824146737,-22.90759080751307,0.1690666666666667
dqn,1314,-87.09790747718635,-24.032614835728644,0.16843333333333343
dqn,1315,-17.177082146189402,-24.86255709949783,0.16780000000000006
dqn,1316,140.76967178144398,-23.0828009254803,0.16716666666666669
dqn,1317,106.31623184427495,-22.94132994863241,0.16653333333333342
dqn,1318,-5.81205987104187,-23.90768281309441,0.16590000000000005
dqn,1319,73.00935399546405,-21.80081543722586,0.16526666666666667
dqn,1320,-69.55979521579266,-22.840714174036677,0.1646333333333334
dqn,1321,-216.26464466298478,-22.1891979907948,0.16400000000000003
dqn,1322,-75.45403220203238,-25.223311758307897,0.16336666666666666
dqn,1323,273.15139557622865,-21.13313480571108,0.1627333333333334
dqn,1324,0.5247182664229602,-20.099182910076117,0.16210000000000002
dqn,1325,-9.359932874266386,-17.527564683504785,0.16146666666666665
dqn,1326,34.341669620208826,-14.127589647938327,0.16083333333333338
dqn,1327,-1.582513882656113,-15.68645247791448,0.1602
dqn,1328,-149.93435881194335,-21.271246479578476,0.15956666666666663
dqn,1329,-158.38763844167522,-20.430016109631772,0.15893333333333337
dqn,1330,-37.164971715891,-20.05198917722561,0.1583
dqn,1331,90.63836468704285,-17.24384899563699,0.15766666666666662
dqn,1332,12.527182469977303,-18.170519169085164,0.15703333333333336
dqn,1333,63.14687041615859,-16.967975961071453,0.15639999999999998
dqn,1334,14.390584339020311,-12.646946370756542,0.1557666666666666
dqn,1335,-65.31204489444498,-17.308697080694593,0.15513333333333335
dqn,1336,39.49653553739187,-14.94504528724027,0.15450000000000008
dqn,1337,-31.5383853261804,-18.305697943941894,0.1538666666666667
dqn,1338,134.71835476802806,-15.978029200064825,0.15323333333333344
dqn,1339,-322.5034341880643,-25.817434043567715,0.15260000000000007
dqn,1340,-151.03454447785415,-26.523221148352913,0.1519666666666667
dqn,1341,-90.52457454266887,-27.231466320539752,0.15133333333333343
dqn,1342,34.55979550891436,-24.02990095552832,0.15070000000000006
dqn,1343,116.65125230718444,-24.370666521681983,0.15006666666666668
dqn,1344,-22.68201532126703,-23.305017380716595,0.14943333333333342
dqn,1345,212.04843103495395,-21.183631292564165,0.14880000000000004
dqn,1346,76.19009141855823,-18.744609543701692,0.14816666666666678
dqn,1347,112.72771107293737,-11.827906516548218,0.1475333333333334
dqn,1348,-146.59642648353125,-16.478653207394075,0.14690000000000003
dqn,1349,-84.24525378161324,-18.838162482542103,0.14626666666666677
dqn,1350,19.912549057639296,-18.915121574917265,0.1456333333333334
dqn,1351,180.0394752754717,-16.852170056956066,0.14500000000000002
dqn,1352,-50.75988223203889,-16.789256698526877,0.14436666666666675
dqn,1353,112.61932170090593,-11.529347019775068,0.14373333333333338
dqn,1354,73.21270279270847,-12.036459612592896,0.1431
dqn,1355,-52.38100148356644,-10.12973028048954,0.14246666666666674
dqn,1356,4.913811430781742,-5.3417270758447595,0.14183333333333337
dqn,1357,76.33678195388276,-6.069652178517725,0.1412
dqn,1358,-130.23298302121955,-4.291955457110236,0.14056666666666673
dqn,1359,-151.01709615568225,-5.8042026650934675,0.13993333333333335
dqn,1360,107.61741884170155,-0.8474358204683796,0.13929999999999998
dqn,1361,181.5372275435483,5.289394699246948,0.13866666666666672
dqn,1362,46.48744923499561,3.809122100491759,0.13803333333333334
dqn,1363,-26.32338446410708,3.6987797760389647,0.13739999999999997
dqn,1364,42.3665897444062,6.288069720470816,0.1367666666666667
dqn,1365,-59.35778841294572,5.44445559513569,0.13613333333333333
dqn,1366,138.7212217667147,5.403486594841103,0.13550000000000006
dqn,1367,123.55031772977064,5.748168312551017,0.1348666666666668
dqn,1368,161.43806285151126,9.09317076700208,0.13423333333333343
dqn,1369,26.520350012362478,8.163390687340048,0.13360000000000005
dqn,1370,115.12112703174513,11.857009132290802,0.1329666666666668
dqn,1371,14.69519351936168,16.47620589593773,0.1323333333333334
dqn,1372,66.47500418703663,19.31478662371911,0.13170000000000004
dqn,1373,-72.36556271924854,12.404447457809566,0.13106666666666678
dqn,1374,133.86269138618215,15.071206920204753,0.1304333333333334
dqn,1375,156.03566642562504,18.379118906202578,0.12980000000000003
dqn,1376,-46.74124004671512,16.757460712864102,0.12916666666666676
dqn,1377,-234.7203307172668,12.094704376171885,0.1285333333333334
dqn,1378,24.777185823200877,15.588935268874774,0.1279
dqn,1379,145.7318892089783,21.67132582188784,0.12726666666666675
dqn,1380,148.21003059848155,25.378825868175294,0.12663333333333338
dqn,1381,114.31499292059742,25.85235843284638,0.126
dqn,1382,77.35126490379214,27.148840081522675,0.12536666666666674
dqn,1383,86.3967339138977,27.61383735147746,0.12473333333333336
dqn,1384,113.62150395847934,29.598455743866637,0.12409999999999999
dqn,1385,99.665577271736,32.898008187190264,0.12346666666666672
dqn,1386,3.7215063725092135,32.18250760389261,0.12283333333333335
dqn,1387,28.145992797059794,33.37619516635741,0.12219999999999998
dqn,1388,177.32590441577645,34.22834615931238,0.12156666666666671
dqn,1389,30.849524541315454,41.29540533389997,0.12093333333333334
dqn,1390,18.81426208901016,44.69238146523727,0.12029999999999996
dqn,1391,73.18324983372382,47.96653795276512,0.1196666666666667
dqn,1392,-10.878013798236083,47.0577817666221,0.11903333333333332
dqn,1393,-148.09160839280267,41.762924552622366,0.11839999999999995
dqn,1394,-0.12709402937149428,42.21402297846028,0.11776666666666669
dqn,1395,54.53610649258065,39.06377648761281,0.11713333333333331
dqn,1396,-62.803753098870274,36.28389959726425,0.11650000000000005
dqn,1397,1.137583783013789,34.05209705146577,0.11586666666666678
dqn,1398,58.60531447864158,38.156131870709224,0.11523333333333341
dqn,1399,124.72573664426653,42.33555167922682,0.11460000000000004
dqn,1400,42.29455560632035,42.78319181020044,0.11396666666666677
dqn,1401,-29.69768723546912,38.58844855998163,0.1133333333333334
dqn,1402,35.58784238251699,40.31540305227274,0.11270000000000002
dqn,1403,196.85322087652074,42.000081035785044,0.11206666666666676
dqn,1404,-77.45896487631133,38.986647682404644,0.11143333333333338
dqn,1405,102.2568328655684,42.07940436938734,0.11080000000000001
dqn,1406,170.90386292712185,45.399205399314134,0.11016666666666675
dqn,1407,121.07647648411772,46.293999289918844,0.10953333333333337
dqn,1408,47.181026024051704,49.842279470824266,0.10890000000000011
dqn,1409,74.10107787744087,54.34464295148672,0.10826666666666673
dqn,1410,125.13621554218899,54.695018885496474,0.10763333333333336
dqn,1411,150.08419218494697,54.06595817832444,0.1070000000000001
dqn,1412,-161.73747406149207,49.90145971239471,0.10636666666666672
dqn,1413,202.7972531513869,54.48387246470458,0.10573333333333335
dqn,1414,184.49117887794623,57.32636424737538,0.10510000000000008
dqn,1415,152.3063447517806,61.559646910669905,0.10446666666666671
dqn,1416,128.20738802490047,61.34937023583362,0.10383333333333333
dqn,1417,192.0431699008032,62.71922727925428,0.10320000000000007
dqn,1418,-103.45939462421592,57.42127812973973,0.1025666666666667
dqn,1419,-11.901869965118513,56.65283373019011,0.10193333333333332
dqn,1420,183.70270353963198,58.02446526034785,0.10130000000000006
dqn,1421,-42.6058144737473,56.87844510048567,0.10066666666666668
dqn,1422,35.78722715616174,56.264689559868174,0.10003333333333331
dqn,1423,82.84468619469713,59.368894538147096,0.09940000000000004
dqn,1424,-84.6387781438303,54.99886514754684,0.09876666666666667
dqn,1425,101.64596129580526,53.91107104495044,0.0981333333333333
dqn,1426,142.7800740737235,57.70149732735921,0.09750000000000003
dqn,1427,-93.5488116772583,60.524927708159396,0.09686666666666677
dqn,1428,34.12968837538741,60.71197775920311,0.09623333333333339
dqn,1429,-49.500272138229015,56.80733453225898,0.09560000000000013
dqn,1430,121.30848562015193,56.26930363269237,0.09496666666666675
dqn,1431,65.92399848538379,55.3014837439881,0.09433333333333338
dqn,1432,-19.63987677369615,53.36166091043834,0.09370000000000012
dqn,1433,129.89364004026086,54.2315990329656,0.09306666666666674
dqn,1434,11.709825650831402,52.19336546681265,0.09243333333333337
dqn,1435,125.52763517065739,52.71060662479107,0.0918000000000001
dqn,1436,-11.10653027362952,52.41404589186829,0.09116666666666673
dqn,1437,175.78866848304057,55.3668994055879,0.09053333333333335
dqn,1438,-139.63687728235186,49.027643771625335,0.08990000000000009
dqn,1439,-0.008154123209173192,48.41049019833485,0.08926666666666672
dqn,1440,42.4978300798109,48.88416155815085,0.08863333333333334
dqn,1441,248.98896844542227,52.40027593038483,0.08800000000000008
dqn,1442,-0.09547735774427747,52.61592665919468,0.0873666666666667
dqn,1443,-74.48984221131218,54.08796198282449,0.08673333333333333
dqn,1444,-79.8667833402266,52.49316819660738,0.08610000000000007
dqn,1445,113.3419131914089,53.66928433058395,0.08546666666666669
dqn,1446,2.729870785731594,54.979956808275986,0.08483333333333332
dqn,1447,9.351007301734091,55.144225278650396,0.08420000000000005
dqn,1448,-6.230898295054789,53.847501023176456,0.08356666666666668
dqn,1449,123.0118537569144,53.813223365429415,0.0829333333333333
dqn,1450,27.607061532169553,53.519473483946406,0.08230000000000004
dqn,1451,-135.33874984748758,51.40665223170603,0.08166666666666667
dqn,1452,105.05263949177386,52.79594817389116,0.08103333333333329
dqn,1453,134.87302490591262,51.556344254479,0.08040000000000003
dqn,1454,35.0743748197425,53.807011048400085,0.07976666666666665
dqn,1455,101.31581056344517,53.788190602357616,0.07913333333333328
dqn,1456,45.77210287490246,51.28555540131323,0.07850000000000001
dqn,1457,-247.3281356938553,43.91746315775377,0.07786666666666675
dqn,1458,-38.615394675934766,42.201534743754046,0.07723333333333338
dqn,1459,-0.744827922546053,40.704616627754305,0.07660000000000011
dqn,1460,1.5319830204030955,38.23253197731858,0.07596666666666674
dqn,1461,40.618506230776,36.04321825823516,0.07533333333333336
dqn,1462,-233.71196170757426,34.60372850531352,0.0747000000000001
dqn,1463,32.88308577326054,31.20544515775099,0.07406666666666673
dqn,1464,121.3269677359643,29.942160934911353,0.07343333333333335
dqn,1465,-103.90093574265217,24.8180153250227,0.07280000000000009
dqn,1466,92.34100622427268,24.100687689010144,0.07216666666666671
dqn,1467,-191.2858435652132,16.434107419689816,0.07153333333333334
dqn,1468,-74.18162451316961,17.019662821910742,0.07090000000000007
dqn,1469,-103.12775944804083,15.195145032252293,0.0702666666666667
dqn,1470,94.60194747856963,13.413129911031046,0.06963333333333344
dqn,1471,56.27912193323185,15.390828639170632,0.06900000000000006
dqn,1472,18.10545635895238,15.037193223226446,0.06836666666666669
dqn,1473,-71.17309566434153,11.956837586045669,0.06773333333333342
dqn,1474,31.169935671064454,14.273011862343564,0.06710000000000005
dqn,1475,-17.79127671658752,11.884267102095707,0.06646666666666667
dqn,1476,-84.93535987817141,7.3299584230578105,0.06583333333333341
dqn,1477,21.244036524479476,9.625815387092565,0.06520000000000004
dqn,1478,156.6169828099245,12.07556127578331,0.06456666666666666
dqn,1479,180.59989602289792,16.677564639005848,0.0639333333333334
dqn,1480,-117.517541323413,11.90104410013455,0.06330000000000002
dqn,1481,-212.83487185186215,6.3258666933896315,0.06266666666666665
dqn,1482,82.45838710217049,8.367831970906963,0.062033333333333385
dqn,1483,-89.79204324296057,3.9741183052425333,0.06140000000000001
dqn,1484,45.347810205284944,4.646877996331604,0.060766666666666636
dqn,1485,54.262539127961965,3.2215760754776968,0.06013333333333337
dqn,1486,113.66136617029274,5.71693400435614,0.0595
dqn,1487,53.87040863647702,3.2785688074248687,0.058866666666666734
dqn,1488,-35.75684141124104,5.356169524847086,0.05823333333333347
dqn,1489,100.39278224047548,7.364188252120779,0.057600000000000096
dqn,1490,99.41734951928845,8.502578640910329,0.05696666666666672
dqn,1491,-8.219205934662993,3.3584151533086257,0.05633333333333346
dqn,1492,37.26603219621743,4.105645344387861,0.05570000000000008
dqn,1493,-156.9880689803887,2.45568080900633,0.05506666666666671
dqn,1494,-111.67900242725732,1.8194364272657149,0.054433333333333445
dqn,1495,229.37859442404596,4.140170051918457,0.05380000000000007
dqn,1496,5.538726966828711,4.1963471755404,0.053166666666666695
dqn,1497,-2.3708589280929298,3.961909850943856,0.05253333333333343
dqn,1498,51.73997286895412,5.121327274224034,0.05190000000000006
dqn,1499,78.2414655806107,4.22591951069796,0.05126666666666668
dqn,1500,-190.4339203172518,-0.13490012629046702,0.05063333333333342
dqn,1501,207.22576722357036,6.716390215130691,0.05
dqn,1502,192.2763612376396,8.460864650048004,0.05
dqn,1503,149.4122151507563,8.75164845494488,0.05
dqn,1504,18.645808067574734,8.423077119901523,0.05
dqn,1505,-14.573933381658062,6.105282240999462,0.05
dqn,1506,2.696115577691196,5.243762495055238,0.05
dqn,1507,178.7152030893252,13.764629270718844,0.05
dqn,1508,4.758598900238483,14.632109142242312,0.05
dqn,1509,179.65574351517574,18.240120570996748,0.05
dqn,1510,54.5692182223156,19.300865275034997,0.05
dqn,1511,86.32385528395011,20.214972256098477,0.05
dqn,1512,63.91809911473975,26.167573472544763,0.05
dqn,1513,79.4869584650555,27.099650926380658,0.05
dqn,1514,23.43562249428639,25.141824021547105,0.05
dqn,1515,-282.3455483306813,21.572931769786518,0.05
dqn,1516,1.3499253229309762,19.753110151759685,0.05
dqn,1517,207.26715509026383,27.724170124869225,0.05
dqn,1518,60.42803070752091,30.416363229283032,0.05
dqn,1519,225.20123352977006,36.98294308883926,0.05
dqn,1520,31.04511016763506,35.71180634262056,0.05
dqn,1521,133.0200605267126,37.24662511449018,0.05
dqn,1522,15.351041099142522,37.19153680929398,0.05
dqn,1523,-91.01440274686587,36.79471066764349,0.05
dqn,1524,-8.418440283617992,36.002943148549846,0.05
dqn,1525,-67.74971030120268,35.00377447685755,0.05
dqn,1526,254.93303986492376,41.80114247171944,0.05
dqn,1527,-175.32305655474954,37.86980061013486,0.05
dqn,1528,2.598175788029836,34.78942446969697,0.05
dqn,1529,44.411855365236214,32.06566365654374,0.05
dqn,1530,-124.63566241850965,31.923301234641805,0.05
dqn,1531,109.6452101226086,38.37290287413122,0.05
dqn,1532,7.600271303461493,36.875740558157034,0.05
dqn,1533,-129.6282318169571,36.07901678667711,0.05
dqn,1534,120.03421373393233,37.57274485725005,0.05
dqn,1535,54.481653371999464,37.577127142130806,0.05
dqn,1536,48.54333496924022,36.27476651810976,0.05
dqn,1537,-18.735805590972603,34.82264223356076,0.05
dqn,1538,51.5053879946473,36.56788682167853,0.05
dqn,1539,-83.03172895184235,32.89939659783217,0.05
dqn,1540,-35.696737330614795,30.197114860834112,0.05
dqn,1541,-19.704853877767516,29.967401901972018,0.05
dqn,1542,-30.233601765504336,28.61740922273758,0.05
dqn,1543,88.22966552335338,33.52176391281242,0.05
dqn,1544,-67.16006657593864,34.4121426298388,0.05
dqn,1545,110.32676154886587,32.0311059723352,0.05
dqn,1546,-116.20613932511834,29.59620864649626,0.05
dqn,1547,12.504360131811891,29.893713027694346,0.05
dqn,1548,12.291350809411547,29.1047405865035,0.05
dqn,1549,46.60851650315834,28.47208160495446,0.05
dqn,1550,166.0722475230953,35.6022049617614,0.05
dqn,1551,-233.63376433203499,26.785014330649282,0.05
dqn,1552,-62.591043551238016,21.68766623487173,0.05
dqn,1553,-98.88947715770615,16.72163238870249,0.05
dqn,1554,84.58126945694663,18.040341616489926,0.05
dqn,1555,-79.36642042732899,16.744491875576504,0.05
dqn,1556,-213.53240418015528,12.419921480419578,0.05
dqn,1557,-228.3643908137285,4.278329602358504,0.05
dqn,1558,79.57803797322799,5.774718383818294,0.05
dqn,1559,6.690293788602441,2.3154093892868253,0.05
dqn,1560,74.21564466215582,2.708337918083633,0.05
dqn,1561,-131.78986683121354,-1.653936524219642,0.05
dqn,1562,151.2748921897534,0.09319933728063176,0.05
dqn,1563,76.2336643982383,0.028133455944286255,0.05
dqn,1564,48.920696576421484,0.537834937586989,0.05
dqn,1565,23.153500138478528,6.647815906970186,0.05
dqn,1566,-81.5935275147019,4.988946850217527,0.05
dqn,1567,24.337885002436984,1.3303614484609891,0.05
dqn,1568,60.86140428998461,1.3390289201102623,0.05
dqn,1569,-116.68806605278641,-5.498757071540866,0.05
dqn,1570,95.13625035176209,-4.216934267858326,0.05
dqn,1571,-95.61959940600629,-8.789727466512705,0.05
dqn,1572,13.756529159431318,-8.821617705306927,0.05
dqn,1573,40.98068157792928,-6.181716018811025,0.05
dqn,1574,-122.72021048144154,-8.467751422767495,0.05
dqn,1575,19.417016152962113,-6.724416893684199,0.05
dqn,1576,77.70537925774636,-10.268970105827748,0.05
dqn,1577,192.38076270538994,-2.914893720624958,0.05
dqn,1578,164.82084792659157,0.3295597221462765,0.05
dqn,1579,47.114959597269305,0.3836218067869382,0.05
dqn,1580,53.66625977438428,3.9496602506448175,0.05
dqn,1581,195.93888594409518,5.6755337670745485,0.05
dqn,1582,-1.992025706842516,5.483687826868469,0.05
dqn,1583,54.33594177782132,9.162971298764036,0.05
dqn,1584,203.21334437407882,10.826553911566968,0.05
dqn,1585,-129.68755625317226,7.1431697190635335,0.05
dqn,1586,39.2309928898561,6.956922877475852,0.05
dqn,1587,-142.63994783457443,4.478840032603815,0.05
dqn,1588,-79.77814011802478,1.8531694703503725,0.05
dqn,1589,177.28325030218892,7.059469055431,0.05
dqn,1590,8.94869271494879,7.95237765634227,0.05
dqn,1591,-113.78858909810893,6.070702951935443,0.05
dqn,1592,76.32242014327956,8.201823390111118,0.05
dqn,1593,-136.3006668638158,3.711216742367737,0.05
dqn,1594,-111.0499717225911,2.8334186394346865,0.05
dqn,1595,182.7766792350025,4.28241699315742,0.05
dqn,1596,-150.79681315596227,3.5906035165405403,0.05
dqn,1597,-17.996791881465324,2.980580476274997,0.05
dqn,1598,53.171603675711275,3.7981855336009924,0.05
dqn,1599,-6.537530329678319,2.7352645969442597,0.05
dqn,1600,-87.11560317087527,-2.3284924169351524,0.05
dqn,1601,50.57813416276916,3.35574555296093,0.05
dqn,1602,32.853019212576854,5.26462680823723,0.05
dqn,1603,-227.48026829879436,2.6928109854154645,0.05
dqn,1604,70.05584650950085,2.4023025264665487,0.05
dqn,1605,96.53498378627994,5.920330610738727,0.05
dqn,1606,92.57253432654947,12.042429380872823,0.05
dqn,1607,43.0948402986831,17.471614003121054,0.05
dqn,1608,-63.7531873036214,14.604989497584068,0.05
dqn,1609,78.92376306691597,16.049658883150336,0.05
dqn,1610,-37.30836388221226,13.819178712262977,0.05
dqn,1611,-162.04502516342853,13.214075545618675,0.05
dqn,1612,-142.81247318725394,7.332328238078528,0.05
dqn,1613,-81.82774920216154,4.171099966070533,0.05
dqn,1614,174.38083670355144,6.680302768613131,0.05
dqn,1615,-52.330705175338835,5.170618662336783,0.05
dqn,1616,74.31404265636725,8.288770065758166,0.05
dqn,1617,-33.58840178870737,7.1302443299352785,0.05
dqn,1618,-107.55092771830918,3.761997689769403,0.05
dqn,1619,27.63996843557514,6.648558379536634,0.05
dqn,1620,-76.45739613659148,3.2166854497695607,0.05
dqn,1621,85.2898286637814,6.834874011165315,0.05
dqn,1622,34.79151894879734,7.255573806952636,0.05
dqn,1623,133.3338708748696,9.102637592891444,0.05
dqn,1624,-70.52807938068347,10.146480214906601,0.05
dqn,1625,135.584353186931,12.469826955585983,0.05
dqn,1626,31.07432279737397,11.537205826378532,0.05
dqn,1627,-72.48638291346009,6.239862914001534,0.05
dqn,1628,-142.51201484628544,0.09320565854399206,0.05
dqn,1629,67.61824551782824,0.5032713769551733,0.05
dqn,1630,-72.30711522710881,-2.0161961230746925,0.05
dqn,1631,95.80873936995089,-4.018799054557577,0.05
dqn,1632,5.244716355380933,-3.874064213313103,0.05
dqn,1633,-116.5894468633028,-7.292571986135588,0.05
dqn,1634,66.67382410616811,-10.0233623914938,0.05
dqn,1635,126.83376145086199,-4.892936037413119,0.05
dqn,1636,-155.06529705690204,-8.778861836348279,0.05
dqn,1637,32.82108475626052,-5.269641184531582,0.05
dqn,1638,137.72392926557868,-0.9195997968595129,0.05
dqn,1639,111.41345375176134,-2.2369957278680648,0.05
dqn,1640,-69.9389640392089,-3.814748862951219,0.05
dqn,1641,51.511948493267404,-0.5087381111236933,0.05
dqn,1642,111.4297907010421,0.19340930003155676,0.05
dqn,1643,-78.7318876274053,1.3447848847597677,0.05
dqn,1644,56.77584314129073,4.7013011820374055,0.05
dqn,1645,23.49784424157801,1.5157244821689155,0.05
dqn,1646,-188.93370669666072,0.7529866113549463,0.05
dqn,1647,-84.35810316041805,-0.5742396142241071,0.05
dqn,1648,-99.63740732921536,-3.6304198343226393,0.05
dqn,1649,19.397065146899976,-3.1117279247910723,0.05
dqn,1650,151.96330575884232,1.6698502538032758,0.05
dqn,1651,116.17478366275778,2.9817832438030507,0.05
dqn,1652,-91.03305661126961,0.5040617273261208,0.05
dqn,1653,-250.89707653904622,0.03572556252108257,0.05
dqn,1654,167.93256681678784,1.9932599686668204,0.05
dqn,1655,-54.86862270883181,-1.0348121612354126,0.05
dqn,1656,-85.268899989917,-4.5916408475647446,0.05
dqn,1657,68.8934652364981,-4.075668348808444,0.05
dqn,1658,57.18512294184642,-1.6569021438990887,0.05
dqn,1659,-75.41709396092627,-4.743719284455932,0.05
dqn,1660,-86.27035611601272,-5.722959129131941,0.05
dqn,1661,-111.22983818278357,-4.7066553895190415,0.05
dqn,1662,97.12699638254058,0.09213400187684868,0.05
dqn,1663,-17.293044711569486,1.38282809168869,0.05
dqn,1664,-138.86541411997496,-4.882096924781837,0.05
dqn,1665,80.35442622722569,-2.2283942967305457,0.05
dqn,1666,-66.6856425375802,-5.048388000609495,0.05
dqn,1667,141.94019000787688,-1.5378161646778086,0.05
dqn,1668,-155.87033887933538,-2.504204387898332,0.05
dqn,1669,93.1219405197327,-1.1945649462151813,0.05
dqn,1670,184.33930114516016,4.021368999419852,0.05
dqn,1671,-133.41559011697862,-0.35273937619535045,0.05
dqn,1672,61.51501325959584,0.18173051002062052,0.05
dqn,1673,110.61885489760796,-0.27256980952461246,0.05
dqn,1674,117.38083821722408,3.4856085424335386,0.05
dqn,1675,155.3508297772884,3.880938074240686,0.05
dqn,1676,-204.5613272448347,-0.8317749266034883,0.05
dqn,1677,83.35020268493984,2.2849567853645136,0.05
dqn,1678,-212.54674139925365,0.8842622543051454,0.05
dqn,1679,161.13976698788423,2.7546926837062675,0.05
dqn,1680,127.2045485860466,6.744925959969374,0.05
dqn,1681,96.66997106380114,6.76215059384638,0.05
dqn,1682,-70.4620947718829,5.248014371301102,0.05
dqn,1683,-50.08859451350331,6.578031418297092,0.05
dqn,1684,-95.10568805664285,3.342441175040873,0.05
dqn,1685,117.96716080091221,3.1651091620418765,0.05
dqn,1686,-153.89752539602588,3.1884645952594,0.05
dqn,1687,27.245690953282097,3.0769567191998304,0.05
dqn,1688,165.54444012994975,3.633366936487251,0.05
dqn,1689,-9.38406021614386,1.21741665712915,0.05
dqn,1690,-64.0983016139089,1.33422990563515,0.05
dqn,1691,34.4244930076697,0.9924807959231963,0.05
dqn,1692,109.01109738405559,0.9441069295834648,0.05
dqn,1693,-192.5619638410941,-1.3324945946903106,0.05
dqn,1694,12.324954008496757,-2.2215123773461887,0.05
dqn,1695,172.07503040775228,0.7500313459772979,0.05
dqn,1696,119.76299417377518,6.923965363386016,0.05
dqn,1697,48.20876661993163,9.575302758993008,0.05
dqn,1698,-24.433782030685197,11.079375264963614,0.05
dqn,1699,-198.92557970032678,6.712922368019078,0.05
dqn,1700,-108.69559336721943,1.4997443854978423,0.05
dqn,1701,26.86016020926806,-0.2865480835719524,0.05
dqn,1702,119.79778164754869,3.930068681604412,0.05
dqn,1703,173.2525369644933,12.413060951675202,0.05
dqn,1704,63.069692614644616,10.315803467632335,0.05
dqn,1705,82.47163532457165,13.062608628300405,0.05
dqn,1706,-19.220970593393552,14.383567216230876,0.05
dqn,1707,-78.42151583416151,11.437267594817683,0.05
dqn,1708,-77.24566499817787,8.748651836017197,0.05
dqn,1709,64.54292418597412,11.547852198955207,0.05
dqn,1710,27.86526218868465,13.830564565049153,0.05
dqn,1711,-88.4730661475451,14.285700005753922,0.05
dqn,1712,57.014552999156265,13.483451138086238,0.05
dqn,1713,82.04653021237415,15.470242636565112,0.05
dqn,1714,91.83214899315134,20.084193898827635,0.05
dqn,1715,-134.68304478930457,15.783444478497032,0.05
dqn,1716,144.72715365328568,20.011700402314347,0.05
dqn,1717,-120.43335894847937,14.764229423187224,0.05
dqn,1718,179.80974329232345,21.4778310666204,0.05
dqn,1719,17.251172649979864,19.960415709225344,0.05
dqn,1720,98.78812051068674,18.249392096535875,0.05
dqn,1721,23.16939395238771,21.381091777923203,0.05
dqn,1722,173.7748287112096,23.626288086955483,0.05
dqn,1723,131.55374600382896,24.0449859090799,0.05
dqn,1724,123.06207809207565,24.158610706576933,0.05
dqn,1725,86.8344082608246,22.78828227624765,0.05
dqn,1726,151.65301120201883,29.91256904518473,0.05
dqn,1727,85.9654512276041,29.96487401603801,0.05
dqn,1728,13.40569067030559,34.48392265742919,0.05
dqn,1729,52.21803900266848,32.305488097724876,0.05
dqn,1730,200.68807606861068,33.77515864737616,0.05
dqn,1731,127.51550181393779,34.39206926237889,0.05
dqn,1732,131.61230540825898,38.433557265981726,0.05
dqn,1733,129.52355222166605,42.02580020068512,0.05
dqn,1734,82.4512467304042,45.576938896426064,0.05
dqn,1735,-38.164133111276286,42.45431301818228,0.05
dqn,1736,-118.60959648458274,43.16007159641115,0.05
dqn,1737,-106.32666107213345,40.48862455590283,0.05
dqn,1738,78.32245217294336,38.74418479676271,0.05
dqn,1739,-81.434625380048,37.30317349348463,0.05
dqn,1740,-32.03487068715495,37.94444211201971,0.05
dqn,1741,-126.41961942687027,34.727559863328906,0.05
dqn,1742,99.33490884348353,34.53403609251747,0.05
dqn,1743,-140.27672655531137,35.57974083823312,0.05
dqn,1744,40.55720698518403,36.14438589776686,0.05
dqn,1745,139.45948680133915,35.4920750256386,0.05
dqn,1746,-46.28157322582744,32.171183677646546,0.05
dqn,1747,46.69314920603987,32.140871329368714,0.05
dqn,1748,40.6009211825456,33.44156539363333,0.05
dqn,1749,180.16703199346688,41.023417627509204,0.05
dqn,1750,-76.98499974260727,41.65762950000145,0.05
dqn,1751,122.94802941667326,43.57938688414956,0.05
dqn,1752,30.413716790055112,41.79170558699969,0.05
dqn,1753,3.6369759490205813,38.39939436669023,0.05
dqn,1754,27.406390885777125,37.68612833211288,0.05
dqn,1755,145.94966002783474,38.95568882617815,0.05
dqn,1756,-124.7627868035228,36.84485250197556,0.05
dqn,1757,24.049209757588013,38.89426701381055,0.05
dqn,1758,-82.64987113000696,38.786182891173965,0.05
dqn,1759,134.12775539508058,40.177879515356096,0.05
dqn,1760,4.672345626535035,39.7140211841131,0.05
dqn,1761,107.06335962113702,43.624749699486735,0.05
dqn,1762,49.40115809411819,43.47248180138598,0.05
dqn,1763,-138.52674979261374,39.06101620128623,0.05
dqn,1764,-24.678811042515708,36.73079700057288,0.05
dqn,1765,74.60363783516817,40.91653065306234,0.05
dqn,1766,44.29116706185853,38.90781092123379,0.05
dqn,1767,35.205678350265636,42.0205916672087,0.05
dqn,1768,44.90720147475971,39.32254083085741,0.05
dqn,1769,-134.4139779328455,36.289237819200906,0.05
dqn,1770,-52.55872532489912,33.262300902489194,0.05
dqn,1771,81.45926192409219,34.42809826192328,0.05
dqn,1772,203.80465275767608,35.02869474285262,0.05
dqn,1773,121.69660113960119,34.83155184556806,0.05
dqn,1774,-44.77057749397694,31.47489873384701,0.05
dqn,1775,-91.03347021503185,27.91754116432987,0.05
dqn,1776,98.23645316345855,26.849210003558667,0.05
dqn,1777,61.42268501359881,26.358354679278563,0.05
dqn,1778,-20.155478998507512,25.687131285902307,0.05
dqn,1779,55.780358979498814,25.758377685438905,0.05
dqn,1780,11.110777073047707,21.966831705527646,0.05
dqn,1781,132.82431322037922,22.073007933656477,0.05
dqn,1782,249.62683003847945,24.43329842626089,0.05
dqn,1783,-92.81442091761119,19.986538963475347,0.05
dqn,1784,-4.348901643029719,18.250535996006665,0.05
dqn,1785,41.857906198615325,19.850976782204494,0.05
dqn,1786,-114.78862951994489,19.92739612149726,0.05
dqn,1787,36.815043583182195,22.79023021460357,0.05
dqn,1788,-11.374864935411374,20.996283872436475,0.05
dqn,1789,60.93337171239414,23.843643814285315,0.05
dqn,1790,-94.88893143441153,22.586562599340187,0.05
dqn,1791,94.97693999300502,27.014493787737692,0.05
dqn,1792,-192.67053675514038,21.174384875765213,0.05
dqn,1793,-126.23619800603356,21.455195446750768,0.05
dqn,1794,-67.25361659604405,19.298978975126204,0.05
dqn,1795,0.528555467162694,16.52036034844268,0.05
dqn,1796,-16.807549551498145,17.109840821929264,0.05
dqn,1797,-82.65057899640532,14.522966257880363,0.05
dqn,1798,-99.65784149968668,11.717791004235712,0.05
dqn,1799,-78.71480033685232,6.540154357629332,0.05
dqn,1800,-127.41325606275004,5.531589231226476,0.05
dqn,1801,-38.442559312346,2.3037774566460896,0.05
dqn,1802,-71.65063225154061,0.262490475814175,0.05
dqn,1803,51.14608097654665,1.2126725763646968,0.05
dqn,1804,-46.21679477691848,-0.2597911368892153,0.05
dqn,1805,-87.84364310332187,-4.935657199512348,0.05
dqn,1806,172.16468740079722,1.0028922845740524,0.05
dqn,1807,-67.26548924521884,-0.823401695482084,0.05
dqn,1808,-73.78678466582525,-0.6461399661984489,0.05
dqn,1809,153.83713463715426,-0.2519523813569765,0.05
dqn,1810,47.35863181825594,0.6017733424774407,0.05
dqn,1811,115.72977164914916,0.7751015830376852,0.05
dqn,1812,77.8741489632943,1.3445614004212063,0.05
dqn,1813,-34.83617863967275,3.4183728234800275,0.05
dqn,1814,205.33281002096055,8.018605244749551,0.05
dqn,1815,35.47702980349947,7.236073084116178,0.05
dqn,1816,11.729377927774763,6.584837301434502,0.05
dqn,1817,-156.881528470418,2.7430931650208312,0.05
dqn,1818,141.64395380635474,4.677828211652729,0.05
dqn,1819,4.115674114618633,7.448421252602011,0.05
dqn,1820,-113.2145170341107,6.235305418417779,0.05
dqn,1821,-109.3382910983998,2.4193543579679395,0.05
dqn,1822,-12.559452406013255,-1.907927745305847,0.05
dqn,1823,-271.1709875896651,-9.765279519891173,0.05
dqn,1824,147.42728100833654,-5.921322349844903,0.05
dqn,1825,-106.04213514946011,-6.221495648533469,0.05
dqn,1826,-13.585529697694485,-8.457935305756525,0.05
dqn,1827,-99.69730762175159,-11.680335158463535,0.05
dqn,1828,52.75122699991753,-10.222201038495031,0.05
dqn,1829,1.9718179584886428,-11.298371858915237,0.05
dqn,1830,-94.47925620911136,-13.410172524558416,0.05
dqn,1831,-15.894275802840571,-16.38454430502281,0.05
dqn,1832,-100.81776807961823,-23.393436267384764,0.05
dqn,1833,-145.86130357311427,-24.45437392049483,0.05
dqn,1834,68.42720166902261,-22.99885185425378,0.05
dqn,1835,33.48858434521646,-23.16623829132176,0.05
dqn,1836,-49.54008916638849,-21.861267484250632,0.05
dqn,1837,122.09189140521848,-20.155730527809904,0.05
dqn,1838,54.42338424956015,-18.839765544110477,0.05
dqn,1839,56.14726968850262,-18.935487584588305,0.05
dqn,1840,-126.00606452719927,-19.557830246444063,0.05
dqn,1841,153.29738303038692,-18.39142138569642,0.05
dqn,1842,-64.99605655179933,-15.837931781629607,0.05
dqn,1843,-52.6447048901801,-14.366101919312536,0.05
dqn,1844,-40.585893693025895,-13.832747461252175,0.05
dqn,1845,187.54759819050972,-10.092366606785234,0.05
dqn,1846,-14.786660904899156,-10.051948833853254,0.05
dqn,1847,-152.07226055401466,-11.440382465005438,0.05
dqn,1848,67.45395871907269,-8.098146460630254,0.05
dqn,1849,-23.858207181268632,-7.001014597518579,0.05
dqn,1850,60.795817794437895,-3.2368331203748197,0.05
dqn,1851,-33.380748010340035,-3.135596894334701,0.05
dqn,1852,-93.79705724323439,-3.578525394168577,0.05
dqn,1853,-29.453961284816614,-5.190526239395841,0.05
dqn,1854,-61.4406366057892,-5.495003075973256,0.05
dqn,1855,15.587573527146745,-3.4263787433638835,0.05
dqn,1856,52.58243961359574,-5.818023699107913,0.05
dqn,1857,28.721154851282186,-3.8982908171778905,0.05
dqn,1858,-92.25651015674867,-4.26768532699636,0.05
dqn,1859,-261.47809207217034,-12.573989861182852,0.05
dqn,1860,-106.88663386980994,-15.658895174944169,0.05
dqn,1861,-245.35184494587836,-22.880527506844718,0.05
dqn,1862,40.758005194402415,-23.62285038222256,0.05
dqn,1863,20.987117613097777,-22.50638445716715,0.05
dqn,1864,-103.42358025463363,-28.681512262679036,0.05
dqn,1865,-89.1474101157188,-31.1740010610634,0.05
dqn,1866,87.56605237189004,-29.657267572181095,0.05
dqn,1867,-47.601214549517245,-27.471661293763077,0.05
dqn,1868,27.919626959843207,-29.746147830693303,0.05
dqn,1869,71.09270283905356,-28.4066072562046,0.05
dqn,1870,88.20883849262563,-24.37814014566988,0.05
dqn,1871,90.25332193999219,-20.38630788490204,0.05
dqn,1872,-322.345417470765,-26.582027186197074,0.05
dqn,1873,-149.26644707920516,-24.143936375987877,0.05
dqn,1874,-51.17064724836991,-28.115894941122004,0.05
dqn,1875,-59.63907235817272,-27.18783368529626,0.05
dqn,1876,68.58996809978652,-25.544323729346637,0.05
dqn,1877,53.53099051823868,-22.479757766546832,0.05
dqn,1878,61.35474666937607,-22.30768737315766,0.05
dqn,1879,72.20330259056608,-20.90305768051611,0.05
dqn,1880,-125.27584475763253,-21.518989451486537,0.05
dqn,1881,294.4866248662725,-15.311371438104274,0.05
dqn,1882,129.6048873660981,-10.702918329189949,0.05
dqn,1883,7.264406047744866,-7.640404136772766,0.05
dqn,1884,-86.76327272581878,-10.744213624669591,0.05
dqn,1885,79.13345497380506,-9.831316212097821,0.05
dqn,1886,85.07701382320933,-7.138974152305862,0.05
dqn,1887,7.487870537037491,-9.431054569669483,0.05
dqn,1888,87.5994698669053,-8.767532857322582,0.05
dqn,1889,9.226153802029858,-9.705955175052036,0.05
dqn,1890,9.04836827895205,-7.004866518929008,0.05
dqn,1891,14.364978881137281,-9.783514601914002,0.05
dqn,1892,56.82456483372715,-7.347102174203473,0.05
dqn,1893,23.52260365894799,-5.823756003220911,0.05
dqn,1894,43.3796494054457,-4.144445141251481,0.05
dqn,1895,-75.54040325211017,-9.406205170103876,0.05
dqn,1896,45.48819010868915,-8.200708149832112,0.05
dqn,1897,33.78113293138807,-4.4836402801240585,0.05
dqn,1898,180.96937579896888,-2.2133319385261347,0.05
dqn,1899,-9.886313288582476,-1.93389406067241,0.05
dqn,1900,-243.85826297818943,-8.026975676124957,0.05
dqn,1901,164.32363226041048,-4.072888070709946,0.05
dqn,1902,224.2620725085405,2.288294524325551,0.05
dqn,1903,62.557659186094085,4.128526933743766,0.05
dqn,1904,104.55335064112164,7.448406678681981,0.05
dqn,1905,-103.62908040939233,5.064073599951203,0.05
dqn,1906,105.38116133045477,6.120048034288382,0.05
dqn,1907,38.16050866081725,6.308835110479084,0.05
dqn,1908,81.31294616254279,9.780224236864912,0.05
dqn,1909,-33.32906706704492,14.34320473696742,0.05
dqn,1910,40.65446032925384,17.2940266209487,0.05
dqn,1911,-49.14741779514532,21.218115163963358,0.05
dqn,1912,212.40637107165634,24.65108248150844,0.05
dqn,1913,4.702313277157804,24.32538639478964,0.05
dqn,1914,-48.1228633742059,25.431400732398192,0.05
dqn,1915,-2.4874827416892478,27.16459927987878,0.05
dqn,1916,150.56516585221098,28.4245815494852,0.05
dqn,1917,-65.4110983074135,28.068383874327278,0.05
dqn,1918,163.58334238901767,30.781658182910764,0.05
dqn,1919,181.7823983786335,32.99545209370236,0.05
dqn,1920,-124.47185238129609,28.74183827622393,0.05
dqn,1921,-60.890924997968256,25.718953337464722,0.05
dqn,1922,-7.242513361541888,32.02101141964918,0.05
dqn,1923,-101.71789056335793,32.971982549966135,0.05
dqn,1924,20.83223530932997,34.41204020112012,0.05
dqn,1925,-103.57139469006513,33.53339375448228,0.05
dqn,1926,-77.80092203583672,30.60557595176981,0.05
dqn,1927,41.577656115420055,30.366509263713446,0.05
dqn,1928,50.363193840628995,30.146678207138496,0.05
dqn,1929,137.62231431378942,31.455058441602972,0.05
dqn,1930,28.527840873784132,34.531132154231294,0.05
dqn,1931,29.112092596787857,29.223641508841606,0.05
dqn,1932,-132.91009199409325,23.973341921637775,0.05
dqn,1933,-106.5927864887945,21.696198070906995,0.05
dqn,1934,-108.04605603519676,21.270542404719432,0.05
dqn,1935,-23.291835217120774,19.222036600900914,0.05
dqn,1936,31.502060999426554,18.15053754442526,0.05
dqn,1937,0.5035605465644122,18.010851344615798,0.05
dqn,1938,-106.82074659465283,14.12244701538463,0.05
dqn,1939,81.74179975512602,15.572759934446555,0.05
dqn,1940,-110.62605549859386,13.179271458895641,0.05
dqn,1941,-62.54085076004998,11.641154866071894,0.05
dqn,1942,-68.97427573357795,9.12517805472579,0.05
dqn,1943,-25.486435125084437,8.144997279045143,0.05
dqn,1944,-84.19156802291384,5.593572930477954,0.05
dqn,1945,30.08778346819507,7.706136664884059,0.05
dqn,1946,-38.44249974510586,6.027522867808159,0.05
dqn,1947,-17.989320556443964,4.992113798051518,0.05
dqn,1948,44.77924564622276,2.268311194996597,0.05
dqn,1949,93.06255797403288,4.327288620248903,0.05
dqn,1950,118.43928935795931,11.57323966697188,0.05
dqn,1951,110.08538209611258,10.488474663685917,0.05
dqn,1952,57.92297548718079,7.161692723258725,0.05
dqn,1953,22.602371993877586,6.362586979414393,0.05
dqn,1954,34.39609998446377,4.959441966281236,0.05
dqn,1955,-73.13946968848347,5.569234180699414,0.05
dqn,1956,131.38402130062684,6.089291380102854,0.05
dqn,1957,21.543791020736897,5.756957027301248,0.05
dqn,1958,63.857345396122454,5.4078450119728405,0.05
dqn,1959,171.66594192475492,9.50774519180884,0.05
dqn,1960,-82.10010734975619,7.052653838228639,0.05
dqn,1961,54.57958716774549,9.127193937486458,0.05
dqn,1962,56.626988168854155,6.011606279430413,0.05
dqn,1963,76.98829294001501,7.457325872687558,0.05
dqn,1964,-47.335413354491564,7.473074873081845,0.05
dqn,1965,71.47002477004077,8.952225023316444,0.05
dqn,1966,-24.0906826850304,5.459108052571617,0.05
dqn,1967,-16.388796345577425,6.439554091808338,0.05
dqn,1968,-219.20223035697956,-1.2161573631116074,0.05
dqn,1969,-54.43729008478817,-5.940551132380042,0.05
dqn,1970,-22.73965318797962,-3.9059071485137133,0.05
dqn,1971,140.56934851565558,0.12329832175876276,0.05
dqn,1972,164.11867999829298,3.5505221889554592,0.05
dqn,1973,-49.67213138988232,4.591437372424972,0.05
dqn,1974,-34.31951722053139,3.488402321827744,0.05
dqn,1975,60.38671446541583,6.767564504937363,0.05
dqn,1976,-48.309162581439786,7.357399694025301,0.05
dqn,1977,-103.74628345979391,4.450920902521025,0.05
dqn,1978,59.19615127418728,4.62758005119219,0.05
dqn,1979,-129.26333199529256,-0.7101328749894492,0.05
dqn,1980,-148.40491092354404,-4.248787910936013,0.05
dqn,1981,-54.946677112257746,-5.9299633051169245,0.05
dqn,1982,-29.035902898920952,-3.8524795232134785,0.05
dqn,1983,-192.74531823985282,-5.575530158234645,0.05
dqn,1984,50.31795175855762,-2.4082500023595568,0.05
dqn,1985,28.611056484451765,-1.3701921683281066,0.05
dqn,1986,-49.85488852482082,-2.9973311588130525,0.05
dqn,1987,-4.491205246494393,-3.0972264746742297,0.05
dqn,1988,151.59094415972504,2.071007340413329,0.05
dqn,1989,173.4935998815543,3.9060433429418935,0.05
dqn,1990,249.42577514160612,11.107079955745894,0.05
dqn,1991,11.58884272523943,12.589673825451678,0.05
dqn,1992,26.326188217897542,14.495683104481193,0.05
dqn,1993,78.467457276365,16.57476095251018,0.05
dqn,1994,-101.59992443028251,16.22659382436281,0.05
dqn,1995,62.00306714269191,16.86489949785274,0.05
dqn,1996,109.54266894766162,19.82460287170809,0.05
dqn,1997,67.1219749939348,21.526828782715665,0.05
dqn,1998,-82.73907917087556,18.976462286373703,0.05
dqn,1999,49.296658520997724,18.101144297313,0.05
dqn,2000,-118.64995278057954,13.359359454542222,0.05
dqn,2001,-24.396926252360075,10.669713287572769,0.05
dqn,2002,77.0127595237993,11.051508968305138,0.05
dqn,2003,236.0444749869734,15.320351028167057,0.05
dqn,2004,-189.00016696142075,10.852425689249365,0.05
dqn,2005,63.81957628509595,13.591606608720957,0.05
dqn,2006,50.50458849187504,11.97401795254592,0.05
dqn,2007,139.9643335041274,14.342428802213727,0.05
dqn,2008,54.415975277825645,14.153601399847792,0.05
dqn,2009,29.899141198164898,11.318265385315993,0.05
dqn,2010,-5.101107217153904,12.858245387968037,0.05
dqn,2011,-159.00592758466038,8.586535092919918,0.05
dqn,2012,-19.685900096610887,7.060277327610618,0.05
dqn,2013,1.567391931792776,5.551859307446172,0.05
dqn,2014,-174.24387823985785,3.0136900097388457,0.05
dqn,2015,-33.09112019724918,0.9224671103930479,0.05
dqn,2016,78.04690848543984,2.9652189338024515,0.05
dqn,2017,68.79831780720654,4.668961216858131,0.05
dqn,2018,-75.21795309851979,7.548646762027328,0.05
dqn,2019,131.6397145504014,11.270186854731119,0.05
dqn,2020,51.03756318834025,12.745731182257519,0.05
dqn,2021,-3.5771309582215767,9.862801592779974,0.05
dqn,2022,-172.51125869950116,3.130202818824092,0.05
dqn,2023,19.965211084756387,4.5229496683168655,0.05
dqn,2024,-45.330618922105025,4.302727634285392,0.05
dqn,2025,42.477792679376584,3.9445491985646077,0.05
dqn,2026,29.492406704501857,5.50058058428344,0.05
dqn,2027,-92.05916647949448,5.734322923889429,0.05
dqn,2028,-8.818949000462073,4.374020918396441,0.05
dqn,2029,241.11484650275068,11.781584488357307,0.05
dqn,2030,192.08996363546913,18.59148197953757,0.05
dqn,2031,-1.131879978185859,19.667777922219006,0.05
dqn,2032,-111.30150154075228,18.02246594938238,0.05
dqn,2033,-41.48431352969466,21.047686043585546,0.05
dqn,2034,6.594495163039536,20.17321691167518,0.05
dqn,2035,102.1564459577379,21.64412470114091,0.05
dqn,2036,122.38640498194644,25.08895057127625,0.05
dqn,2037,86.8598646687026,26.915971969580195,0.05
dqn,2038,200.59697332478586,27.89609255288141,0.05
dqn,2039,94.94139338130319,26.32504842287639,0.05
dqn,2040,154.38386468351695,24.424210213714602,0.05
dqn,2041,106.02636817001373,26.312960722610086,0.05
dqn,2042,-12.402483248382076,25.53838729328449,0.05
dqn,2043,41.83557561892208,24.80574966013564,0.05
dqn,2044,58.49990281491925,28.00774620503967,0.05
dqn,2045,126.18349102172078,29.29135468262025,0.05
dqn,2046,84.85712454130365,28.797643794493087,0.05
dqn,2047,-56.9518971583421,26.316166351447556,0.05
dqn,2048,-45.31294735642535,27.064688987736552,0.05
dqn,2049,-85.35765005662226,24.37160281618415,0.05
dqn,2050,91.9932248200238,28.58446636819622,0.05
dqn,2051,-28.695160205301356,28.498501689137402,0.05
dqn,2052,90.26467752189963,28.7635400490994,0.05
dqn,2053,2.983803180038581,24.102326612960706,0.05
dqn,2054,189.24620740834467,31.66725410035601,0.05
dqn,2055,-35.18640201335512,29.687134534386992,0.05
dqn,2056,75.21141902145762,30.181271144978645,0.05
dqn,2057,160.1179297472174,30.584343069840447,0.05
dqn,2058,73.29620356914533,30.961947635666842,0.05
dqn,2059,-98.5648250482493,28.392668310738554,0.05
dqn,2060,-125.34314102105932,25.987827634660444,0.05
dqn,2061,-1.3577129944382267,29.140791926464885,0.05
dqn,2062,-7.508520093170904,29.38433952653369,0.05
dqn,2063,35.709162213783216,30.067174932173497,0.05
dqn,2064,-54.83720731569799,32.45530835065669,0.05
dqn,2065,110.09670824411502,35.319064919483985,0.05
dqn,2066,121.70678321414715,36.192262414058135,0.05
dqn,2067,84.90691183885855,36.51443429469117,0.05
dqn,2068,89.07141538047861,39.800221664271135,0.05
dqn,2069,171.97335007622718,40.60689437478765,0.05
dqn,2070,148.2820778365535,42.55178466775192,0.05
dqn,2071,15.610233906929567,42.935531965054935,0.05
dqn,2072,48.57946429967633,47.357346425038486,0.05
dqn,2073,-51.97840084732975,45.918474186396764,0.05
dqn,2074,95.61946068338273,48.73747577850652,0.05
dqn,2075,-155.4179667419396,44.7795605900802,0.05
dqn,2076,-23.405486192696333,43.72160273213623,0.05
dqn,2077,-88.1565969043149,43.79965412363983,0.05
dqn,2078,105.93482557889946,46.09472961522705,0.05
dqn,2079,140.4105445815523,44.080643576803084,0.05
dqn,2080,25.770979520391503,40.754263894501534,0.05
dqn,2081,31.13526000077103,41.39960669408067,0.05
dqn,2082,81.06725637252741,45.24698185234626,0.05
dqn,2083,227.0516515121661,50.61770115318348,0.05
dqn,2084,44.61437582967449,51.37809876651619,0.05
dqn,2085,87.80252936073313,51.09102043457607,0.05
dqn,2086,4.603985146331502,48.73537203786378,0.05
dqn,2087,22.354075458994682,47.44525625366963,0.05
dqn,2088,-72.58565087285903,41.98160376971674,0.05
dqn,2089,112.85659040957437,42.33990771028215,0.05
dqn,2090,264.5053642290703,44.542337701193226,0.05
dqn,2091,15.061462618809337,42.72303959016914,0.05
dqn,2092,48.042640106468845,43.93194205726616,0.05
dqn,2093,2.5342956061023525,43.145916457009754,0.05
dqn,2094,201.99596799267658,46.0158377605649,0.05
dqn,2095,-54.586441365174466,42.40043911282701,0.05
dqn,2096,114.32851577715799,42.989866937544086,0.05
dqn,2097,154.9579496359016,47.22806387342896,0.05
dqn,2098,157.70088468575466,51.28834051427257,0.05
dqn,2099,-4.106591737940432,52.913361680646204,0.05
dqn,2100,28.608630265709486,51.64566978955992,0.05
dqn,2101,181.65876293889693,55.85274825244388,0.05
dqn,2102,81.27886691771032,55.67303204036009,0.05
dqn,2103,206.2199325148304,59.73775462705593,0.05
dqn,2104,138.48532580439223,58.72253699497688,0.05
dqn,2105,-33.75643989428832,58.75113623735822,0.05
dqn,2106,-83.75028355685654,55.571902185791934,0.05
dqn,2107,18.599058545454874,52.74152476175667,0.05
dqn,2108,99.95454252521945,53.27469154087816,0.05
dqn,2109,36.484215074231045,55.97567234332777,0.05
dqn,2110,123.15189089228716,60.945572981594694,0.05
dqn,2111,120.76394564498797,63.38800615438322,0.05
dqn,2112,144.33435477456848,66.42486365173801,0.05
dqn,2113,172.01937585379792,69.1510679245383,0.05
dqn,2114,66.51965758864253,71.57820522262512,0.05
dqn,2115,-4.0552059631146635,69.29516693848052,0.05
dqn,2116,-4.481036970778948,66.77141053478199,0.05
dqn,2117,289.6906753737038,70.8670858054789,0.05
dqn,2118,-95.60092577608748,67.17363898234758,0.05
dqn,2119,-24.42209384503864,63.24573010392227,0.05
dqn,2120,10.87120918192035,60.497512730829605,0.05
dqn,2121,-16.82103060673052,59.8488874405564,0.05
dqn,2122,-154.0343334064197,55.796611486434486,0.05
dqn,2123,111.08951593150032,59.05796982201108,0.05
dqn,2124,-60.98558897057631,55.9258688289319,0.05
dqn,2125,-5.842575559067444,58.91737665258935,0.05
dqn,2126,194.36034380252187,63.27269325249371,0.05
dqn,2127,96.18166859973972,66.9594585625748,0.05
dqn,2128,4.9013604513752025,64.93878926002431,0.05
dqn,2129,1.4003172809733624,62.15858471401274,0.05
dqn,2130,97.73817378182885,63.597928599241484,0.05
dqn,2131,76.3954905027636,64.50313320928132,0.05
dqn,2132,62.929761184291344,64.14038330551661,0.05
dqn,2133,103.1570968440497,61.662492212154284,0.05
dqn,2134,-153.34055758525332,57.703393543855725,0.05
dqn,2135,129.72979604636882,58.54193887756845,0.05
dqn,2136,21.75613747265819,58.88498192409498,0.05
dqn,2137,28.465889261493466,59.00721820014496,0.05
dqn,2138,-1.041989994229059,60.43809141771755,0.05
dqn,2139,137.46108269323977,60.93018126339087,0.05
dqn,2140,-70.28276418570906,54.234418695095286,0.05
dqn,2141,-26.37383273497083,53.405712788019684,0.05
dqn,2142,40.09910018884714,53.24684198966724,0.05
dqn,2143,163.3573763400607,56.4633036043464,0.05
dqn,2144,81.15855870573621,54.046555418607596,0.05
dqn,2145,176.14507635122843,58.66118577293565,0.05
dqn,2146,14.784744321863833,56.67031034382977,0.05
dqn,2147,-50.557328177432105,52.560004787563095,0.05
dqn,2148,-216.66407811285436,45.07270553159091,0.05
dqn,2149,65.84652420659148,46.47176785048155,0.05
dqn,2150,95.85112200996474,47.816617685366666,0.05
dqn,2151,-137.76795873548093,41.42808325187911,0.05
dqn,2152,196.9819730246006,43.7421453740169,0.05
dqn,2153,-82.39877475905676,37.96977122853916,0.05
dqn,2154,25.114974129430237,35.70236419503992,0.05
dqn,2155,78.06496332809223,37.938792259487535,0.05
dqn,2156,-278.56788242259285,34.042440282172805,0.05
dqn,2157,139.3892817346052,36.45824474595581,0.05
dqn,2158,138.49222827023792,37.22899846085618,0.05
dqn,2159,72.78909015575788,37.955095962486716,0.05
dqn,2160,0.8807076820062689,35.509672298281096,0.05
dqn,2161,44.52117503402734,33.98481688606189,0.05
dqn,2162,143.10434651828874,33.960216720936295,0.05
dqn,2163,60.18298062236657,31.723488816307672,0.05
dqn,2164,59.63704255768092,31.585836515688435,0.05
dqn,2165,-65.70616019274694,30.35281743109579,0.05
dqn,2166,75.61988136820412,31.954835797875457,0.05
dqn,2167,122.7945556384569,28.616913403170514,0.05
dqn,2168,41.62428203510533,31.361417559394372,0.05
dqn,2169,10.575084743215248,32.06136113115945,0.05
dqn,2170,-27.63896530644189,31.291157641392207,0.05
dqn,2171,76.71948092517502,33.161967872030324,0.05
dqn,2172,127.62066683575902,38.795067876873894,0.05
dqn,2173,127.7215161132538,39.12770788050896,0.05
dqn,2174,90.96731361926518,42.166765932305786,0.05
dqn,2175,-94.33819827909001,40.39685347790534,0.05
dqn,2176,-42.50614893262573,35.65952362320238,0.05
dqn,2177,8.879891302219281,33.91348807725198,0.05
dqn,2178,140.20987442507752,36.61965835672602,0.05
dqn,2179,39.52541053512301,37.382160221809016,0.05
dqn,2180,138.29875398253176,38.19337182582307,0.05
dqn,2181,55.73717899847576,37.780205595737314,0.05
dqn,2182,-55.54718740133577,35.41066662402478,0.05
dqn,2183,61.21327612482311,34.57179020964024,0.05
dqn,2184,27.707648831516945,38.19275433797565,0.05
dqn,2185,141.30398142477986,38.42423804554387,0.05
dqn,2186,-347.31134490848365,31.042888397921033,0.05
dqn,2187,-273.0365737234164,25.012839138222844,0.05
dqn,2188,87.20317304925132,26.77774239909245,0.05
dqn,2189,69.38705313583935,25.416261807944437,0.05
dqn,2190,94.13449105487199,28.704606912756052,0.05
dqn,2191,142.51128717375028,32.08230931093048,0.05
dqn,2192,8.570104000856654,31.451729387170673,0.05
dqn,2193,109.83555248351946,30.381292910039843,0.05
dqn,2194,24.95793218597892,29.257280379644698,0.05
dqn,2195,102.92290574558535,27.79283696753183,0.05
dqn,2196,76.1851068800598,29.020844218695757,0.05
dqn,2197,140.5324596001807,32.842639974248,0.05
dqn,2198,76.05693515623226,38.69706023962974,0.05
dqn,2199,102.99397130717166,39.440009181641344,0.05
dqn,2200,49.439524940359775,38.511777240249245,0.05
